=== karate ===
2026-09-16 02:14:51 INFO run source_karate_20260916T021451Z_3177 started, dir=/home/user/trace_e/results/runs/source_karate_20260916T021451Z_3177
2026-09-16 02:14:51 INFO network karate: {'n_nodes': 34, 'n_edges': 77, 'avg_degree': 4.529411764705882, 'n_components': 1, 'lcc_size': 34}
2026-09-16 02:14:52 INFO train: 340 outbreaks, avg size 14.24, singletons 83 (0.0s)
2026-09-16 02:14:52 INFO test: 3400 outbreaks, avg size 13.50, singletons 720 (0.1s)
2026-09-16 02:14:52 INFO === method random ===
2026-09-16 02:14:52 INFO [random] 500/3400 top1=0.202 top5=0.430 ed=1.362 rr=0.243 (0s)
2026-09-16 02:14:52 INFO [random] 1000/3400 top1=0.231 top5=0.471 ed=1.371 rr=0.279 (0s)
2026-09-16 02:14:52 INFO [random] 1500/3400 top1=0.269 top5=0.506 ed=1.361 rr=0.314 (0s)
2026-09-16 02:14:52 INFO [random] 2000/3400 top1=0.298 top5=0.534 ed=1.349 rr=0.342 (1s)
2026-09-16 02:14:52 INFO [random] 2500/3400 top1=0.314 top5=0.549 ed=1.339 rr=0.360 (1s)
2026-09-16 02:14:52 INFO [random] 3000/3400 top1=0.318 top5=0.548 ed=1.342 rr=0.365 (1s)
2026-09-16 02:14:53 INFO RESULT karate random: top1=0.2985 top3=0.4309 top5=0.5285 ed=1.3524 rr=0.3465 css=12.51 fit=0.0s infer=0.00027s/inst
2026-09-16 02:14:53 INFO === method degree ===
2026-09-16 02:14:53 INFO [degree] 500/3400 top1=0.294 top5=0.806 ed=0.952 rr=0.478 (0s)
2026-09-16 02:14:53 INFO [degree] 1000/3400 top1=0.261 top5=0.622 ed=0.939 rr=0.413 (0s)
2026-09-16 02:14:53 INFO [degree] 1500/3400 top1=0.267 top5=0.555 ed=0.905 rr=0.399 (0s)
2026-09-16 02:14:53 INFO [degree] 2000/3400 top1=0.278 top5=0.531 ed=0.885 rr=0.399 (0s)
2026-09-16 02:14:53 INFO [degree] 2500/3400 top1=0.293 top5=0.526 ed=0.890 rr=0.406 (1s)
2026-09-16 02:14:53 INFO [degree] 3000/3400 top1=0.293 top5=0.514 ed=0.892 rr=0.404 (1s)
2026-09-16 02:14:53 INFO RESULT karate degree: top1=0.2953 top3=0.4347 top5=0.5359 ed=0.8894 rr=0.4131 fit=0.0s infer=0.00021s/inst
2026-09-16 02:14:53 INFO === method jordan ===
2026-09-16 02:14:54 INFO [jordan] 500/3400 top1=0.206 top5=0.532 ed=1.148 rr=0.316 (1s)
2026-09-16 02:14:54 INFO [jordan] 1000/3400 top1=0.228 top5=0.551 ed=1.174 rr=0.339 (1s)
2026-09-16 02:14:54 INFO [jordan] 1500/3400 top1=0.251 top5=0.537 ed=1.165 rr=0.355 (1s)
2026-09-16 02:14:54 INFO [jordan] 2000/3400 top1=0.271 top5=0.542 ed=1.157 rr=0.372 (1s)
2026-09-16 02:14:54 INFO [jordan] 2500/3400 top1=0.290 top5=0.536 ed=1.141 rr=0.384 (1s)
2026-09-16 02:14:55 INFO [jordan] 3000/3400 top1=0.296 top5=0.541 ed=1.135 rr=0.388 (1s)
2026-09-16 02:14:55 INFO RESULT karate jordan: top1=0.2932 top3=0.4376 top5=0.5435 ed=1.1141 rr=0.3861 fit=0.0s infer=0.00043s/inst
2026-09-16 02:14:55 INFO === method distance ===
2026-09-16 02:14:55 INFO [distance] 500/3400 top1=0.340 top5=0.702 ed=0.820 rr=0.507 (1s)
2026-09-16 02:14:56 INFO [distance] 1000/3400 top1=0.284 top5=0.602 ed=0.839 rr=0.432 (1s)
2026-09-16 02:14:56 INFO [distance] 1500/3400 top1=0.284 top5=0.559 ed=0.841 rr=0.415 (1s)
2026-09-16 02:14:56 INFO [distance] 2000/3400 top1=0.288 top5=0.534 ed=0.849 rr=0.413 (1s)
2026-09-16 02:14:56 INFO [distance] 2500/3400 top1=0.302 top5=0.524 ed=0.863 rr=0.416 (1s)
2026-09-16 02:14:56 INFO [distance] 3000/3400 top1=0.301 top5=0.518 ed=0.874 rr=0.413 (1s)
2026-09-16 02:14:56 INFO RESULT karate distance: top1=0.3003 top3=0.4426 top5=0.5471 ed=0.8832 rr=0.4206 fit=0.0s infer=0.00041s/inst
2026-09-16 02:14:56 INFO === method rumor ===
2026-09-16 02:14:57 INFO [rumor] 500/3400 top1=0.226 top5=0.516 ed=1.120 rr=0.364 (1s)
2026-09-16 02:14:57 INFO [rumor] 1000/3400 top1=0.229 top5=0.552 ed=1.104 rr=0.370 (1s)
2026-09-16 02:14:57 INFO [rumor] 1500/3400 top1=0.243 top5=0.515 ed=1.085 rr=0.372 (1s)
2026-09-16 02:14:57 INFO [rumor] 2000/3400 top1=0.261 top5=0.523 ed=1.044 rr=0.388 (1s)
2026-09-16 02:14:57 INFO [rumor] 2500/3400 top1=0.277 top5=0.512 ed=1.016 rr=0.395 (1s)
2026-09-16 02:14:57 INFO [rumor] 3000/3400 top1=0.279 top5=0.517 ed=1.006 rr=0.397 (1s)
2026-09-16 02:14:57 INFO RESULT karate rumor: top1=0.2876 top3=0.4291 top5=0.5500 ed=0.9712 rr=0.4140 fit=0.0s infer=0.00036s/inst
2026-09-16 02:14:57 INFO === method netsleuth ===
2026-09-16 02:15:01 INFO [netsleuth] 500/3400 top1=0.164 top5=0.372 ed=1.702 rr=0.283 (3s)
2026-09-16 02:15:01 INFO [netsleuth] 1000/3400 top1=0.183 top5=0.492 ed=1.628 rr=0.339 (4s)
2026-09-16 02:15:01 INFO [netsleuth] 1500/3400 top1=0.275 top5=0.570 ed=1.507 rr=0.419 (4s)
2026-09-16 02:15:01 INFO [netsleuth] 2000/3400 top1=0.332 top5=0.624 ed=1.434 rr=0.470 (4s)
2026-09-16 02:15:01 INFO [netsleuth] 2500/3400 top1=0.369 top5=0.658 ed=1.362 rr=0.504 (4s)
2026-09-16 02:15:01 INFO [netsleuth] 3000/3400 top1=0.377 top5=0.669 ed=1.357 rr=0.512 (4s)
2026-09-16 02:15:01 INFO RESULT karate netsleuth: top1=0.3447 top3=0.5091 top5=0.6203 ed=1.4021 rr=0.4777 fit=0.0s infer=0.00118s/inst
2026-09-16 02:15:01 INFO === method dmp ===
2026-09-16 02:15:06 INFO [dmp] 500/3400 top1=0.296 top5=0.672 ed=0.992 rr=0.467 (5s)
2026-09-16 02:15:06 INFO [dmp] 1000/3400 top1=0.279 top5=0.681 ed=1.018 rr=0.460 (5s)
2026-09-16 02:15:06 INFO [dmp] 1500/3400 top1=0.325 top5=0.688 ed=0.999 rr=0.486 (5s)
2026-09-16 02:15:06 INFO [dmp] 2000/3400 top1=0.365 top5=0.690 ed=0.976 rr=0.512 (5s)
2026-09-16 02:15:06 INFO [dmp] 2500/3400 top1=0.388 top5=0.689 ed=0.950 rr=0.527 (5s)
2026-09-16 02:15:07 INFO [dmp] 3000/3400 top1=0.394 top5=0.689 ed=0.949 rr=0.530 (5s)
2026-09-16 02:15:07 INFO RESULT karate dmp: top1=0.3756 top3=0.5718 top5=0.6785 ed=0.9653 rr=0.5176 css=4.11 fit=0.0s infer=0.00158s/inst
2026-09-16 02:15:07 INFO === method sme ===
2026-09-16 02:15:07 INFO [sme] 500/3400 top1=0.204 top5=0.512 ed=1.270 rr=0.357 (0s)
2026-09-16 02:15:07 INFO [sme] 1000/3400 top1=0.237 top5=0.525 ed=1.268 rr=0.378 (0s)
2026-09-16 02:15:07 INFO [sme] 1500/3400 top1=0.271 top5=0.528 ed=1.288 rr=0.403 (0s)
2026-09-16 02:15:07 INFO [sme] 2000/3400 top1=0.314 top5=0.544 ed=1.237 rr=0.435 (1s)
2026-09-16 02:15:07 INFO [sme] 2500/3400 top1=0.335 top5=0.552 ed=1.220 rr=0.450 (1s)
2026-09-16 02:15:08 INFO [sme] 3000/3400 top1=0.340 top5=0.562 ed=1.210 rr=0.456 (1s)
2026-09-16 02:15:08 INFO RESULT karate sme: top1=0.3206 top3=0.4606 top5=0.5574 ed=1.2168 rr=0.4433 css=7.59 fit=0.0s infer=0.00028s/inst
2026-09-16 02:15:08 INFO === method mcs ===
2026-09-16 02:15:08 INFO [mcs] 500/3400 top1=0.266 top5=0.580 ed=1.130 rr=0.418 (0s)
2026-09-16 02:15:08 INFO [mcs] 1000/3400 top1=0.262 top5=0.599 ed=1.186 rr=0.423 (0s)
2026-09-16 02:15:08 INFO [mcs] 1500/3400 top1=0.288 top5=0.601 ed=1.198 rr=0.438 (0s)
2026-09-16 02:15:08 INFO [mcs] 2000/3400 top1=0.335 top5=0.612 ed=1.149 rr=0.471 (1s)
2026-09-16 02:15:08 INFO [mcs] 2500/3400 top1=0.364 top5=0.622 ed=1.110 rr=0.492 (1s)
2026-09-16 02:15:09 INFO [mcs] 3000/3400 top1=0.361 top5=0.628 ed=1.110 rr=0.491 (1s)
2026-09-16 02:15:09 INFO RESULT karate mcs: top1=0.3453 top3=0.5194 top5=0.6247 ed=1.1053 rr=0.4801 css=3.11 fit=0.0s infer=0.00027s/inst
2026-09-16 02:15:09 INFO === method mlp ===
2026-09-16 02:15:10 INFO [mlp] epoch 1 val_loss=3.5278 val_acc=0.0000 (0s)
2026-09-16 02:15:10 INFO [mlp] epoch 10 val_loss=3.5199 val_acc=0.3529 (0s)
2026-09-16 02:15:10 INFO [mlp] epoch 20 val_loss=3.4848 val_acc=0.3529 (0s)
2026-09-16 02:15:10 INFO [mlp] epoch 30 val_loss=3.3463 val_acc=0.3529 (0s)
2026-09-16 02:15:10 INFO [mlp] epoch 40 val_loss=2.9206 val_acc=0.3529 (0s)
2026-09-16 02:15:10 INFO [mlp] epoch 50 val_loss=2.1692 val_acc=0.3529 (1s)
2026-09-16 02:15:10 INFO [mlp] epoch 60 val_loss=1.9620 val_acc=0.3529 (1s)
2026-09-16 02:15:10 INFO [mlp] epoch 70 val_loss=1.9561 val_acc=0.3529 (1s)
2026-09-16 02:15:10 INFO [mlp] epoch 80 val_loss=1.9549 val_acc=0.3529 (1s)
2026-09-16 02:15:11 INFO [mlp] epoch 90 val_loss=1.9544 val_acc=0.3529 (1s)
2026-09-16 02:15:11 INFO [mlp] epoch 100 val_loss=1.9542 val_acc=0.3725 (1s)
2026-09-16 02:15:11 INFO [mlp] epoch 110 val_loss=1.9540 val_acc=0.3725 (1s)
2026-09-16 02:15:11 INFO [mlp] epoch 120 val_loss=1.9538 val_acc=0.3725 (1s)
2026-09-16 02:15:11 INFO [mlp] epoch 130 val_loss=1.9538 val_acc=0.3725 (1s)
2026-09-16 02:15:11 INFO [mlp] epoch 140 val_loss=1.9537 val_acc=0.3725 (1s)
2026-09-16 02:15:11 INFO [mlp] epoch 150 val_loss=1.9536 val_acc=0.3725 (1s)
2026-09-16 02:15:11 INFO [mlp] epoch 160 val_loss=1.9536 val_acc=0.3725 (2s)
2026-09-16 02:15:11 INFO [mlp] epoch 170 val_loss=1.9535 val_acc=0.3725 (2s)
2026-09-16 02:15:11 INFO [mlp] epoch 180 val_loss=1.9535 val_acc=0.3725 (2s)
2026-09-16 02:15:11 INFO [mlp] trained 182 epochs, best val_loss=1.9535, 2s
2026-09-16 02:15:12 INFO [mlp] 500/3400 top1=0.218 top5=0.516 ed=1.226 rr=0.313 (0s)
2026-09-16 02:15:12 INFO [mlp] 1000/3400 top1=0.245 top5=0.560 ed=1.219 rr=0.350 (0s)
2026-09-16 02:15:12 INFO [mlp] 1500/3400 top1=0.283 top5=0.597 ed=1.246 rr=0.382 (0s)
2026-09-16 02:15:12 INFO [mlp] 2000/3400 top1=0.306 top5=0.618 ed=1.237 rr=0.405 (1s)
2026-09-16 02:15:12 INFO [mlp] 2500/3400 top1=0.328 top5=0.627 ed=1.221 rr=0.422 (1s)
2026-09-16 02:15:12 INFO [mlp] 3000/3400 top1=0.333 top5=0.631 ed=1.211 rr=0.427 (1s)
2026-09-16 02:15:12 INFO RESULT karate mlp: top1=0.3141 top3=0.4965 top5=0.6115 ed=1.2259 rr=0.4087 css=12.51 fit=2.8s infer=0.00028s/inst
2026-09-16 02:15:12 INFO === method gcn ===
2026-09-16 02:15:12 INFO [gcn] epoch 1 val_loss=3.5262 val_acc=0.0588 (0s)
2026-09-16 02:15:13 INFO [gcn] epoch 10 val_loss=3.5253 val_acc=0.0294 (0s)
2026-09-16 02:15:13 INFO [gcn] epoch 20 val_loss=3.5222 val_acc=0.0392 (0s)
2026-09-16 02:15:13 INFO [gcn] epoch 30 val_loss=3.5103 val_acc=0.0392 (0s)
2026-09-16 02:15:13 INFO [gcn] epoch 40 val_loss=3.4686 val_acc=0.0490 (0s)
2026-09-16 02:15:13 INFO [gcn] epoch 50 val_loss=3.3591 val_acc=0.0490 (1s)
2026-09-16 02:15:13 INFO [gcn] epoch 60 val_loss=3.2308 val_acc=0.0686 (1s)
2026-09-16 02:15:13 INFO [gcn] epoch 70 val_loss=3.1736 val_acc=0.0686 (1s)
2026-09-16 02:15:13 INFO [gcn] epoch 80 val_loss=3.1099 val_acc=0.1078 (1s)
2026-09-16 02:15:13 INFO [gcn] epoch 90 val_loss=3.0389 val_acc=0.1373 (1s)
2026-09-16 02:15:14 INFO [gcn] epoch 100 val_loss=2.9617 val_acc=0.2059 (1s)
2026-09-16 02:15:14 INFO [gcn] epoch 110 val_loss=2.9084 val_acc=0.1961 (1s)
2026-09-16 02:15:14 INFO [gcn] epoch 120 val_loss=2.8686 val_acc=0.1961 (1s)
2026-09-16 02:15:14 INFO [gcn] epoch 130 val_loss=2.8409 val_acc=0.1961 (2s)
2026-09-16 02:15:14 INFO [gcn] epoch 140 val_loss=2.8161 val_acc=0.1961 (2s)
2026-09-16 02:15:14 INFO [gcn] epoch 150 val_loss=2.8082 val_acc=0.1961 (2s)
2026-09-16 02:15:14 INFO [gcn] epoch 160 val_loss=2.7865 val_acc=0.1863 (2s)
2026-09-16 02:15:14 INFO [gcn] trained 160 epochs, best val_loss=2.7819, 2s
2026-09-16 02:15:14 INFO [gcn] 500/3400 top1=0.296 top5=0.846 ed=0.956 rr=0.497 (0s)
2026-09-16 02:15:15 INFO [gcn] 1000/3400 top1=0.275 top5=0.718 ed=0.956 rr=0.456 (0s)
2026-09-16 02:15:15 INFO [gcn] 1500/3400 top1=0.297 top5=0.660 ed=0.927 rr=0.454 (0s)
2026-09-16 02:15:15 INFO [gcn] 2000/3400 top1=0.323 top5=0.642 ed=0.902 rr=0.465 (1s)
2026-09-16 02:15:15 INFO [gcn] 2500/3400 top1=0.344 top5=0.642 ed=0.898 rr=0.480 (1s)
2026-09-16 02:15:15 INFO [gcn] 3000/3400 top1=0.343 top5=0.636 ed=0.902 rr=0.479 (1s)
2026-09-16 02:15:15 INFO RESULT karate gcn: top1=0.3362 top3=0.5253 top5=0.6426 ed=0.8991 rr=0.4793 css=10.61 fit=1.9s infer=0.00027s/inst
2026-09-16 02:15:15 INFO === method gcn_skip ===
2026-09-16 02:15:15 INFO [gcn_skip] epoch 1 val_loss=3.6163 val_acc=0.0392 (0s)
2026-09-16 02:15:15 INFO [gcn_skip] epoch 10 val_loss=3.4268 val_acc=0.0392 (0s)
2026-09-16 02:15:16 INFO [gcn_skip] epoch 20 val_loss=3.1781 val_acc=0.1176 (0s)
2026-09-16 02:15:16 INFO [gcn_skip] epoch 30 val_loss=2.9725 val_acc=0.1569 (0s)
2026-09-16 02:15:16 INFO [gcn_skip] epoch 40 val_loss=2.7966 val_acc=0.2059 (1s)
2026-09-16 02:15:16 INFO [gcn_skip] epoch 50 val_loss=2.6093 val_acc=0.2353 (1s)
2026-09-16 02:15:16 INFO [gcn_skip] epoch 60 val_loss=2.4884 val_acc=0.3431 (1s)
2026-09-16 02:15:16 INFO [gcn_skip] epoch 70 val_loss=2.3421 val_acc=0.3824 (1s)
2026-09-16 02:15:16 INFO [gcn_skip] epoch 80 val_loss=2.2697 val_acc=0.3529 (1s)
2026-09-16 02:15:17 INFO [gcn_skip] epoch 90 val_loss=2.2393 val_acc=0.3922 (1s)
2026-09-16 02:15:17 INFO [gcn_skip] epoch 100 val_loss=2.1409 val_acc=0.3824 (1s)
2026-09-16 02:15:17 INFO [gcn_skip] trained 107 epochs, best val_loss=2.1267, 2s
2026-09-16 02:15:17 INFO [gcn_skip] 500/3400 top1=0.312 top5=0.666 ed=0.900 rr=0.458 (0s)
2026-09-16 02:15:17 INFO [gcn_skip] 1000/3400 top1=0.322 top5=0.689 ed=0.933 rr=0.481 (0s)
2026-09-16 02:15:17 INFO [gcn_skip] 1500/3400 top1=0.341 top5=0.705 ed=0.966 rr=0.497 (0s)
2026-09-16 02:15:17 INFO [gcn_skip] 2000/3400 top1=0.357 top5=0.698 ed=0.969 rr=0.505 (1s)
2026-09-16 02:15:17 INFO [gcn_skip] 2500/3400 top1=0.378 top5=0.704 ed=0.953 rr=0.520 (1s)
2026-09-16 02:15:18 INFO [gcn_skip] 3000/3400 top1=0.385 top5=0.713 ed=0.943 rr=0.529 (1s)
2026-09-16 02:15:18 INFO RESULT karate gcn_skip: top1=0.3700 top3=0.5741 top5=0.6988 ed=0.9559 rr=0.5160 css=9.06 fit=1.6s infer=0.00028s/inst
2026-09-16 02:15:18 INFO === method igcn ===
2026-09-16 02:15:18 INFO [igcn] epoch 1 val_loss=3.4570 val_acc=0.2647 (0s)
2026-09-16 02:15:18 INFO [igcn] epoch 10 val_loss=3.3154 val_acc=0.2745 (0s)
2026-09-16 02:15:18 INFO [igcn] epoch 20 val_loss=3.1868 val_acc=0.3137 (1s)
2026-09-16 02:15:19 INFO [igcn] epoch 30 val_loss=3.0655 val_acc=0.3333 (1s)
2026-09-16 02:15:19 INFO [igcn] epoch 40 val_loss=2.9402 val_acc=0.3333 (1s)
2026-09-16 02:15:19 INFO [igcn] epoch 50 val_loss=2.7891 val_acc=0.3333 (2s)
2026-09-16 02:15:20 INFO [igcn] epoch 60 val_loss=2.6335 val_acc=0.3333 (2s)
2026-09-16 02:15:20 INFO [igcn] epoch 70 val_loss=2.4659 val_acc=0.3333 (2s)
2026-09-16 02:15:20 INFO [igcn] epoch 80 val_loss=2.3042 val_acc=0.3333 (2s)
2026-09-16 02:15:20 INFO [igcn] epoch 90 val_loss=2.1791 val_acc=0.3431 (3s)
2026-09-16 02:15:21 INFO [igcn] epoch 100 val_loss=2.0790 val_acc=0.3431 (3s)
2026-09-16 02:15:21 INFO [igcn] epoch 110 val_loss=2.0185 val_acc=0.3529 (3s)
2026-09-16 02:15:21 INFO [igcn] epoch 120 val_loss=1.9818 val_acc=0.3529 (3s)
2026-09-16 02:15:21 INFO [igcn] epoch 130 val_loss=1.9585 val_acc=0.3529 (4s)
2026-09-16 02:15:22 INFO [igcn] epoch 140 val_loss=1.9455 val_acc=0.3529 (4s)
2026-09-16 02:15:22 INFO [igcn] epoch 150 val_loss=1.9354 val_acc=0.3529 (4s)
2026-09-16 02:15:22 INFO [igcn] epoch 160 val_loss=1.9293 val_acc=0.3529 (4s)
2026-09-16 02:15:22 INFO [igcn] epoch 170 val_loss=1.9237 val_acc=0.3529 (5s)
2026-09-16 02:15:23 INFO [igcn] epoch 180 val_loss=1.9190 val_acc=0.3529 (5s)
2026-09-16 02:15:23 INFO [igcn] epoch 190 val_loss=1.9149 val_acc=0.3627 (5s)
2026-09-16 02:15:23 INFO [igcn] epoch 200 val_loss=1.9135 val_acc=0.3725 (5s)
2026-09-16 02:15:23 INFO [igcn] trained 200 epochs, best val_loss=1.9135, 5s
2026-09-16 02:15:23 INFO [igcn] 500/3400 top1=0.214 top5=0.502 ed=1.296 rr=0.364 (0s)
2026-09-16 02:15:23 INFO [igcn] 1000/3400 top1=0.251 top5=0.595 ed=1.265 rr=0.420 (0s)
2026-09-16 02:15:24 INFO [igcn] 1500/3400 top1=0.309 top5=0.649 ed=1.231 rr=0.468 (0s)
2026-09-16 02:15:24 INFO [igcn] 2000/3400 top1=0.358 top5=0.678 ed=1.185 rr=0.506 (1s)
2026-09-16 02:15:24 INFO [igcn] 2500/3400 top1=0.390 top5=0.705 ed=1.141 rr=0.534 (1s)
2026-09-16 02:15:24 INFO [igcn] 3000/3400 top1=0.399 top5=0.715 ed=1.134 rr=0.543 (1s)
2026-09-16 02:15:24 INFO RESULT karate igcn: top1=0.3659 top3=0.5600 top5=0.6712 ed=1.1735 rr=0.5090 css=10.54 fit=5.4s infer=0.00029s/inst
2026-09-16 02:15:24 INFO run source_karate_20260916T021451Z_3177 finished in 32.7s
=== iceland ===
2026-09-16 02:15:28 INFO run source_iceland_20260916T021528Z_3366 started, dir=/home/user/trace_e/results/runs/source_iceland_20260916T021528Z_3366
2026-09-16 02:15:28 INFO network iceland: {'n_nodes': 75, 'n_edges': 114, 'avg_degree': 3.04, 'n_components': 1, 'lcc_size': 75}
2026-09-16 02:15:28 INFO train: 750 outbreaks, avg size 16.22, singletons 282 (0.1s)
2026-09-16 02:15:29 INFO test: 7500 outbreaks, avg size 12.55, singletons 2749 (0.2s)
2026-09-16 02:15:29 INFO === method random ===
2026-09-16 02:15:29 INFO [random] 500/7500 top1=0.522 top5=0.796 ed=0.824 rr=0.590 (0s)
2026-09-16 02:15:29 INFO [random] 1000/7500 top1=0.478 top5=0.780 ed=0.964 rr=0.540 (0s)
2026-09-16 02:15:29 INFO [random] 1500/7500 top1=0.513 top5=0.789 ed=0.945 rr=0.573 (1s)
2026-09-16 02:15:29 INFO [random] 2000/7500 top1=0.488 top5=0.753 ed=1.015 rr=0.548 (1s)
2026-09-16 02:15:29 INFO [random] 2500/7500 top1=0.488 top5=0.734 ed=1.054 rr=0.543 (1s)
2026-09-16 02:15:30 INFO [random] 3000/7500 top1=0.477 top5=0.710 ed=1.083 rr=0.529 (1s)
2026-09-16 02:15:30 INFO [random] 3500/7500 top1=0.454 top5=0.676 ed=1.126 rr=0.503 (1s)
2026-09-16 02:15:30 INFO [random] 4000/7500 top1=0.453 top5=0.671 ed=1.138 rr=0.502 (1s)
2026-09-16 02:15:30 INFO [random] 4500/7500 top1=0.459 top5=0.675 ed=1.140 rr=0.506 (1s)
2026-09-16 02:15:30 INFO [random] 5000/7500 top1=0.466 top5=0.675 ed=1.135 rr=0.512 (2s)
2026-09-16 02:15:30 INFO [random] 5500/7500 top1=0.473 top5=0.678 ed=1.121 rr=0.519 (2s)
2026-09-16 02:15:31 INFO [random] 6000/7500 top1=0.472 top5=0.672 ed=1.120 rr=0.518 (2s)
2026-09-16 02:15:31 INFO [random] 6500/7500 top1=0.471 top5=0.669 ed=1.129 rr=0.517 (2s)
2026-09-16 02:15:31 INFO [random] 7000/7500 top1=0.457 top5=0.652 ed=1.158 rr=0.503 (2s)
2026-09-16 02:15:31 INFO [random] 7500/7500 top1=0.445 top5=0.641 ed=1.173 rr=0.492 (2s)
2026-09-16 02:15:31 INFO RESULT iceland random: top1=0.4445 top3=0.5784 top5=0.6411 ed=1.1728 rr=0.4915 css=11.60 fit=0.0s infer=0.00033s/inst
2026-09-16 02:15:31 INFO === method degree ===
2026-09-16 02:15:31 INFO [degree] 500/7500 top1=0.498 top5=0.936 ed=0.570 rr=0.663 (0s)
2026-09-16 02:15:31 INFO [degree] 1000/7500 top1=0.494 top5=0.857 ed=0.649 rr=0.635 (0s)
2026-09-16 02:15:32 INFO [degree] 1500/7500 top1=0.505 top5=0.822 ed=0.720 rr=0.630 (0s)
2026-09-16 02:15:32 INFO [degree] 2000/7500 top1=0.490 top5=0.772 ed=0.772 rr=0.604 (1s)
2026-09-16 02:15:32 INFO [degree] 2500/7500 top1=0.480 top5=0.733 ed=0.799 rr=0.586 (1s)
2026-09-16 02:15:32 INFO [degree] 3000/7500 top1=0.468 top5=0.718 ed=0.805 rr=0.574 (1s)
2026-09-16 02:15:32 INFO [degree] 3500/7500 top1=0.446 top5=0.707 ed=0.819 rr=0.556 (1s)
2026-09-16 02:15:32 INFO [degree] 4000/7500 top1=0.441 top5=0.685 ed=0.807 rr=0.547 (1s)
2026-09-16 02:15:32 INFO [degree] 4500/7500 top1=0.443 top5=0.675 ed=0.799 rr=0.545 (1s)
2026-09-16 02:15:32 INFO [degree] 5000/7500 top1=0.447 top5=0.665 ed=0.782 rr=0.545 (1s)
2026-09-16 02:15:32 INFO [degree] 5500/7500 top1=0.454 top5=0.665 ed=0.762 rr=0.550 (1s)
2026-09-16 02:15:33 INFO [degree] 6000/7500 top1=0.453 top5=0.668 ed=0.755 rr=0.551 (2s)
2026-09-16 02:15:33 INFO [degree] 6500/7500 top1=0.452 top5=0.660 ed=0.768 rr=0.548 (2s)
2026-09-16 02:15:33 INFO [degree] 7000/7500 top1=0.438 top5=0.649 ed=0.787 rr=0.536 (2s)
2026-09-16 02:15:33 INFO [degree] 7500/7500 top1=0.437 top5=0.648 ed=0.780 rr=0.535 (2s)
2026-09-16 02:15:33 INFO RESULT iceland degree: top1=0.4372 top3=0.5731 top5=0.6481 ed=0.7800 rr=0.5350 fit=0.0s infer=0.00026s/inst
2026-09-16 02:15:33 INFO === method jordan ===
2026-09-16 02:15:35 INFO [jordan] 500/7500 top1=0.498 top5=0.904 ed=0.584 rr=0.640 (2s)
2026-09-16 02:15:35 INFO [jordan] 1000/7500 top1=0.506 top5=0.867 ed=0.631 rr=0.628 (2s)
2026-09-16 02:15:35 INFO [jordan] 1500/7500 top1=0.513 top5=0.832 ed=0.681 rr=0.626 (2s)
2026-09-16 02:15:35 INFO [jordan] 2000/7500 top1=0.495 top5=0.787 ed=0.735 rr=0.601 (2s)
2026-09-16 02:15:35 INFO [jordan] 2500/7500 top1=0.482 top5=0.747 ed=0.778 rr=0.583 (2s)
2026-09-16 02:15:35 INFO [jordan] 3000/7500 top1=0.470 top5=0.725 ed=0.809 rr=0.567 (2s)
2026-09-16 02:15:35 INFO [jordan] 3500/7500 top1=0.453 top5=0.713 ed=0.825 rr=0.548 (2s)
2026-09-16 02:15:36 INFO [jordan] 4000/7500 top1=0.448 top5=0.698 ed=0.843 rr=0.542 (2s)
2026-09-16 02:15:36 INFO [jordan] 4500/7500 top1=0.449 top5=0.692 ed=0.840 rr=0.541 (3s)
2026-09-16 02:15:36 INFO [jordan] 5000/7500 top1=0.454 top5=0.683 ed=0.840 rr=0.543 (3s)
2026-09-16 02:15:36 INFO [jordan] 5500/7500 top1=0.461 top5=0.684 ed=0.830 rr=0.549 (3s)
2026-09-16 02:15:36 INFO [jordan] 6000/7500 top1=0.461 top5=0.680 ed=0.839 rr=0.547 (3s)
2026-09-16 02:15:36 INFO [jordan] 6500/7500 top1=0.458 top5=0.673 ed=0.851 rr=0.543 (3s)
2026-09-16 02:15:36 INFO [jordan] 7000/7500 top1=0.443 top5=0.658 ed=0.874 rr=0.529 (3s)
2026-09-16 02:15:36 INFO [jordan] 7500/7500 top1=0.434 top5=0.650 ed=0.885 rr=0.519 (3s)
2026-09-16 02:15:36 INFO RESULT iceland jordan: top1=0.4344 top3=0.5708 top5=0.6503 ed=0.8849 rr=0.5194 fit=0.0s infer=0.00046s/inst
2026-09-16 02:15:36 INFO === method distance ===
2026-09-16 02:15:38 INFO [distance] 500/7500 top1=0.554 top5=0.944 ed=0.538 rr=0.691 (2s)
2026-09-16 02:15:38 INFO [distance] 1000/7500 top1=0.527 top5=0.857 ed=0.601 rr=0.652 (2s)
2026-09-16 02:15:38 INFO [distance] 1500/7500 top1=0.524 top5=0.821 ed=0.660 rr=0.641 (2s)
2026-09-16 02:15:38 INFO [distance] 2000/7500 top1=0.501 top5=0.775 ed=0.705 rr=0.613 (2s)
2026-09-16 02:15:39 INFO [distance] 2500/7500 top1=0.488 top5=0.738 ed=0.740 rr=0.593 (2s)
2026-09-16 02:15:39 INFO [distance] 3000/7500 top1=0.476 top5=0.728 ed=0.757 rr=0.580 (2s)
2026-09-16 02:15:39 INFO [distance] 3500/7500 top1=0.453 top5=0.721 ed=0.772 rr=0.564 (2s)
2026-09-16 02:15:39 INFO [distance] 4000/7500 top1=0.449 top5=0.699 ed=0.767 rr=0.554 (3s)
2026-09-16 02:15:39 INFO [distance] 4500/7500 top1=0.449 top5=0.687 ed=0.754 rr=0.552 (3s)
2026-09-16 02:15:39 INFO [distance] 5000/7500 top1=0.453 top5=0.676 ed=0.744 rr=0.552 (3s)
2026-09-16 02:15:39 INFO [distance] 5500/7500 top1=0.458 top5=0.676 ed=0.728 rr=0.556 (3s)
2026-09-16 02:15:40 INFO [distance] 6000/7500 top1=0.459 top5=0.676 ed=0.725 rr=0.556 (3s)
2026-09-16 02:15:40 INFO [distance] 6500/7500 top1=0.456 top5=0.668 ed=0.739 rr=0.552 (3s)
2026-09-16 02:15:40 INFO [distance] 7000/7500 top1=0.441 top5=0.651 ed=0.761 rr=0.539 (3s)
2026-09-16 02:15:40 INFO [distance] 7500/7500 top1=0.437 top5=0.649 ed=0.761 rr=0.536 (3s)
2026-09-16 02:15:40 INFO RESULT iceland distance: top1=0.4369 top3=0.5692 top5=0.6493 ed=0.7609 rr=0.5363 fit=0.0s infer=0.00046s/inst
2026-09-16 02:15:40 INFO === method rumor ===
2026-09-16 02:15:41 INFO [rumor] 500/7500 top1=0.482 top5=0.930 ed=0.610 rr=0.653 (1s)
2026-09-16 02:15:41 INFO [rumor] 1000/7500 top1=0.495 top5=0.869 ed=0.687 rr=0.637 (1s)
2026-09-16 02:15:42 INFO [rumor] 1500/7500 top1=0.502 top5=0.832 ed=0.725 rr=0.631 (2s)
2026-09-16 02:15:42 INFO [rumor] 2000/7500 top1=0.484 top5=0.783 ed=0.758 rr=0.605 (2s)
2026-09-16 02:15:42 INFO [rumor] 2500/7500 top1=0.473 top5=0.740 ed=0.785 rr=0.587 (2s)
2026-09-16 02:15:42 INFO [rumor] 3000/7500 top1=0.462 top5=0.725 ed=0.796 rr=0.576 (2s)
2026-09-16 02:15:42 INFO [rumor] 3500/7500 top1=0.441 top5=0.714 ed=0.805 rr=0.558 (2s)
2026-09-16 02:15:42 INFO [rumor] 4000/7500 top1=0.437 top5=0.694 ed=0.797 rr=0.550 (2s)
2026-09-16 02:15:42 INFO [rumor] 4500/7500 top1=0.440 top5=0.683 ed=0.794 rr=0.548 (2s)
2026-09-16 02:15:42 INFO [rumor] 5000/7500 top1=0.445 top5=0.674 ed=0.782 rr=0.549 (3s)
2026-09-16 02:15:43 INFO [rumor] 5500/7500 top1=0.453 top5=0.677 ed=0.760 rr=0.555 (3s)
2026-09-16 02:15:43 INFO [rumor] 6000/7500 top1=0.456 top5=0.677 ed=0.749 rr=0.557 (3s)
2026-09-16 02:15:43 INFO [rumor] 6500/7500 top1=0.454 top5=0.670 ed=0.763 rr=0.553 (3s)
2026-09-16 02:15:43 INFO [rumor] 7000/7500 top1=0.440 top5=0.653 ed=0.781 rr=0.540 (3s)
2026-09-16 02:15:43 INFO [rumor] 7500/7500 top1=0.437 top5=0.651 ed=0.775 rr=0.537 (3s)
2026-09-16 02:15:43 INFO RESULT iceland rumor: top1=0.4373 top3=0.5768 top5=0.6515 ed=0.7755 rr=0.5374 fit=0.0s infer=0.00042s/inst
2026-09-16 02:15:43 INFO === method netsleuth ===
2026-09-16 02:15:57 INFO [netsleuth] 500/7500 top1=0.580 top5=0.826 ed=0.846 rr=0.693 (14s)
2026-09-16 02:15:57 INFO [netsleuth] 1000/7500 top1=0.488 top5=0.780 ed=1.018 rr=0.610 (14s)
2026-09-16 02:15:57 INFO [netsleuth] 1500/7500 top1=0.559 top5=0.835 ed=0.920 rr=0.672 (14s)
2026-09-16 02:15:57 INFO [netsleuth] 2000/7500 top1=0.532 top5=0.814 ed=1.002 rr=0.647 (14s)
2026-09-16 02:15:57 INFO [netsleuth] 2500/7500 top1=0.535 top5=0.810 ed=1.034 rr=0.649 (14s)
2026-09-16 02:15:57 INFO [netsleuth] 3000/7500 top1=0.524 top5=0.779 ed=1.070 rr=0.633 (14s)
2026-09-16 02:15:58 INFO [netsleuth] 3500/7500 top1=0.496 top5=0.734 ed=1.136 rr=0.603 (14s)
2026-09-16 02:15:58 INFO [netsleuth] 4000/7500 top1=0.499 top5=0.733 ed=1.160 rr=0.604 (15s)
2026-09-16 02:15:58 INFO [netsleuth] 4500/7500 top1=0.507 top5=0.743 ed=1.158 rr=0.611 (15s)
2026-09-16 02:15:58 INFO [netsleuth] 5000/7500 top1=0.511 top5=0.746 ed=1.164 rr=0.615 (15s)
2026-09-16 02:15:58 INFO [netsleuth] 5500/7500 top1=0.521 top5=0.759 ed=1.134 rr=0.626 (15s)
2026-09-16 02:15:58 INFO [netsleuth] 6000/7500 top1=0.518 top5=0.753 ed=1.149 rr=0.622 (15s)
2026-09-16 02:15:58 INFO [netsleuth] 6500/7500 top1=0.520 top5=0.755 ed=1.154 rr=0.623 (15s)
2026-09-16 02:15:58 INFO [netsleuth] 7000/7500 top1=0.502 top5=0.730 ed=1.211 rr=0.604 (15s)
2026-09-16 02:15:59 INFO [netsleuth] 7500/7500 top1=0.489 top5=0.712 ed=1.233 rr=0.591 (15s)
2026-09-16 02:15:59 INFO RESULT iceland netsleuth: top1=0.4891 top3=0.6280 top5=0.7117 ed=1.2329 rr=0.5912 fit=0.0s infer=0.00206s/inst
2026-09-16 02:15:59 INFO === method dmp ===
2026-09-16 02:16:08 INFO [dmp] 500/7500 top1=0.636 top5=0.906 ed=0.566 rr=0.747 (9s)
2026-09-16 02:16:08 INFO [dmp] 1000/7500 top1=0.548 top5=0.864 ed=0.686 rr=0.672 (9s)
2026-09-16 02:16:08 INFO [dmp] 1500/7500 top1=0.603 top5=0.871 ed=0.622 rr=0.707 (9s)
2026-09-16 02:16:08 INFO [dmp] 2000/7500 top1=0.573 top5=0.838 ed=0.691 rr=0.678 (10s)
2026-09-16 02:16:08 INFO [dmp] 2500/7500 top1=0.569 top5=0.818 ed=0.717 rr=0.670 (10s)
2026-09-16 02:16:08 INFO [dmp] 3000/7500 top1=0.559 top5=0.804 ed=0.735 rr=0.661 (10s)
2026-09-16 02:16:09 INFO [dmp] 3500/7500 top1=0.532 top5=0.789 ed=0.760 rr=0.640 (10s)
2026-09-16 02:16:09 INFO [dmp] 4000/7500 top1=0.530 top5=0.776 ed=0.780 rr=0.636 (10s)
2026-09-16 02:16:09 INFO [dmp] 4500/7500 top1=0.532 top5=0.773 ed=0.786 rr=0.636 (10s)
2026-09-16 02:16:09 INFO [dmp] 5000/7500 top1=0.536 top5=0.767 ed=0.793 rr=0.636 (10s)
2026-09-16 02:16:09 INFO [dmp] 5500/7500 top1=0.543 top5=0.770 ed=0.781 rr=0.641 (11s)
2026-09-16 02:16:09 INFO [dmp] 6000/7500 top1=0.542 top5=0.766 ed=0.779 rr=0.640 (11s)
2026-09-16 02:16:09 INFO [dmp] 6500/7500 top1=0.543 top5=0.763 ed=0.780 rr=0.640 (11s)
2026-09-16 02:16:10 INFO [dmp] 7000/7500 top1=0.527 top5=0.750 ed=0.806 rr=0.627 (11s)
2026-09-16 02:16:10 INFO [dmp] 7500/7500 top1=0.518 top5=0.746 ed=0.815 rr=0.620 (11s)
2026-09-16 02:16:10 INFO RESULT iceland dmp: top1=0.5179 top3=0.6727 top5=0.7463 ed=0.8149 rr=0.6201 css=2.54 fit=0.0s infer=0.00150s/inst
2026-09-16 02:16:10 INFO === method sme ===
2026-09-16 02:16:10 INFO [sme] 500/7500 top1=0.530 top5=0.834 ed=0.800 rr=0.658 (0s)
2026-09-16 02:16:10 INFO [sme] 1000/7500 top1=0.502 top5=0.835 ed=0.870 rr=0.637 (0s)
2026-09-16 02:16:10 INFO [sme] 1500/7500 top1=0.534 top5=0.827 ed=0.840 rr=0.655 (1s)
2026-09-16 02:16:11 INFO [sme] 2000/7500 top1=0.505 top5=0.788 ed=0.927 rr=0.626 (1s)
2026-09-16 02:16:11 INFO [sme] 2500/7500 top1=0.504 top5=0.766 ed=0.973 rr=0.619 (1s)
2026-09-16 02:16:11 INFO [sme] 3000/7500 top1=0.493 top5=0.735 ed=1.000 rr=0.602 (1s)
2026-09-16 02:16:11 INFO [sme] 3500/7500 top1=0.470 top5=0.708 ed=1.032 rr=0.580 (1s)
2026-09-16 02:16:11 INFO [sme] 4000/7500 top1=0.471 top5=0.693 ed=1.048 rr=0.576 (1s)
2026-09-16 02:16:11 INFO [sme] 4500/7500 top1=0.476 top5=0.692 ed=1.048 rr=0.579 (2s)
2026-09-16 02:16:12 INFO [sme] 5000/7500 top1=0.482 top5=0.687 ed=1.047 rr=0.581 (2s)
2026-09-16 02:16:12 INFO [sme] 5500/7500 top1=0.491 top5=0.693 ed=1.028 rr=0.589 (2s)
2026-09-16 02:16:12 INFO [sme] 6000/7500 top1=0.492 top5=0.690 ed=1.025 rr=0.589 (2s)
2026-09-16 02:16:12 INFO [sme] 6500/7500 top1=0.490 top5=0.688 ed=1.033 rr=0.587 (2s)
2026-09-16 02:16:12 INFO [sme] 7000/7500 top1=0.476 top5=0.672 ed=1.056 rr=0.573 (2s)
2026-09-16 02:16:12 INFO [sme] 7500/7500 top1=0.463 top5=0.664 ed=1.066 rr=0.563 (2s)
2026-09-16 02:16:12 INFO RESULT iceland sme: top1=0.4627 top3=0.5952 top5=0.6644 ed=1.0663 rr=0.5630 css=6.94 fit=0.0s infer=0.00033s/inst
2026-09-16 02:16:12 INFO === method mcs ===
2026-09-16 02:16:13 INFO [mcs] 500/7500 top1=0.616 top5=0.848 ed=0.632 rr=0.718 (0s)
2026-09-16 02:16:13 INFO [mcs] 1000/7500 top1=0.534 top5=0.834 ed=0.813 rr=0.659 (0s)
2026-09-16 02:16:13 INFO [mcs] 1500/7500 top1=0.576 top5=0.846 ed=0.783 rr=0.689 (1s)
2026-09-16 02:16:13 INFO [mcs] 2000/7500 top1=0.542 top5=0.814 ed=0.879 rr=0.656 (1s)
2026-09-16 02:16:13 INFO [mcs] 2500/7500 top1=0.537 top5=0.795 ed=0.928 rr=0.648 (1s)
2026-09-16 02:16:13 INFO [mcs] 3000/7500 top1=0.522 top5=0.760 ed=0.960 rr=0.629 (1s)
2026-09-16 02:16:14 INFO [mcs] 3500/7500 top1=0.495 top5=0.728 ed=0.999 rr=0.602 (1s)
2026-09-16 02:16:14 INFO [mcs] 4000/7500 top1=0.492 top5=0.721 ed=1.020 rr=0.598 (1s)
2026-09-16 02:16:14 INFO [mcs] 4500/7500 top1=0.496 top5=0.719 ed=1.023 rr=0.600 (2s)
2026-09-16 02:16:14 INFO [mcs] 5000/7500 top1=0.504 top5=0.715 ed=1.015 rr=0.604 (2s)
2026-09-16 02:16:14 INFO [mcs] 5500/7500 top1=0.512 top5=0.720 ed=0.994 rr=0.611 (2s)
2026-09-16 02:16:14 INFO [mcs] 6000/7500 top1=0.511 top5=0.714 ed=0.991 rr=0.609 (2s)
2026-09-16 02:16:15 INFO [mcs] 6500/7500 top1=0.510 top5=0.716 ed=0.996 rr=0.609 (2s)
2026-09-16 02:16:15 INFO [mcs] 7000/7500 top1=0.496 top5=0.702 ed=1.020 rr=0.596 (2s)
2026-09-16 02:16:15 INFO [mcs] 7500/7500 top1=0.483 top5=0.692 ed=1.036 rr=0.585 (3s)
2026-09-16 02:16:15 INFO RESULT iceland mcs: top1=0.4827 top3=0.6185 top5=0.6921 ed=1.0356 rr=0.5847 css=2.25 fit=0.0s infer=0.00034s/inst
2026-09-16 02:16:15 INFO === method mlp ===
2026-09-16 02:16:16 INFO [mlp] epoch 1 val_loss=4.3175 val_acc=0.3556 (0s)
2026-09-16 02:16:16 INFO [mlp] epoch 10 val_loss=4.1919 val_acc=0.4089 (0s)
2026-09-16 02:16:17 INFO [mlp] epoch 20 val_loss=2.2348 val_acc=0.4089 (1s)
2026-09-16 02:16:17 INFO [mlp] epoch 30 val_loss=1.8019 val_acc=0.4089 (1s)
2026-09-16 02:16:17 INFO [mlp] epoch 40 val_loss=1.8011 val_acc=0.4089 (1s)
2026-09-16 02:16:18 INFO [mlp] epoch 50 val_loss=1.8006 val_acc=0.4711 (2s)
2026-09-16 02:16:18 INFO [mlp] epoch 60 val_loss=1.8003 val_acc=0.4711 (2s)
2026-09-16 02:16:18 INFO [mlp] trained 64 epochs, best val_loss=1.8003, 2s
2026-09-16 02:16:18 INFO [mlp] 500/7500 top1=0.526 top5=0.860 ed=0.760 rr=0.634 (0s)
2026-09-16 02:16:18 INFO [mlp] 1000/7500 top1=0.486 top5=0.822 ed=0.864 rr=0.589 (0s)
2026-09-16 02:16:19 INFO [mlp] 1500/7500 top1=0.521 top5=0.833 ed=0.858 rr=0.619 (1s)
2026-09-16 02:16:19 INFO [mlp] 2000/7500 top1=0.501 top5=0.798 ed=0.935 rr=0.594 (1s)
2026-09-16 02:16:19 INFO [mlp] 2500/7500 top1=0.500 top5=0.781 ed=0.964 rr=0.588 (1s)
2026-09-16 02:16:19 INFO [mlp] 3000/7500 top1=0.493 top5=0.761 ed=0.990 rr=0.576 (1s)
2026-09-16 02:16:19 INFO [mlp] 3500/7500 top1=0.469 top5=0.733 ed=1.017 rr=0.551 (1s)
2026-09-16 02:16:20 INFO [mlp] 4000/7500 top1=0.470 top5=0.730 ed=1.026 rr=0.551 (1s)
2026-09-16 02:16:20 INFO [mlp] 4500/7500 top1=0.473 top5=0.726 ed=1.024 rr=0.553 (2s)
2026-09-16 02:16:20 INFO [mlp] 5000/7500 top1=0.479 top5=0.726 ed=1.023 rr=0.557 (2s)
2026-09-16 02:16:20 INFO [mlp] 5500/7500 top1=0.484 top5=0.732 ed=1.010 rr=0.564 (2s)
2026-09-16 02:16:20 INFO [mlp] 6000/7500 top1=0.485 top5=0.727 ed=1.012 rr=0.563 (2s)
2026-09-16 02:16:20 INFO [mlp] 6500/7500 top1=0.486 top5=0.728 ed=1.013 rr=0.563 (2s)
2026-09-16 02:16:21 INFO [mlp] 7000/7500 top1=0.474 top5=0.715 ed=1.039 rr=0.549 (2s)
2026-09-16 02:16:21 INFO [mlp] 7500/7500 top1=0.463 top5=0.706 ed=1.052 rr=0.539 (3s)
2026-09-16 02:16:21 INFO RESULT iceland mlp: top1=0.4629 top3=0.6264 top5=0.7056 ed=1.0523 rr=0.5392 css=11.60 fit=3.2s infer=0.00035s/inst
2026-09-16 02:16:21 INFO === method gcn ===
2026-09-16 02:16:21 INFO [gcn] epoch 1 val_loss=4.3169 val_acc=0.2978 (0s)
2026-09-16 02:16:21 INFO [gcn] epoch 10 val_loss=4.2987 val_acc=0.3244 (0s)
2026-09-16 02:16:22 INFO [gcn] epoch 20 val_loss=3.9320 val_acc=0.3689 (1s)
2026-09-16 02:16:22 INFO [gcn] epoch 30 val_loss=3.2562 val_acc=0.3733 (1s)
2026-09-16 02:16:22 INFO [gcn] epoch 40 val_loss=2.7964 val_acc=0.3778 (2s)
2026-09-16 02:16:23 INFO [gcn] epoch 50 val_loss=2.6054 val_acc=0.3867 (2s)
2026-09-16 02:16:23 INFO [gcn] trained 54 epochs, best val_loss=2.5954, 2s
2026-09-16 02:16:23 INFO [gcn] 500/7500 top1=0.450 top5=0.972 ed=0.586 rr=0.665 (0s)
2026-09-16 02:16:23 INFO [gcn] 1000/7500 top1=0.461 top5=0.871 ed=0.645 rr=0.634 (0s)
2026-09-16 02:16:23 INFO [gcn] 1500/7500 top1=0.472 top5=0.849 ed=0.665 rr=0.633 (1s)
2026-09-16 02:16:24 INFO [gcn] 2000/7500 top1=0.477 top5=0.802 ed=0.717 rr=0.620 (1s)
2026-09-16 02:16:24 INFO [gcn] 2500/7500 top1=0.473 top5=0.762 ed=0.748 rr=0.605 (1s)
2026-09-16 02:16:24 INFO [gcn] 3000/7500 top1=0.468 top5=0.746 ed=0.758 rr=0.596 (1s)
2026-09-16 02:16:24 INFO [gcn] 3500/7500 top1=0.443 top5=0.723 ed=0.777 rr=0.574 (1s)
2026-09-16 02:16:24 INFO [gcn] 4000/7500 top1=0.442 top5=0.699 ed=0.771 rr=0.565 (1s)
2026-09-16 02:16:24 INFO [gcn] 4500/7500 top1=0.448 top5=0.690 ed=0.766 rr=0.564 (1s)
2026-09-16 02:16:25 INFO [gcn] 5000/7500 top1=0.454 top5=0.677 ed=0.752 rr=0.564 (2s)
2026-09-16 02:16:25 INFO [gcn] 5500/7500 top1=0.462 top5=0.682 ed=0.730 rr=0.571 (2s)
2026-09-16 02:16:25 INFO [gcn] 6000/7500 top1=0.461 top5=0.684 ed=0.724 rr=0.570 (2s)
2026-09-16 02:16:25 INFO [gcn] 6500/7500 top1=0.459 top5=0.678 ed=0.738 rr=0.567 (2s)
2026-09-16 02:16:25 INFO [gcn] 7000/7500 top1=0.446 top5=0.664 ed=0.760 rr=0.555 (2s)
2026-09-16 02:16:25 INFO [gcn] 7500/7500 top1=0.446 top5=0.663 ed=0.753 rr=0.554 (2s)
2026-09-16 02:16:25 INFO RESULT iceland gcn: top1=0.4459 top3=0.5905 top5=0.6628 ed=0.7532 rr=0.5541 css=10.73 fit=2.2s infer=0.00033s/inst
2026-09-16 02:16:25 INFO === method gcn_skip ===
2026-09-16 02:16:26 INFO [gcn_skip] epoch 1 val_loss=4.4215 val_acc=0.0356 (0s)
2026-09-16 02:16:26 INFO [gcn_skip] epoch 10 val_loss=3.6699 val_acc=0.2089 (1s)
2026-09-16 02:16:27 INFO [gcn_skip] epoch 20 val_loss=3.0035 val_acc=0.4311 (1s)
2026-09-16 02:16:27 INFO [gcn_skip] epoch 30 val_loss=2.6070 val_acc=0.4356 (2s)
2026-09-16 02:16:28 INFO [gcn_skip] epoch 40 val_loss=2.4041 val_acc=0.4444 (2s)
2026-09-16 02:16:28 INFO [gcn_skip] epoch 50 val_loss=2.2509 val_acc=0.4400 (3s)
2026-09-16 02:16:29 INFO [gcn_skip] epoch 60 val_loss=2.1368 val_acc=0.4844 (3s)
2026-09-16 02:16:29 INFO [gcn_skip] epoch 70 val_loss=2.0808 val_acc=0.4933 (4s)
2026-09-16 02:16:30 INFO [gcn_skip] epoch 80 val_loss=1.9687 val_acc=0.4978 (4s)
2026-09-16 02:16:30 INFO [gcn_skip] epoch 90 val_loss=1.9323 val_acc=0.4978 (5s)
2026-09-16 02:16:31 INFO [gcn_skip] epoch 100 val_loss=1.8494 val_acc=0.4978 (5s)
2026-09-16 02:16:31 INFO [gcn_skip] epoch 110 val_loss=1.8243 val_acc=0.4933 (6s)
2026-09-16 02:16:32 INFO [gcn_skip] epoch 120 val_loss=1.7844 val_acc=0.4978 (6s)
2026-09-16 02:16:32 INFO [gcn_skip] epoch 130 val_loss=1.7621 val_acc=0.5022 (7s)
2026-09-16 02:16:33 INFO [gcn_skip] epoch 140 val_loss=1.7354 val_acc=0.5022 (7s)
2026-09-16 02:16:33 INFO [gcn_skip] epoch 150 val_loss=1.7217 val_acc=0.5067 (8s)
2026-09-16 02:16:34 INFO [gcn_skip] epoch 160 val_loss=1.6944 val_acc=0.5378 (8s)
2026-09-16 02:16:34 INFO [gcn_skip] trained 166 epochs, best val_loss=1.6857, 9s
2026-09-16 02:16:34 INFO [gcn_skip] 500/7500 top1=0.612 top5=0.882 ed=0.642 rr=0.711 (0s)
2026-09-16 02:16:35 INFO [gcn_skip] 1000/7500 top1=0.549 top5=0.842 ed=0.760 rr=0.663 (0s)
2026-09-16 02:16:35 INFO [gcn_skip] 1500/7500 top1=0.603 top5=0.875 ed=0.703 rr=0.709 (1s)
2026-09-16 02:16:35 INFO [gcn_skip] 2000/7500 top1=0.571 top5=0.853 ed=0.769 rr=0.682 (1s)
2026-09-16 02:16:35 INFO [gcn_skip] 2500/7500 top1=0.572 top5=0.851 ed=0.795 rr=0.683 (1s)
2026-09-16 02:16:35 INFO [gcn_skip] 3000/7500 top1=0.565 top5=0.838 ed=0.816 rr=0.674 (1s)
2026-09-16 02:16:35 INFO [gcn_skip] 3500/7500 top1=0.537 top5=0.805 ed=0.851 rr=0.648 (1s)
2026-09-16 02:16:36 INFO [gcn_skip] 4000/7500 top1=0.536 top5=0.801 ed=0.869 rr=0.646 (1s)
2026-09-16 02:16:36 INFO [gcn_skip] 4500/7500 top1=0.543 top5=0.804 ed=0.873 rr=0.650 (1s)
2026-09-16 02:16:36 INFO [gcn_skip] 5000/7500 top1=0.547 top5=0.802 ed=0.876 rr=0.652 (2s)
2026-09-16 02:16:36 INFO [gcn_skip] 5500/7500 top1=0.554 top5=0.806 ed=0.857 rr=0.658 (2s)
2026-09-16 02:16:36 INFO [gcn_skip] 6000/7500 top1=0.551 top5=0.803 ed=0.854 rr=0.655 (2s)
2026-09-16 02:16:36 INFO [gcn_skip] 6500/7500 top1=0.551 top5=0.803 ed=0.855 rr=0.655 (2s)
2026-09-16 02:16:36 INFO [gcn_skip] 7000/7500 top1=0.536 top5=0.794 ed=0.877 rr=0.643 (2s)
2026-09-16 02:16:37 INFO [gcn_skip] 7500/7500 top1=0.526 top5=0.785 ed=0.882 rr=0.635 (2s)
2026-09-16 02:16:37 INFO RESULT iceland gcn_skip: top1=0.5264 top3=0.6975 top5=0.7853 ed=0.8816 rr=0.6353 css=8.28 fit=8.7s infer=0.00033s/inst
2026-09-16 02:16:37 INFO === method igcn ===
2026-09-16 02:16:37 INFO [igcn] epoch 1 val_loss=4.1547 val_acc=0.4400 (0s)
2026-09-16 02:16:38 INFO [igcn] epoch 10 val_loss=3.6953 val_acc=0.4578 (1s)
2026-09-16 02:16:38 INFO [igcn] epoch 20 val_loss=3.3730 val_acc=0.4578 (2s)
2026-09-16 02:16:39 INFO [igcn] epoch 30 val_loss=2.8954 val_acc=0.4578 (3s)
2026-09-16 02:16:40 INFO [igcn] epoch 40 val_loss=2.3341 val_acc=0.4756 (3s)
2026-09-16 02:16:41 INFO [igcn] epoch 50 val_loss=1.9130 val_acc=0.4844 (4s)
2026-09-16 02:16:45 INFO [igcn] epoch 60 val_loss=1.8198 val_acc=0.4889 (8s)
2026-09-16 02:16:46 INFO [igcn] epoch 70 val_loss=1.7773 val_acc=0.4933 (9s)
2026-09-16 02:16:47 INFO [igcn] epoch 80 val_loss=1.7508 val_acc=0.4933 (10s)
2026-09-16 02:16:47 INFO [igcn] epoch 90 val_loss=1.7393 val_acc=0.4933 (11s)
2026-09-16 02:16:48 INFO [igcn] epoch 100 val_loss=1.7274 val_acc=0.4933 (12s)
2026-09-16 02:16:49 INFO [igcn] epoch 110 val_loss=1.7188 val_acc=0.4978 (12s)
2026-09-16 02:16:50 INFO [igcn] epoch 120 val_loss=1.7091 val_acc=0.4978 (13s)
2026-09-16 02:16:51 INFO [igcn] epoch 130 val_loss=1.7059 val_acc=0.4978 (14s)
2026-09-16 02:16:52 INFO [igcn] epoch 140 val_loss=1.6963 val_acc=0.4978 (15s)
2026-09-16 02:16:54 INFO [igcn] epoch 150 val_loss=1.6852 val_acc=0.5022 (18s)
2026-09-16 02:16:55 INFO [igcn] epoch 160 val_loss=1.6765 val_acc=0.5111 (19s)
2026-09-16 02:16:56 INFO [igcn] trained 166 epochs, best val_loss=1.6759, 19s
2026-09-16 02:16:56 INFO [igcn] 500/7500 top1=0.624 top5=0.832 ed=0.738 rr=0.696 (0s)
2026-09-16 02:16:56 INFO [igcn] 1000/7500 top1=0.515 top5=0.787 ed=0.930 rr=0.615 (1s)
2026-09-16 02:16:56 INFO [igcn] 1500/7500 top1=0.593 top5=0.841 ed=0.827 rr=0.681 (1s)
2026-09-16 02:16:57 INFO [igcn] 2000/7500 top1=0.565 top5=0.820 ed=0.896 rr=0.656 (1s)
2026-09-16 02:16:57 INFO [igcn] 2500/7500 top1=0.572 top5=0.828 ed=0.903 rr=0.666 (1s)
2026-09-16 02:16:57 INFO [igcn] 3000/7500 top1=0.559 top5=0.808 ed=0.935 rr=0.654 (1s)
2026-09-16 02:16:57 INFO [igcn] 3500/7500 top1=0.528 top5=0.771 ed=0.982 rr=0.626 (1s)
2026-09-16 02:16:57 INFO [igcn] 4000/7500 top1=0.531 top5=0.770 ed=0.995 rr=0.627 (1s)
2026-09-16 02:16:57 INFO [igcn] 4500/7500 top1=0.537 top5=0.777 ed=0.989 rr=0.634 (2s)
2026-09-16 02:16:57 INFO [igcn] 5000/7500 top1=0.542 top5=0.777 ed=0.993 rr=0.638 (2s)
2026-09-16 02:16:58 INFO [igcn] 5500/7500 top1=0.551 top5=0.785 ed=0.969 rr=0.646 (2s)
2026-09-16 02:16:58 INFO [igcn] 6000/7500 top1=0.550 top5=0.779 ed=0.968 rr=0.644 (2s)
2026-09-16 02:16:58 INFO [igcn] 6500/7500 top1=0.550 top5=0.784 ed=0.967 rr=0.646 (2s)
2026-09-16 02:16:58 INFO [igcn] 7000/7500 top1=0.533 top5=0.770 ed=1.000 rr=0.632 (2s)
2026-09-16 02:16:58 INFO [igcn] 7500/7500 top1=0.522 top5=0.761 ed=1.012 rr=0.623 (3s)
2026-09-16 02:16:58 INFO RESULT iceland igcn: top1=0.5219 top3=0.6769 top5=0.7609 ed=1.0116 rr=0.6227 css=9.08 fit=19.1s infer=0.00035s/inst
2026-09-16 02:16:58 INFO run source_iceland_20260916T021528Z_3366 finished in 90.0s
=== dolphin ===
2026-09-16 02:17:03 INFO run source_dolphin_20260916T021703Z_3683 started, dir=/home/user/trace_e/results/runs/source_dolphin_20260916T021703Z_3683
2026-09-16 02:17:03 INFO network dolphin: {'n_nodes': 62, 'n_edges': 159, 'avg_degree': 5.129032258064516, 'n_components': 1, 'lcc_size': 62}
2026-09-16 02:17:03 INFO train: 620 outbreaks, avg size 18.99, singletons 140 (0.1s)
2026-09-16 02:17:03 INFO test: 6200 outbreaks, avg size 17.59, singletons 1278 (0.2s)
2026-09-16 02:17:03 INFO === method random ===
2026-09-16 02:17:03 INFO [random] 500/6200 top1=0.298 top5=0.494 ed=1.530 rr=0.348 (0s)
2026-09-16 02:17:03 INFO [random] 1000/6200 top1=0.232 top5=0.458 ed=1.620 rr=0.284 (0s)
2026-09-16 02:17:04 INFO [random] 1500/6200 top1=0.267 top5=0.474 ed=1.559 rr=0.314 (1s)
2026-09-16 02:17:04 INFO [random] 2000/6200 top1=0.247 top5=0.450 ed=1.592 rr=0.292 (1s)
2026-09-16 02:17:04 INFO [random] 2500/6200 top1=0.256 top5=0.450 ed=1.567 rr=0.298 (1s)
2026-09-16 02:17:04 INFO [random] 3000/6200 top1=0.253 top5=0.452 ed=1.568 rr=0.299 (1s)
2026-09-16 02:17:04 INFO [random] 3500/6200 top1=0.261 top5=0.461 ed=1.551 rr=0.306 (1s)
2026-09-16 02:17:04 INFO [random] 4000/6200 top1=0.261 top5=0.455 ed=1.558 rr=0.307 (1s)
2026-09-16 02:17:05 INFO [random] 4500/6200 top1=0.255 top5=0.446 ed=1.575 rr=0.301 (1s)
2026-09-16 02:17:05 INFO [random] 5000/6200 top1=0.265 top5=0.459 ed=1.549 rr=0.313 (2s)
2026-09-16 02:17:05 INFO [random] 5500/6200 top1=0.260 top5=0.453 ed=1.565 rr=0.308 (2s)
2026-09-16 02:17:05 INFO [random] 6000/6200 top1=0.268 top5=0.463 ed=1.551 rr=0.317 (2s)
2026-09-16 02:17:05 INFO RESULT dolphin random: top1=0.2748 top3=0.3963 top5=0.4723 ed=1.5397 rr=0.3242 css=16.20 fit=0.0s infer=0.00032s/inst
2026-09-16 02:17:05 INFO === method degree ===
2026-09-16 02:17:05 INFO [degree] 500/6200 top1=0.316 top5=0.490 ed=1.204 rr=0.403 (0s)
2026-09-16 02:17:05 INFO [degree] 1000/6200 top1=0.225 top5=0.454 ed=1.234 rr=0.335 (0s)
2026-09-16 02:17:06 INFO [degree] 1500/6200 top1=0.307 top5=0.541 ed=1.123 rr=0.415 (1s)
2026-09-16 02:17:06 INFO [degree] 2000/6200 top1=0.281 top5=0.507 ed=1.145 rr=0.392 (1s)
2026-09-16 02:17:06 INFO [degree] 2500/6200 top1=0.278 top5=0.491 ed=1.137 rr=0.386 (1s)
2026-09-16 02:17:06 INFO [degree] 3000/6200 top1=0.268 top5=0.493 ed=1.176 rr=0.379 (1s)
2026-09-16 02:17:06 INFO [degree] 3500/6200 top1=0.271 top5=0.498 ed=1.165 rr=0.383 (1s)
2026-09-16 02:17:06 INFO [degree] 4000/6200 top1=0.271 top5=0.504 ed=1.160 rr=0.385 (1s)
2026-09-16 02:17:06 INFO [degree] 4500/6200 top1=0.261 top5=0.487 ed=1.169 rr=0.375 (1s)
2026-09-16 02:17:07 INFO [degree] 5000/6200 top1=0.278 top5=0.506 ed=1.154 rr=0.391 (1s)
2026-09-16 02:17:07 INFO [degree] 5500/6200 top1=0.271 top5=0.503 ed=1.154 rr=0.386 (2s)
2026-09-16 02:17:07 INFO [degree] 6000/6200 top1=0.282 top5=0.509 ed=1.141 rr=0.395 (2s)
2026-09-16 02:17:07 INFO RESULT dolphin degree: top1=0.2882 top3=0.4245 top5=0.5129 ed=1.1331 rr=0.3993 fit=0.0s infer=0.00029s/inst
2026-09-16 02:17:07 INFO === method jordan ===
2026-09-16 02:17:09 INFO [jordan] 500/6200 top1=0.324 top5=0.540 ed=1.256 rr=0.408 (2s)
2026-09-16 02:17:09 INFO [jordan] 1000/6200 top1=0.247 top5=0.518 ed=1.309 rr=0.347 (2s)
2026-09-16 02:17:09 INFO [jordan] 1500/6200 top1=0.280 top5=0.534 ed=1.251 rr=0.371 (2s)
2026-09-16 02:17:09 INFO [jordan] 2000/6200 top1=0.256 top5=0.516 ed=1.263 rr=0.351 (2s)
2026-09-16 02:17:09 INFO [jordan] 2500/6200 top1=0.264 top5=0.511 ed=1.262 rr=0.353 (2s)
2026-09-16 02:17:09 INFO [jordan] 3000/6200 top1=0.257 top5=0.517 ed=1.266 rr=0.353 (3s)
2026-09-16 02:17:10 INFO [jordan] 3500/6200 top1=0.263 top5=0.515 ed=1.256 rr=0.358 (3s)
2026-09-16 02:17:10 INFO [jordan] 4000/6200 top1=0.272 top5=0.520 ed=1.238 rr=0.366 (3s)
2026-09-16 02:17:10 INFO [jordan] 4500/6200 top1=0.266 top5=0.514 ed=1.251 rr=0.360 (3s)
2026-09-16 02:17:10 INFO [jordan] 5000/6200 top1=0.275 top5=0.518 ed=1.237 rr=0.368 (3s)
2026-09-16 02:17:10 INFO [jordan] 5500/6200 top1=0.270 top5=0.512 ed=1.249 rr=0.363 (3s)
2026-09-16 02:17:10 INFO [jordan] 6000/6200 top1=0.277 top5=0.516 ed=1.242 rr=0.369 (3s)
2026-09-16 02:17:10 INFO RESULT dolphin jordan: top1=0.2826 top3=0.4268 top5=0.5206 ed=1.2316 rr=0.3747 fit=0.0s infer=0.00056s/inst
2026-09-16 02:17:10 INFO === method distance ===
2026-09-16 02:17:12 INFO [distance] 500/6200 top1=0.326 top5=0.518 ed=1.124 rr=0.428 (2s)
2026-09-16 02:17:12 INFO [distance] 1000/6200 top1=0.234 top5=0.486 ed=1.201 rr=0.355 (2s)
2026-09-16 02:17:13 INFO [distance] 1500/6200 top1=0.293 top5=0.545 ed=1.131 rr=0.411 (2s)
2026-09-16 02:17:13 INFO [distance] 2000/6200 top1=0.272 top5=0.520 ed=1.139 rr=0.392 (2s)
2026-09-16 02:17:13 INFO [distance] 2500/6200 top1=0.278 top5=0.514 ed=1.122 rr=0.394 (3s)
2026-09-16 02:17:13 INFO [distance] 3000/6200 top1=0.269 top5=0.514 ed=1.142 rr=0.388 (3s)
2026-09-16 02:17:13 INFO [distance] 3500/6200 top1=0.274 top5=0.512 ed=1.135 rr=0.390 (3s)
2026-09-16 02:17:13 INFO [distance] 4000/6200 top1=0.284 top5=0.526 ed=1.112 rr=0.400 (3s)
2026-09-16 02:17:13 INFO [distance] 4500/6200 top1=0.277 top5=0.517 ed=1.119 rr=0.393 (3s)
2026-09-16 02:17:14 INFO [distance] 5000/6200 top1=0.289 top5=0.526 ed=1.108 rr=0.404 (3s)
2026-09-16 02:17:14 INFO [distance] 5500/6200 top1=0.283 top5=0.522 ed=1.116 rr=0.399 (3s)
2026-09-16 02:17:14 INFO [distance] 6000/6200 top1=0.290 top5=0.524 ed=1.114 rr=0.405 (3s)
2026-09-16 02:17:14 INFO RESULT dolphin distance: top1=0.2955 top3=0.4316 top5=0.5276 ed=1.1045 rr=0.4089 fit=0.0s infer=0.00057s/inst
2026-09-16 02:17:14 INFO === method rumor ===
2026-09-16 02:17:16 INFO [rumor] 500/6200 top1=0.312 top5=0.532 ed=1.156 rr=0.428 (2s)
2026-09-16 02:17:16 INFO [rumor] 1000/6200 top1=0.226 top5=0.491 ed=1.248 rr=0.356 (2s)
2026-09-16 02:17:16 INFO [rumor] 1500/6200 top1=0.273 top5=0.531 ed=1.181 rr=0.399 (2s)
2026-09-16 02:17:16 INFO [rumor] 2000/6200 top1=0.256 top5=0.513 ed=1.192 rr=0.382 (2s)
2026-09-16 02:17:16 INFO [rumor] 2500/6200 top1=0.258 top5=0.518 ed=1.182 rr=0.386 (3s)
2026-09-16 02:17:17 INFO [rumor] 3000/6200 top1=0.252 top5=0.513 ed=1.193 rr=0.380 (3s)
2026-09-16 02:17:17 INFO [rumor] 3500/6200 top1=0.257 top5=0.505 ed=1.182 rr=0.381 (3s)
2026-09-16 02:17:17 INFO [rumor] 4000/6200 top1=0.271 top5=0.525 ed=1.166 rr=0.397 (3s)
2026-09-16 02:17:17 INFO [rumor] 4500/6200 top1=0.265 top5=0.519 ed=1.172 rr=0.390 (3s)
2026-09-16 02:17:17 INFO [rumor] 5000/6200 top1=0.275 top5=0.523 ed=1.156 rr=0.398 (3s)
2026-09-16 02:17:17 INFO [rumor] 5500/6200 top1=0.277 top5=0.521 ed=1.158 rr=0.399 (3s)
2026-09-16 02:17:17 INFO [rumor] 6000/6200 top1=0.285 top5=0.522 ed=1.155 rr=0.404 (4s)
2026-09-16 02:17:17 INFO RESULT dolphin rumor: top1=0.2900 top3=0.4347 top5=0.5261 ed=1.1481 rr=0.4089 fit=0.0s infer=0.00057s/inst
2026-09-16 02:17:17 INFO === method netsleuth ===
2026-09-16 02:17:44 INFO [netsleuth] 500/6200 top1=0.418 top5=0.602 ed=1.612 rr=0.517 (27s)
2026-09-16 02:17:44 INFO [netsleuth] 1000/6200 top1=0.264 top5=0.547 ed=1.845 rr=0.401 (27s)
2026-09-16 02:17:44 INFO [netsleuth] 1500/6200 top1=0.314 top5=0.565 ed=1.714 rr=0.440 (27s)
2026-09-16 02:17:44 INFO [netsleuth] 2000/6200 top1=0.280 top5=0.520 ed=1.798 rr=0.406 (27s)
2026-09-16 02:17:45 INFO [netsleuth] 2500/6200 top1=0.290 top5=0.514 ed=1.777 rr=0.411 (27s)
2026-09-16 02:17:45 INFO [netsleuth] 3000/6200 top1=0.287 top5=0.536 ed=1.773 rr=0.414 (27s)
2026-09-16 02:17:45 INFO [netsleuth] 3500/6200 top1=0.294 top5=0.546 ed=1.750 rr=0.423 (27s)
2026-09-16 02:17:45 INFO [netsleuth] 4000/6200 top1=0.300 top5=0.541 ed=1.746 rr=0.425 (28s)
2026-09-16 02:17:45 INFO [netsleuth] 4500/6200 top1=0.286 top5=0.527 ed=1.786 rr=0.411 (28s)
2026-09-16 02:17:45 INFO [netsleuth] 5000/6200 top1=0.309 top5=0.541 ed=1.732 rr=0.430 (28s)
2026-09-16 02:17:45 INFO [netsleuth] 5500/6200 top1=0.303 top5=0.537 ed=1.737 rr=0.425 (28s)
2026-09-16 02:17:45 INFO [netsleuth] 6000/6200 top1=0.320 top5=0.557 ed=1.696 rr=0.441 (28s)
2026-09-16 02:17:46 INFO RESULT dolphin netsleuth: top1=0.3302 top3=0.4687 top5=0.5676 ed=1.6697 rr=0.4510 fit=0.0s infer=0.00454s/inst
2026-09-16 02:17:46 INFO === method dmp ===
2026-09-16 02:17:59 INFO [dmp] 500/6200 top1=0.464 top5=0.642 ed=1.006 rr=0.555 (14s)
2026-09-16 02:17:59 INFO [dmp] 1000/6200 top1=0.337 top5=0.651 ed=1.153 rr=0.481 (14s)
2026-09-16 02:18:00 INFO [dmp] 1500/6200 top1=0.365 top5=0.668 ed=1.083 rr=0.502 (14s)
2026-09-16 02:18:00 INFO [dmp] 2000/6200 top1=0.327 top5=0.630 ed=1.134 rr=0.468 (14s)
2026-09-16 02:18:00 INFO [dmp] 2500/6200 top1=0.334 top5=0.626 ed=1.136 rr=0.471 (14s)
2026-09-16 02:18:00 INFO [dmp] 3000/6200 top1=0.329 top5=0.630 ed=1.129 rr=0.470 (15s)
2026-09-16 02:18:00 INFO [dmp] 3500/6200 top1=0.339 top5=0.641 ed=1.116 rr=0.480 (15s)
2026-09-16 02:18:00 INFO [dmp] 4000/6200 top1=0.345 top5=0.638 ed=1.104 rr=0.482 (15s)
2026-09-16 02:18:01 INFO [dmp] 4500/6200 top1=0.334 top5=0.627 ed=1.122 rr=0.472 (15s)
2026-09-16 02:18:01 INFO [dmp] 5000/6200 top1=0.349 top5=0.637 ed=1.094 rr=0.485 (15s)
2026-09-16 02:18:01 INFO [dmp] 5500/6200 top1=0.344 top5=0.631 ed=1.100 rr=0.480 (15s)
2026-09-16 02:18:01 INFO [dmp] 6000/6200 top1=0.356 top5=0.637 ed=1.081 rr=0.489 (15s)
2026-09-16 02:18:01 INFO RESULT dolphin dmp: top1=0.3642 top3=0.5384 top5=0.6426 ed=1.0684 rr=0.4962 css=3.77 fit=0.0s infer=0.00251s/inst
2026-09-16 02:18:01 INFO === method sme ===
2026-09-16 02:18:01 INFO [sme] 500/6200 top1=0.298 top5=0.514 ed=1.438 rr=0.417 (0s)
2026-09-16 02:18:02 INFO [sme] 1000/6200 top1=0.243 top5=0.506 ed=1.420 rr=0.382 (1s)
2026-09-16 02:18:02 INFO [sme] 1500/6200 top1=0.289 top5=0.529 ed=1.336 rr=0.417 (1s)
2026-09-16 02:18:02 INFO [sme] 2000/6200 top1=0.263 top5=0.512 ed=1.385 rr=0.394 (1s)
2026-09-16 02:18:02 INFO [sme] 2500/6200 top1=0.268 top5=0.491 ed=1.386 rr=0.390 (1s)
2026-09-16 02:18:02 INFO [sme] 3000/6200 top1=0.268 top5=0.500 ed=1.397 rr=0.394 (1s)
2026-09-16 02:18:02 INFO [sme] 3500/6200 top1=0.280 top5=0.511 ed=1.389 rr=0.406 (1s)
2026-09-16 02:18:03 INFO [sme] 4000/6200 top1=0.282 top5=0.508 ed=1.384 rr=0.405 (1s)
2026-09-16 02:18:03 INFO [sme] 4500/6200 top1=0.277 top5=0.501 ed=1.395 rr=0.399 (2s)
2026-09-16 02:18:03 INFO [sme] 5000/6200 top1=0.291 top5=0.507 ed=1.374 rr=0.409 (2s)
2026-09-16 02:18:03 INFO [sme] 5500/6200 top1=0.283 top5=0.499 ed=1.384 rr=0.402 (2s)
2026-09-16 02:18:03 INFO [sme] 6000/6200 top1=0.295 top5=0.507 ed=1.365 rr=0.411 (2s)
2026-09-16 02:18:03 INFO RESULT dolphin sme: top1=0.3032 top3=0.4350 top5=0.5140 ed=1.3498 rr=0.4189 css=9.54 fit=0.0s infer=0.00035s/inst
2026-09-16 02:18:03 INFO === method mcs ===
2026-09-16 02:18:04 INFO [mcs] 500/6200 top1=0.316 top5=0.562 ed=1.322 rr=0.434 (0s)
2026-09-16 02:18:04 INFO [mcs] 1000/6200 top1=0.273 top5=0.529 ed=1.324 rr=0.401 (0s)
2026-09-16 02:18:04 INFO [mcs] 1500/6200 top1=0.295 top5=0.564 ed=1.258 rr=0.426 (1s)
2026-09-16 02:18:04 INFO [mcs] 2000/6200 top1=0.262 top5=0.531 ed=1.319 rr=0.395 (1s)
2026-09-16 02:18:04 INFO [mcs] 2500/6200 top1=0.277 top5=0.531 ed=1.296 rr=0.405 (1s)
2026-09-16 02:18:04 INFO [mcs] 3000/6200 top1=0.285 top5=0.543 ed=1.286 rr=0.414 (1s)
2026-09-16 02:18:04 INFO [mcs] 3500/6200 top1=0.292 top5=0.551 ed=1.272 rr=0.421 (1s)
2026-09-16 02:18:05 INFO [mcs] 4000/6200 top1=0.297 top5=0.556 ed=1.266 rr=0.426 (1s)
2026-09-16 02:18:05 INFO [mcs] 4500/6200 top1=0.293 top5=0.549 ed=1.280 rr=0.420 (1s)
2026-09-16 02:18:05 INFO [mcs] 5000/6200 top1=0.306 top5=0.556 ed=1.263 rr=0.431 (2s)
2026-09-16 02:18:05 INFO [mcs] 5500/6200 top1=0.301 top5=0.544 ed=1.269 rr=0.424 (2s)
2026-09-16 02:18:05 INFO [mcs] 6000/6200 top1=0.311 top5=0.555 ed=1.253 rr=0.435 (2s)
2026-09-16 02:18:05 INFO RESULT dolphin mcs: top1=0.3213 top3=0.4682 top5=0.5623 ed=1.2374 rr=0.4433 css=2.75 fit=0.0s infer=0.00032s/inst
2026-09-16 02:18:05 INFO === method mlp ===
2026-09-16 02:18:07 INFO [mlp] epoch 1 val_loss=4.1277 val_acc=0.2688 (0s)
2026-09-16 02:18:07 INFO [mlp] epoch 10 val_loss=4.0726 val_acc=0.2849 (1s)
2026-09-16 02:18:07 INFO [mlp] epoch 20 val_loss=3.3608 val_acc=0.2849 (1s)
2026-09-16 02:18:07 INFO [mlp] epoch 30 val_loss=2.2392 val_acc=0.3011 (1s)
2026-09-16 02:18:08 INFO [mlp] epoch 40 val_loss=2.2323 val_acc=0.3011 (2s)
2026-09-16 02:18:08 INFO [mlp] epoch 50 val_loss=2.2316 val_acc=0.3011 (2s)
2026-09-16 02:18:08 INFO [mlp] epoch 60 val_loss=2.2305 val_acc=0.3011 (2s)
2026-09-16 02:18:09 INFO [mlp] epoch 70 val_loss=2.2278 val_acc=0.3011 (2s)
2026-09-16 02:18:18 INFO [mlp] epoch 80 val_loss=2.2168 val_acc=0.3011 (11s)
2026-09-16 02:18:21 INFO [mlp] epoch 90 val_loss=2.1885 val_acc=0.3011 (15s)
2026-09-16 02:18:21 INFO [mlp] trained 99 epochs, best val_loss=2.1837, 15s
2026-09-16 02:18:21 INFO [mlp] 500/6200 top1=0.342 top5=0.636 ed=1.302 rr=0.419 (0s)
2026-09-16 02:18:22 INFO [mlp] 1000/6200 top1=0.277 top5=0.601 ed=1.403 rr=0.362 (0s)
2026-09-16 02:18:22 INFO [mlp] 1500/6200 top1=0.298 top5=0.595 ed=1.345 rr=0.381 (1s)
2026-09-16 02:18:22 INFO [mlp] 2000/6200 top1=0.276 top5=0.567 ed=1.371 rr=0.360 (1s)
2026-09-16 02:18:22 INFO [mlp] 2500/6200 top1=0.280 top5=0.558 ed=1.368 rr=0.363 (1s)
2026-09-16 02:18:22 INFO [mlp] 3000/6200 top1=0.278 top5=0.560 ed=1.371 rr=0.364 (1s)
2026-09-16 02:18:22 INFO [mlp] 3500/6200 top1=0.285 top5=0.567 ed=1.357 rr=0.371 (1s)
2026-09-16 02:18:23 INFO [mlp] 4000/6200 top1=0.287 top5=0.563 ed=1.355 rr=0.371 (1s)
2026-09-16 02:18:23 INFO [mlp] 4500/6200 top1=0.283 top5=0.555 ed=1.368 rr=0.366 (2s)
2026-09-16 02:18:23 INFO [mlp] 5000/6200 top1=0.294 top5=0.564 ed=1.348 rr=0.377 (2s)
2026-09-16 02:18:23 INFO [mlp] 5500/6200 top1=0.288 top5=0.557 ed=1.359 rr=0.371 (2s)
2026-09-16 02:18:23 INFO [mlp] 6000/6200 top1=0.296 top5=0.564 ed=1.339 rr=0.380 (2s)
2026-09-16 02:18:23 INFO RESULT dolphin mlp: top1=0.3040 top3=0.4673 top5=0.5705 ed=1.3294 rr=0.3867 css=15.79 fit=15.9s infer=0.00034s/inst
2026-09-16 02:18:23 INFO === method gcn ===
2026-09-16 02:18:26 INFO [gcn] epoch 1 val_loss=4.1265 val_acc=0.1129 (3s)
2026-09-16 02:18:51 INFO [gcn] epoch 10 val_loss=4.1142 val_acc=0.1344 (27s)
2026-09-16 02:19:12 INFO [gcn] epoch 20 val_loss=3.9515 val_acc=0.1452 (48s)
2026-09-16 02:19:12 INFO [gcn] epoch 30 val_loss=3.4487 val_acc=0.1398 (49s)
2026-09-16 02:19:13 INFO [gcn] epoch 40 val_loss=3.2065 val_acc=0.1720 (49s)
2026-09-16 02:19:13 INFO [gcn] epoch 50 val_loss=3.0211 val_acc=0.2043 (50s)
2026-09-16 02:19:14 INFO [gcn] epoch 60 val_loss=2.9393 val_acc=0.1989 (50s)
2026-09-16 02:19:23 INFO [gcn] epoch 70 val_loss=2.9175 val_acc=0.1989 (60s)
2026-09-16 02:19:23 INFO [gcn] epoch 80 val_loss=2.8931 val_acc=0.1935 (60s)
2026-09-16 02:19:24 INFO [gcn] epoch 90 val_loss=2.8832 val_acc=0.1989 (60s)
2026-09-16 02:19:24 INFO [gcn] epoch 100 val_loss=2.8773 val_acc=0.1989 (61s)
2026-09-16 02:19:24 INFO [gcn] epoch 110 val_loss=2.8750 val_acc=0.2043 (61s)
2026-09-16 02:19:25 INFO [gcn] epoch 120 val_loss=2.8717 val_acc=0.2151 (61s)
2026-09-16 02:19:51 INFO [gcn] epoch 130 val_loss=2.8657 val_acc=0.2204 (88s)
2026-09-16 02:20:19 INFO [gcn] epoch 140 val_loss=2.8685 val_acc=0.2151 (116s)
2026-09-16 02:20:23 INFO [gcn] trained 148 epochs, best val_loss=2.8565, 119s
2026-09-16 02:20:23 INFO [gcn] 500/6200 top1=0.354 top5=0.624 ed=1.140 rr=0.482 (0s)
2026-09-16 02:20:23 INFO [gcn] 1000/6200 top1=0.243 top5=0.623 ed=1.185 rr=0.400 (0s)
2026-09-16 02:20:23 INFO [gcn] 1500/6200 top1=0.301 top5=0.681 ed=1.098 rr=0.462 (1s)
2026-09-16 02:20:23 INFO [gcn] 2000/6200 top1=0.291 top5=0.648 ed=1.126 rr=0.445 (1s)
2026-09-16 02:20:23 INFO [gcn] 2500/6200 top1=0.291 top5=0.608 ed=1.126 rr=0.434 (1s)
2026-09-16 02:20:24 INFO [gcn] 3000/6200 top1=0.286 top5=0.619 ed=1.134 rr=0.437 (1s)
2026-09-16 02:20:24 INFO [gcn] 3500/6200 top1=0.299 top5=0.633 ed=1.119 rr=0.450 (1s)
2026-09-16 02:20:24 INFO [gcn] 4000/6200 top1=0.302 top5=0.628 ed=1.130 rr=0.451 (1s)
2026-09-16 02:20:24 INFO [gcn] 4500/6200 top1=0.293 top5=0.608 ed=1.152 rr=0.440 (2s)
2026-09-16 02:20:24 INFO [gcn] 5000/6200 top1=0.313 top5=0.628 ed=1.124 rr=0.460 (2s)
2026-09-16 02:20:24 INFO [gcn] 5500/6200 top1=0.315 top5=0.616 ed=1.119 rr=0.459 (2s)
2026-09-16 02:20:25 INFO [gcn] 6000/6200 top1=0.331 top5=0.624 ed=1.102 rr=0.471 (2s)
2026-09-16 02:20:25 INFO RESULT dolphin gcn: top1=0.3400 top3=0.5182 top5=0.6295 ed=1.0935 rr=0.4781 css=12.81 fit=119.2s infer=0.00032s/inst
2026-09-16 02:20:25 INFO === method gcn_skip ===
2026-09-16 02:20:30 INFO [gcn_skip] epoch 1 val_loss=4.1768 val_acc=0.0161 (6s)
2026-09-16 02:20:53 INFO [gcn_skip] epoch 10 val_loss=3.3074 val_acc=0.2043 (29s)
2026-09-16 02:21:08 INFO [gcn_skip] epoch 20 val_loss=2.5848 val_acc=0.3280 (43s)
2026-09-16 02:22:01 INFO [gcn_skip] epoch 30 val_loss=2.4899 val_acc=0.3118 (96s)
2026-09-16 02:22:54 INFO [gcn_skip] epoch 40 val_loss=2.2807 val_acc=0.3495 (150s)
2026-09-16 02:23:47 INFO [gcn_skip] epoch 50 val_loss=2.2342 val_acc=0.3387 (203s)
2026-09-16 02:24:23 INFO [gcn_skip] trained 57 epochs, best val_loss=2.1951, 239s
2026-09-16 02:24:29 INFO [gcn_skip] 500/6200 top1=0.382 top5=0.662 ed=1.058 rr=0.512 (5s)
2026-09-16 02:24:29 INFO [gcn_skip] 1000/6200 top1=0.298 top5=0.675 ed=1.124 rr=0.465 (6s)
2026-09-16 02:24:29 INFO [gcn_skip] 1500/6200 top1=0.334 top5=0.697 ed=1.075 rr=0.491 (6s)
2026-09-16 02:24:29 INFO [gcn_skip] 2000/6200 top1=0.314 top5=0.676 ed=1.101 rr=0.473 (6s)
2026-09-16 02:24:29 INFO [gcn_skip] 2500/6200 top1=0.326 top5=0.680 ed=1.106 rr=0.481 (6s)
2026-09-16 02:24:29 INFO [gcn_skip] 3000/6200 top1=0.328 top5=0.684 ed=1.096 rr=0.486 (6s)
2026-09-16 02:24:30 INFO [gcn_skip] 3500/6200 top1=0.335 top5=0.687 ed=1.082 rr=0.491 (6s)
2026-09-16 02:24:30 INFO [gcn_skip] 4000/6200 top1=0.336 top5=0.670 ed=1.093 rr=0.487 (7s)
2026-09-16 02:24:30 INFO [gcn_skip] 4500/6200 top1=0.326 top5=0.660 ed=1.115 rr=0.478 (7s)
2026-09-16 02:24:30 INFO [gcn_skip] 5000/6200 top1=0.342 top5=0.673 ed=1.081 rr=0.493 (7s)
2026-09-16 02:24:30 INFO [gcn_skip] 5500/6200 top1=0.339 top5=0.665 ed=1.090 rr=0.489 (7s)
2026-09-16 02:24:30 INFO [gcn_skip] 6000/6200 top1=0.351 top5=0.671 ed=1.073 rr=0.499 (7s)
2026-09-16 02:24:31 INFO RESULT dolphin gcn_skip: top1=0.3606 top3=0.5653 top5=0.6773 ed=1.0600 rr=0.5064 css=11.24 fit=238.6s infer=0.00119s/inst
2026-09-16 02:24:31 INFO === method igcn ===
2026-09-16 02:24:35 INFO [igcn] epoch 1 val_loss=3.9317 val_acc=0.2688 (4s)
2026-09-16 02:25:11 INFO [igcn] epoch 10 val_loss=3.4467 val_acc=0.3118 (41s)
2026-09-16 02:25:52 INFO [igcn] epoch 20 val_loss=3.1684 val_acc=0.3495 (82s)
2026-09-16 02:26:33 INFO [igcn] epoch 30 val_loss=2.8744 val_acc=0.3495 (122s)
2026-09-16 02:27:14 INFO [igcn] epoch 40 val_loss=2.5636 val_acc=0.3548 (163s)
2026-09-16 02:27:54 INFO [igcn] epoch 50 val_loss=2.3204 val_acc=0.3548 (203s)
2026-09-16 02:28:34 INFO [igcn] epoch 60 val_loss=2.1855 val_acc=0.3710 (244s)
2026-09-16 02:29:15 INFO [igcn] epoch 70 val_loss=2.1322 val_acc=0.3871 (284s)
2026-09-16 02:29:55 INFO [igcn] epoch 80 val_loss=2.1100 val_acc=0.3871 (324s)
2026-09-16 02:30:35 INFO [igcn] epoch 90 val_loss=2.0953 val_acc=0.3871 (364s)
2026-09-16 02:31:16 INFO [igcn] epoch 100 val_loss=2.0874 val_acc=0.3817 (405s)
2026-09-16 02:31:56 INFO [igcn] epoch 110 val_loss=2.0816 val_acc=0.3817 (446s)
2026-09-16 02:32:36 INFO [igcn] epoch 120 val_loss=2.0767 val_acc=0.3871 (486s)
2026-09-16 02:33:16 INFO [igcn] epoch 130 val_loss=2.0738 val_acc=0.3871 (525s)
2026-09-16 02:33:55 INFO [igcn] epoch 140 val_loss=2.0697 val_acc=0.3925 (565s)
2026-09-16 02:34:35 INFO [igcn] epoch 150 val_loss=2.0667 val_acc=0.3925 (605s)
2026-09-16 02:35:15 INFO [igcn] epoch 160 val_loss=2.0623 val_acc=0.3925 (645s)
2026-09-16 02:35:34 INFO [igcn] epoch 170 val_loss=2.0599 val_acc=0.3817 (663s)
2026-09-16 02:35:35 INFO [igcn] epoch 180 val_loss=2.0568 val_acc=0.3817 (665s)
2026-09-16 02:35:36 INFO [igcn] epoch 190 val_loss=2.0527 val_acc=0.3817 (666s)
2026-09-16 02:35:37 INFO [igcn] epoch 200 val_loss=2.0511 val_acc=0.3817 (667s)
2026-09-16 02:35:37 INFO [igcn] trained 200 epochs, best val_loss=2.0511, 667s
2026-09-16 02:35:38 INFO [igcn] 500/6200 top1=0.400 top5=0.688 ed=1.218 rr=0.526 (0s)
2026-09-16 02:35:38 INFO [igcn] 1000/6200 top1=0.293 top5=0.665 ed=1.357 rr=0.456 (1s)
2026-09-16 02:35:38 INFO [igcn] 1500/6200 top1=0.333 top5=0.669 ed=1.286 rr=0.482 (1s)
2026-09-16 02:35:38 INFO [igcn] 2000/6200 top1=0.301 top5=0.646 ed=1.357 rr=0.456 (1s)
2026-09-16 02:35:38 INFO [igcn] 2500/6200 top1=0.314 top5=0.642 ed=1.346 rr=0.461 (1s)
2026-09-16 02:35:39 INFO [igcn] 3000/6200 top1=0.314 top5=0.650 ed=1.333 rr=0.465 (1s)
2026-09-16 02:35:39 INFO [igcn] 3500/6200 top1=0.320 top5=0.658 ed=1.317 rr=0.473 (1s)
2026-09-16 02:35:39 INFO [igcn] 4000/6200 top1=0.321 top5=0.642 ed=1.328 rr=0.468 (2s)
2026-09-16 02:35:39 INFO [igcn] 4500/6200 top1=0.312 top5=0.630 ed=1.350 rr=0.459 (2s)
2026-09-16 02:35:39 INFO [igcn] 5000/6200 top1=0.331 top5=0.643 ed=1.312 rr=0.476 (2s)
2026-09-16 02:35:39 INFO [igcn] 5500/6200 top1=0.326 top5=0.636 ed=1.322 rr=0.471 (2s)
2026-09-16 02:35:40 INFO [igcn] 6000/6200 top1=0.343 top5=0.650 ed=1.288 rr=0.485 (2s)
2026-09-16 02:35:40 INFO RESULT dolphin igcn: top1=0.3534 top3=0.5395 top5=0.6566 ed=1.2708 rr=0.4941 css=12.36 fit=666.9s infer=0.00036s/inst
2026-09-16 02:35:40 INFO run source_dolphin_20260916T021703Z_3683 finished in 1116.8s
=== fraternity ===
2026-09-16 02:35:43 INFO run source_fraternity_20260916T023543Z_5579 started, dir=/home/user/trace_e/results/runs/source_fraternity_20260916T023543Z_5579
2026-09-16 02:35:43 INFO network fraternity: {'n_nodes': 58, 'n_edges': 967, 'avg_degree': 33.3448275862069, 'n_components': 1, 'lcc_size': 58}
2026-09-16 02:35:43 INFO train: 580 outbreaks, avg size 55.66, singletons 22 (0.1s)
2026-09-16 02:35:44 INFO test: 5800 outbreaks, avg size 56.04, singletons 188 (1.0s)
2026-09-16 02:35:44 INFO === method random ===
2026-09-16 02:35:45 INFO [random] 500/5800 top1=0.042 top5=0.104 ed=1.378 rr=0.054 (0s)
2026-09-16 02:35:45 INFO [random] 1000/5800 top1=0.055 top5=0.108 ed=1.293 rr=0.063 (1s)
2026-09-16 02:35:45 INFO [random] 1500/5800 top1=0.055 top5=0.105 ed=1.303 rr=0.062 (1s)
2026-09-16 02:35:46 INFO [random] 2000/5800 top1=0.052 top5=0.105 ed=1.306 rr=0.060 (1s)
2026-09-16 02:35:46 INFO [random] 2500/5800 top1=0.050 top5=0.107 ed=1.328 rr=0.061 (1s)
2026-09-16 02:35:46 INFO [random] 3000/5800 top1=0.051 top5=0.112 ed=1.329 rr=0.064 (2s)
2026-09-16 02:35:46 INFO [random] 3500/5800 top1=0.052 top5=0.114 ed=1.331 rr=0.064 (2s)
2026-09-16 02:35:47 INFO [random] 4000/5800 top1=0.051 top5=0.112 ed=1.332 rr=0.064 (2s)
2026-09-16 02:35:47 INFO [random] 4500/5800 top1=0.051 top5=0.112 ed=1.336 rr=0.065 (2s)
2026-09-16 02:35:47 INFO [random] 5000/5800 top1=0.051 top5=0.112 ed=1.338 rr=0.065 (3s)
2026-09-16 02:35:47 INFO [random] 5500/5800 top1=0.052 top5=0.114 ed=1.349 rr=0.067 (3s)
2026-09-16 02:35:47 INFO RESULT fraternity random: top1=0.0516 top3=0.0857 top5=0.1140 ed=1.3445 rr=0.0659 css=51.20 fit=0.0s infer=0.00052s/inst
2026-09-16 02:35:47 INFO === method degree ===
2026-09-16 02:35:48 INFO [degree] 500/5800 top1=0.018 top5=0.218 ed=0.980 rr=0.128 (0s)
2026-09-16 02:35:48 INFO [degree] 1000/5800 top1=0.129 top5=0.280 ed=0.871 rr=0.221 (1s)
2026-09-16 02:35:48 INFO [degree] 1500/5800 top1=0.095 top5=0.196 ed=0.971 rr=0.169 (1s)
2026-09-16 02:35:49 INFO [degree] 2000/5800 top1=0.077 top5=0.202 ed=0.973 rr=0.161 (1s)
2026-09-16 02:35:49 INFO [degree] 2500/5800 top1=0.067 top5=0.167 ed=1.012 rr=0.140 (1s)
2026-09-16 02:35:49 INFO [degree] 3000/5800 top1=0.064 top5=0.147 ed=1.002 rr=0.134 (2s)
2026-09-16 02:35:49 INFO [degree] 3500/5800 top1=0.060 top5=0.146 ed=0.997 rr=0.130 (2s)
2026-09-16 02:35:49 INFO [degree] 4000/5800 top1=0.056 top5=0.131 ed=0.994 rr=0.121 (2s)
2026-09-16 02:35:50 INFO [degree] 4500/5800 top1=0.054 top5=0.121 ed=1.010 rr=0.115 (2s)
2026-09-16 02:35:50 INFO [degree] 5000/5800 top1=0.052 top5=0.112 ed=1.006 rr=0.111 (2s)
2026-09-16 02:35:50 INFO [degree] 5500/5800 top1=0.052 top5=0.107 ed=1.033 rr=0.110 (3s)
2026-09-16 02:35:50 INFO RESULT fraternity degree: top1=0.0500 top3=0.0847 top5=0.1195 ed=1.0302 rr=0.1111 fit=0.0s infer=0.00048s/inst
2026-09-16 02:35:50 INFO === method jordan ===
2026-09-16 02:36:13 INFO [jordan] 500/5800 top1=0.040 top5=0.120 ed=1.318 rr=0.055 (23s)
2026-09-16 02:36:14 INFO [jordan] 1000/5800 top1=0.052 top5=0.115 ed=1.239 rr=0.064 (23s)
2026-09-16 02:36:14 INFO [jordan] 1500/5800 top1=0.052 top5=0.109 ed=1.230 rr=0.065 (24s)
2026-09-16 02:36:14 INFO [jordan] 2000/5800 top1=0.051 top5=0.116 ed=1.235 rr=0.064 (24s)
2026-09-16 02:36:14 INFO [jordan] 2500/5800 top1=0.048 top5=0.115 ed=1.264 rr=0.063 (24s)
2026-09-16 02:36:15 INFO [jordan] 3000/5800 top1=0.051 top5=0.114 ed=1.267 rr=0.066 (24s)
2026-09-16 02:36:15 INFO [jordan] 3500/5800 top1=0.052 top5=0.116 ed=1.273 rr=0.067 (24s)
2026-09-16 02:36:15 INFO [jordan] 4000/5800 top1=0.051 top5=0.117 ed=1.274 rr=0.066 (25s)
2026-09-16 02:36:15 INFO [jordan] 4500/5800 top1=0.051 top5=0.118 ed=1.276 rr=0.067 (25s)
2026-09-16 02:36:15 INFO [jordan] 5000/5800 top1=0.053 top5=0.122 ed=1.278 rr=0.068 (25s)
2026-09-16 02:36:16 INFO [jordan] 5500/5800 top1=0.054 top5=0.121 ed=1.287 rr=0.069 (25s)
2026-09-16 02:36:16 INFO RESULT fraternity jordan: top1=0.0533 top3=0.0876 top5=0.1209 ed=1.2822 rr=0.0684 fit=0.0s infer=0.00439s/inst
2026-09-16 02:36:16 INFO === method distance ===
2026-09-16 02:36:39 INFO [distance] 500/5800 top1=0.018 top5=0.218 ed=0.980 rr=0.128 (24s)
2026-09-16 02:36:39 INFO [distance] 1000/5800 top1=0.129 top5=0.280 ed=0.871 rr=0.221 (24s)
2026-09-16 02:36:40 INFO [distance] 1500/5800 top1=0.095 top5=0.196 ed=0.971 rr=0.169 (24s)
2026-09-16 02:36:40 INFO [distance] 2000/5800 top1=0.077 top5=0.202 ed=0.973 rr=0.161 (24s)
2026-09-16 02:36:40 INFO [distance] 2500/5800 top1=0.067 top5=0.167 ed=1.012 rr=0.140 (24s)
2026-09-16 02:36:40 INFO [distance] 3000/5800 top1=0.064 top5=0.147 ed=1.002 rr=0.135 (25s)
2026-09-16 02:36:41 INFO [distance] 3500/5800 top1=0.060 top5=0.146 ed=0.997 rr=0.130 (25s)
2026-09-16 02:36:41 INFO [distance] 4000/5800 top1=0.056 top5=0.131 ed=0.994 rr=0.121 (25s)
2026-09-16 02:36:41 INFO [distance] 4500/5800 top1=0.054 top5=0.121 ed=1.010 rr=0.115 (25s)
2026-09-16 02:36:41 INFO [distance] 5000/5800 top1=0.052 top5=0.112 ed=1.006 rr=0.111 (25s)
2026-09-16 02:36:41 INFO [distance] 5500/5800 top1=0.052 top5=0.107 ed=1.033 rr=0.110 (26s)
2026-09-16 02:36:41 INFO RESULT fraternity distance: top1=0.0500 top3=0.0847 top5=0.1195 ed=1.0302 rr=0.1111 fit=0.0s infer=0.00443s/inst
2026-09-16 02:36:41 INFO === method rumor ===
2026-09-16 02:37:02 INFO [rumor] 500/5800 top1=0.022 top5=0.218 ed=0.978 rr=0.167 (21s)
2026-09-16 02:37:02 INFO [rumor] 1000/5800 top1=0.128 top5=0.230 ed=0.874 rr=0.235 (21s)
2026-09-16 02:37:03 INFO [rumor] 1500/5800 top1=0.095 top5=0.163 ed=0.973 rr=0.180 (21s)
2026-09-16 02:37:03 INFO [rumor] 2000/5800 top1=0.076 top5=0.177 ed=0.975 rr=0.165 (21s)
2026-09-16 02:37:03 INFO [rumor] 2500/5800 top1=0.067 top5=0.147 ed=1.014 rr=0.143 (21s)
2026-09-16 02:37:03 INFO [rumor] 3000/5800 top1=0.064 top5=0.133 ed=1.004 rr=0.137 (22s)
2026-09-16 02:37:03 INFO [rumor] 3500/5800 top1=0.059 top5=0.119 ed=0.999 rr=0.129 (22s)
2026-09-16 02:37:04 INFO [rumor] 4000/5800 top1=0.055 top5=0.131 ed=0.996 rr=0.125 (22s)
2026-09-16 02:37:04 INFO [rumor] 4500/5800 top1=0.054 top5=0.121 ed=1.012 rr=0.119 (22s)
2026-09-16 02:37:04 INFO [rumor] 5000/5800 top1=0.052 top5=0.113 ed=1.007 rr=0.115 (23s)
2026-09-16 02:37:04 INFO [rumor] 5500/5800 top1=0.052 top5=0.107 ed=1.033 rr=0.112 (23s)
2026-09-16 02:37:04 INFO RESULT fraternity rumor: top1=0.0500 top3=0.0843 top5=0.1191 ed=1.0309 rr=0.1115 fit=0.0s infer=0.00394s/inst
2026-09-16 02:37:04 INFO === method netsleuth ===
2026-09-16 02:39:17 INFO [netsleuth] 500/5800 top1=0.020 top5=0.206 ed=1.774 rr=0.124 (133s)
2026-09-16 02:39:17 INFO [netsleuth] 1000/5800 top1=0.029 top5=0.132 ed=1.646 rr=0.100 (133s)
2026-09-16 02:39:18 INFO [netsleuth] 1500/5800 top1=0.029 top5=0.097 ed=1.745 rr=0.083 (133s)
2026-09-16 02:39:18 INFO [netsleuth] 2000/5800 top1=0.027 top5=0.079 ed=1.797 rr=0.078 (134s)
2026-09-16 02:39:18 INFO [netsleuth] 2500/5800 top1=0.027 top5=0.068 ed=1.826 rr=0.076 (134s)
2026-09-16 02:39:18 INFO [netsleuth] 3000/5800 top1=0.031 top5=0.094 ed=1.807 rr=0.090 (134s)
2026-09-16 02:39:18 INFO [netsleuth] 3500/5800 top1=0.032 top5=0.088 ed=1.801 rr=0.088 (134s)
2026-09-16 02:39:19 INFO [netsleuth] 4000/5800 top1=0.031 top5=0.080 ed=1.818 rr=0.085 (134s)
2026-09-16 02:39:19 INFO [netsleuth] 4500/5800 top1=0.032 top5=0.096 ed=1.828 rr=0.089 (135s)
2026-09-16 02:39:19 INFO [netsleuth] 5000/5800 top1=0.032 top5=0.090 ed=1.816 rr=0.090 (135s)
2026-09-16 02:39:19 INFO [netsleuth] 5500/5800 top1=0.050 top5=0.119 ed=1.809 rr=0.111 (135s)
2026-09-16 02:39:19 INFO RESULT fraternity netsleuth: top1=0.0481 top3=0.0797 top5=0.1136 ed=1.8169 rr=0.1073 fit=0.0s infer=0.02330s/inst
2026-09-16 02:39:19 INFO === method dmp ===
2026-09-16 02:40:17 INFO [dmp] 500/5800 top1=0.046 top5=0.132 ed=1.406 rr=0.113 (57s)
2026-09-16 02:40:17 INFO [dmp] 1000/5800 top1=0.065 top5=0.173 ed=1.309 rr=0.141 (57s)
2026-09-16 02:40:17 INFO [dmp] 1500/5800 top1=0.054 top5=0.145 ed=1.336 rr=0.125 (58s)
2026-09-16 02:40:17 INFO [dmp] 2000/5800 top1=0.050 top5=0.140 ed=1.335 rr=0.120 (58s)
2026-09-16 02:40:18 INFO [dmp] 2500/5800 top1=0.046 top5=0.131 ed=1.366 rr=0.114 (58s)
2026-09-16 02:40:18 INFO [dmp] 3000/5800 top1=0.053 top5=0.138 ed=1.364 rr=0.121 (58s)
2026-09-16 02:40:18 INFO [dmp] 3500/5800 top1=0.053 top5=0.143 ed=1.363 rr=0.122 (59s)
2026-09-16 02:40:18 INFO [dmp] 4000/5800 top1=0.051 top5=0.138 ed=1.361 rr=0.119 (59s)
2026-09-16 02:40:19 INFO [dmp] 4500/5800 top1=0.051 top5=0.135 ed=1.362 rr=0.118 (59s)
2026-09-16 02:40:19 INFO [dmp] 5000/5800 top1=0.050 top5=0.130 ed=1.358 rr=0.116 (60s)
2026-09-16 02:40:19 INFO [dmp] 5500/5800 top1=0.058 top5=0.139 ed=1.358 rr=0.124 (60s)
2026-09-16 02:40:19 INFO RESULT fraternity dmp: top1=0.0572 top3=0.0955 top5=0.1378 ed=1.3531 rr=0.1236 css=47.68 fit=0.0s infer=0.01032s/inst
2026-09-16 02:40:19 INFO === method sme ===
2026-09-16 02:40:20 INFO [sme] 500/5800 top1=0.044 top5=0.112 ed=1.304 rr=0.075 (1s)
2026-09-16 02:40:20 INFO [sme] 1000/5800 top1=0.042 top5=0.079 ed=1.230 rr=0.072 (1s)
2026-09-16 02:40:20 INFO [sme] 1500/5800 top1=0.045 top5=0.096 ed=1.233 rr=0.078 (1s)
2026-09-16 02:40:21 INFO [sme] 2000/5800 top1=0.049 top5=0.118 ed=1.237 rr=0.086 (1s)
2026-09-16 02:40:21 INFO [sme] 2500/5800 top1=0.049 top5=0.115 ed=1.257 rr=0.086 (2s)
2026-09-16 02:40:21 INFO [sme] 3000/5800 top1=0.054 top5=0.130 ed=1.258 rr=0.094 (2s)
2026-09-16 02:40:21 INFO [sme] 3500/5800 top1=0.053 top5=0.130 ed=1.275 rr=0.093 (2s)
2026-09-16 02:40:22 INFO [sme] 4000/5800 top1=0.051 top5=0.128 ed=1.278 rr=0.093 (2s)
2026-09-16 02:40:22 INFO [sme] 4500/5800 top1=0.051 top5=0.119 ed=1.289 rr=0.092 (3s)
2026-09-16 02:40:22 INFO [sme] 5000/5800 top1=0.050 top5=0.122 ed=1.285 rr=0.093 (3s)
2026-09-16 02:40:22 INFO [sme] 5500/5800 top1=0.052 top5=0.121 ed=1.294 rr=0.094 (3s)
2026-09-16 02:40:23 INFO RESULT fraternity sme: top1=0.0500 top3=0.0859 top5=0.1164 ed=1.2948 rr=0.0915 css=47.66 fit=0.0s infer=0.00056s/inst
2026-09-16 02:40:23 INFO === method mcs ===
2026-09-16 02:40:23 INFO [mcs] 500/5800 top1=0.028 top5=0.080 ed=1.316 rr=0.082 (0s)
2026-09-16 02:40:23 INFO [mcs] 1000/5800 top1=0.043 top5=0.114 ed=1.247 rr=0.106 (1s)
2026-09-16 02:40:23 INFO [mcs] 1500/5800 top1=0.048 top5=0.129 ed=1.253 rr=0.117 (1s)
2026-09-16 02:40:24 INFO [mcs] 2000/5800 top1=0.044 top5=0.124 ed=1.252 rr=0.115 (1s)
2026-09-16 02:40:24 INFO [mcs] 2500/5800 top1=0.043 top5=0.115 ed=1.282 rr=0.108 (1s)
2026-09-16 02:40:24 INFO [mcs] 3000/5800 top1=0.047 top5=0.120 ed=1.290 rr=0.113 (1s)
2026-09-16 02:40:24 INFO [mcs] 3500/5800 top1=0.048 top5=0.123 ed=1.286 rr=0.115 (2s)
2026-09-16 02:40:25 INFO [mcs] 4000/5800 top1=0.046 top5=0.120 ed=1.295 rr=0.113 (2s)
2026-09-16 02:40:25 INFO [mcs] 4500/5800 top1=0.046 top5=0.115 ed=1.300 rr=0.109 (2s)
2026-09-16 02:40:25 INFO [mcs] 5000/5800 top1=0.046 top5=0.115 ed=1.306 rr=0.109 (2s)
2026-09-16 02:40:25 INFO [mcs] 5500/5800 top1=0.048 top5=0.115 ed=1.311 rr=0.110 (3s)
2026-09-16 02:40:25 INFO RESULT fraternity mcs: top1=0.0467 top3=0.0802 top5=0.1140 ed=1.3086 rr=0.1084 css=11.04 fit=0.0s infer=0.00049s/inst
2026-09-16 02:40:25 INFO === method mlp ===
2026-09-16 02:40:27 INFO [mlp] epoch 1 val_loss=4.0601 val_acc=0.0172 (0s)
2026-09-16 02:40:27 INFO [mlp] epoch 10 val_loss=4.0589 val_acc=0.0345 (0s)
2026-09-16 02:40:27 INFO [mlp] epoch 20 val_loss=4.0565 val_acc=0.0345 (0s)
2026-09-16 02:40:27 INFO [mlp] trained 27 epochs, best val_loss=4.0562, 1s
2026-09-16 02:40:27 INFO [mlp] 500/5800 top1=0.028 top5=0.110 ed=1.376 rr=0.065 (0s)
2026-09-16 02:40:28 INFO [mlp] 1000/5800 top1=0.042 top5=0.126 ed=1.294 rr=0.075 (1s)
2026-09-16 02:40:28 INFO [mlp] 1500/5800 top1=0.047 top5=0.123 ed=1.302 rr=0.075 (1s)
2026-09-16 02:40:28 INFO [mlp] 2000/5800 top1=0.048 top5=0.117 ed=1.298 rr=0.073 (1s)
2026-09-16 02:40:28 INFO [mlp] 2500/5800 top1=0.048 top5=0.117 ed=1.319 rr=0.073 (1s)
2026-09-16 02:40:29 INFO [mlp] 3000/5800 top1=0.051 top5=0.117 ed=1.322 rr=0.076 (1s)
2026-09-16 02:40:29 INFO [mlp] 3500/5800 top1=0.051 top5=0.116 ed=1.320 rr=0.076 (2s)
2026-09-16 02:40:29 INFO [mlp] 4000/5800 top1=0.050 top5=0.116 ed=1.323 rr=0.075 (2s)
2026-09-16 02:40:29 INFO [mlp] 4500/5800 top1=0.050 top5=0.117 ed=1.324 rr=0.076 (2s)
2026-09-16 02:40:30 INFO [mlp] 5000/5800 top1=0.051 top5=0.116 ed=1.327 rr=0.077 (3s)
2026-09-16 02:40:30 INFO [mlp] 5500/5800 top1=0.052 top5=0.117 ed=1.338 rr=0.078 (3s)
2026-09-16 02:40:30 INFO RESULT fraternity mlp: top1=0.0514 top3=0.0907 top5=0.1174 ed=1.3307 rr=0.0773 css=50.24 fit=1.7s infer=0.00050s/inst
2026-09-16 02:40:30 INFO === method gcn ===
2026-09-16 02:40:30 INFO [gcn] epoch 1 val_loss=4.0604 val_acc=0.0172 (0s)
2026-09-16 02:40:30 INFO [gcn] trained 7 epochs, best val_loss=4.0604, 0s
2026-09-16 02:40:31 INFO [gcn] 500/5800 top1=0.020 top5=0.022 ed=1.958 rr=0.079 (0s)
2026-09-16 02:40:31 INFO [gcn] 1000/5800 top1=0.029 top5=0.120 ed=1.844 rr=0.085 (1s)
2026-09-16 02:40:31 INFO [gcn] 1500/5800 top1=0.029 top5=0.089 ed=1.877 rr=0.078 (1s)
2026-09-16 02:40:31 INFO [gcn] 2000/5800 top1=0.027 top5=0.072 ed=1.869 rr=0.076 (1s)
2026-09-16 02:40:32 INFO [gcn] 2500/5800 top1=0.027 top5=0.064 ed=1.890 rr=0.078 (1s)
2026-09-16 02:40:32 INFO [gcn] 3000/5800 top1=0.047 top5=0.090 ed=1.874 rr=0.100 (2s)
2026-09-16 02:40:32 INFO [gcn] 3500/5800 top1=0.045 top5=0.085 ed=1.881 rr=0.098 (2s)
2026-09-16 02:40:32 INFO [gcn] 4000/5800 top1=0.043 top5=0.078 ed=1.866 rr=0.096 (2s)
2026-09-16 02:40:33 INFO [gcn] 4500/5800 top1=0.042 top5=0.094 ed=1.874 rr=0.098 (2s)
2026-09-16 02:40:33 INFO [gcn] 5000/5800 top1=0.042 top5=0.088 ed=1.860 rr=0.096 (3s)
2026-09-16 02:40:33 INFO [gcn] 5500/5800 top1=0.051 top5=0.117 ed=1.856 rr=0.110 (3s)
2026-09-16 02:40:33 INFO RESULT fraternity gcn: top1=0.0490 top3=0.0795 top5=0.1119 ed=1.8614 rr=0.1067 css=51.20 fit=0.3s infer=0.00051s/inst
2026-09-16 02:40:33 INFO === method gcn_skip ===
2026-09-16 02:40:33 INFO [gcn_skip] epoch 1 val_loss=4.0690 val_acc=0.0115 (0s)
2026-09-16 02:40:34 INFO [gcn_skip] trained 6 epochs, best val_loss=4.0690, 0s
2026-09-16 02:40:34 INFO [gcn_skip] 500/5800 top1=0.030 top5=0.202 ed=1.030 rr=0.120 (0s)
2026-09-16 02:40:34 INFO [gcn_skip] 1000/5800 top1=0.119 top5=0.288 ed=0.950 rr=0.214 (1s)
2026-09-16 02:40:34 INFO [gcn_skip] 1500/5800 top1=0.089 top5=0.201 ed=1.005 rr=0.167 (1s)
2026-09-16 02:40:35 INFO [gcn_skip] 2000/5800 top1=0.080 top5=0.201 ed=1.010 rr=0.160 (1s)
2026-09-16 02:40:35 INFO [gcn_skip] 2500/5800 top1=0.069 top5=0.166 ed=1.044 rr=0.140 (1s)
2026-09-16 02:40:35 INFO [gcn_skip] 3000/5800 top1=0.066 top5=0.165 ed=1.032 rr=0.137 (2s)
2026-09-16 02:40:35 INFO [gcn_skip] 3500/5800 top1=0.062 top5=0.168 ed=1.028 rr=0.135 (2s)
2026-09-16 02:40:36 INFO [gcn_skip] 4000/5800 top1=0.058 top5=0.151 ed=1.030 rr=0.127 (2s)
2026-09-16 02:40:36 INFO [gcn_skip] 4500/5800 top1=0.055 top5=0.139 ed=1.043 rr=0.122 (2s)
2026-09-16 02:40:36 INFO [gcn_skip] 5000/5800 top1=0.054 top5=0.132 ed=1.044 rr=0.118 (3s)
2026-09-16 02:40:36 INFO [gcn_skip] 5500/5800 top1=0.053 top5=0.128 ed=1.064 rr=0.117 (3s)
2026-09-16 02:40:37 INFO RESULT fraternity gcn_skip: top1=0.0514 top3=0.0888 top5=0.1257 ed=1.0603 rr=0.1158 css=49.27 fit=0.3s infer=0.00051s/inst
2026-09-16 02:40:37 INFO === method igcn ===
2026-09-16 02:40:37 INFO [igcn] epoch 1 val_loss=4.0583 val_acc=0.0402 (1s)
2026-09-16 02:40:42 INFO [igcn] epoch 10 val_loss=4.0580 val_acc=0.0575 (6s)
2026-09-16 02:40:48 INFO [igcn] epoch 20 val_loss=4.0568 val_acc=0.0517 (11s)
2026-09-16 02:40:54 INFO [igcn] epoch 30 val_loss=4.0549 val_acc=0.0517 (17s)
2026-09-16 02:40:59 INFO [igcn] epoch 40 val_loss=4.0501 val_acc=0.0402 (23s)
2026-09-16 02:41:05 INFO [igcn] epoch 50 val_loss=4.0427 val_acc=0.0230 (29s)
2026-09-16 02:41:11 INFO [igcn] epoch 60 val_loss=4.0317 val_acc=0.0230 (34s)
2026-09-16 02:41:17 INFO [igcn] epoch 70 val_loss=4.0203 val_acc=0.0230 (40s)
2026-09-16 02:41:22 INFO [igcn] epoch 80 val_loss=4.0150 val_acc=0.0230 (46s)
2026-09-16 02:41:28 INFO [igcn] epoch 90 val_loss=4.0122 val_acc=0.0230 (52s)
2026-09-16 02:41:34 INFO [igcn] epoch 100 val_loss=4.0109 val_acc=0.0172 (57s)
2026-09-16 02:41:37 INFO [igcn] trained 105 epochs, best val_loss=4.0109, 60s
2026-09-16 02:41:39 INFO [igcn] 500/5800 top1=0.044 top5=0.128 ed=1.516 rr=0.107 (2s)
2026-09-16 02:41:39 INFO [igcn] 1000/5800 top1=0.049 top5=0.140 ed=1.432 rr=0.117 (2s)
2026-09-16 02:41:39 INFO [igcn] 1500/5800 top1=0.048 top5=0.123 ed=1.451 rr=0.112 (2s)
2026-09-16 02:41:39 INFO [igcn] 2000/5800 top1=0.043 top5=0.114 ed=1.450 rr=0.108 (3s)
2026-09-16 02:41:40 INFO [igcn] 2500/5800 top1=0.042 top5=0.113 ed=1.482 rr=0.106 (3s)
2026-09-16 02:41:40 INFO [igcn] 3000/5800 top1=0.047 top5=0.120 ed=1.478 rr=0.111 (3s)
2026-09-16 02:41:40 INFO [igcn] 3500/5800 top1=0.048 top5=0.120 ed=1.481 rr=0.111 (3s)
2026-09-16 02:41:40 INFO [igcn] 4000/5800 top1=0.046 top5=0.119 ed=1.483 rr=0.109 (3s)
2026-09-16 02:41:40 INFO [igcn] 4500/5800 top1=0.047 top5=0.122 ed=1.485 rr=0.111 (4s)
2026-09-16 02:41:41 INFO [igcn] 5000/5800 top1=0.047 top5=0.122 ed=1.485 rr=0.111 (4s)
2026-09-16 02:41:41 INFO [igcn] 5500/5800 top1=0.051 top5=0.124 ed=1.490 rr=0.114 (4s)
2026-09-16 02:41:41 INFO RESULT fraternity igcn: top1=0.0497 top3=0.0828 top5=0.1216 ed=1.4890 rr=0.1126 css=50.29 fit=60.2s infer=0.00074s/inst
2026-09-16 02:41:41 INFO run source_fraternity_20260916T023543Z_5579 finished in 357.7s
=== workplace ===
2026-09-16 02:41:46 INFO run source_workplace_20260916T024146Z_5812 started, dir=/home/user/trace_e/results/runs/source_workplace_20260916T024146Z_5812
2026-09-16 02:41:46 INFO network workplace: {'n_nodes': 92, 'n_edges': 755, 'avg_degree': 16.41304347826087, 'n_components': 1, 'lcc_size': 92}
2026-09-16 02:41:46 INFO train: 920 outbreaks, avg size 80.25, singletons 76 (0.2s)
2026-09-16 02:41:48 INFO test: 9200 outbreaks, avg size 85.23, singletons 563 (1.7s)
2026-09-16 02:41:48 INFO === method random ===
2026-09-16 02:41:48 INFO [random] 500/9200 top1=0.082 top5=0.132 ed=1.842 rr=0.089 (0s)
2026-09-16 02:41:48 INFO [random] 1000/9200 top1=0.067 top5=0.119 ed=1.780 rr=0.079 (1s)
2026-09-16 02:41:48 INFO [random] 1500/9200 top1=0.076 top5=0.131 ed=1.743 rr=0.089 (1s)
2026-09-16 02:41:49 INFO [random] 2000/9200 top1=0.075 top5=0.126 ed=1.754 rr=0.087 (1s)
2026-09-16 02:41:49 INFO [random] 2500/9200 top1=0.076 top5=0.124 ed=1.757 rr=0.088 (1s)
2026-09-16 02:41:49 INFO [random] 3000/9200 top1=0.071 top5=0.119 ed=1.761 rr=0.082 (2s)
2026-09-16 02:41:49 INFO [random] 3500/9200 top1=0.070 top5=0.119 ed=1.774 rr=0.081 (2s)
2026-09-16 02:41:50 INFO [random] 4000/9200 top1=0.070 top5=0.116 ed=1.778 rr=0.081 (2s)
2026-09-16 02:41:50 INFO [random] 4500/9200 top1=0.071 top5=0.115 ed=1.788 rr=0.081 (2s)
2026-09-16 02:41:50 INFO [random] 5000/9200 top1=0.070 top5=0.113 ed=1.794 rr=0.080 (3s)
2026-09-16 02:41:50 INFO [random] 5500/9200 top1=0.072 top5=0.115 ed=1.794 rr=0.082 (3s)
2026-09-16 02:41:51 INFO [random] 6000/9200 top1=0.070 top5=0.112 ed=1.790 rr=0.080 (3s)
2026-09-16 02:41:51 INFO [random] 6500/9200 top1=0.072 top5=0.114 ed=1.790 rr=0.082 (3s)
2026-09-16 02:41:51 INFO [random] 7000/9200 top1=0.075 top5=0.117 ed=1.798 rr=0.084 (4s)
2026-09-16 02:41:51 INFO [random] 7500/9200 top1=0.073 top5=0.116 ed=1.803 rr=0.083 (4s)
2026-09-16 02:41:52 INFO [random] 8000/9200 top1=0.072 top5=0.113 ed=1.805 rr=0.082 (4s)
2026-09-16 02:41:52 INFO [random] 8500/9200 top1=0.073 top5=0.115 ed=1.809 rr=0.082 (4s)
2026-09-16 02:41:52 INFO [random] 9000/9200 top1=0.074 top5=0.117 ed=1.808 rr=0.083 (5s)
2026-09-16 02:41:52 INFO RESULT workplace random: top1=0.0741 top3=0.0918 top5=0.1178 ed=1.8100 rr=0.0833 css=76.88 fit=0.0s infer=0.00050s/inst
2026-09-16 02:41:52 INFO === method degree ===
2026-09-16 02:41:53 INFO [degree] 500/9200 top1=0.068 top5=0.070 ed=1.302 rr=0.093 (1s)
2026-09-16 02:41:53 INFO [degree] 1000/9200 top1=0.059 top5=0.060 ed=1.224 rr=0.104 (1s)
2026-09-16 02:41:53 INFO [degree] 1500/9200 top1=0.069 top5=0.200 ed=1.234 rr=0.141 (1s)
2026-09-16 02:41:53 INFO [degree] 2000/9200 top1=0.066 top5=0.166 ed=1.255 rr=0.127 (1s)
2026-09-16 02:41:54 INFO [degree] 2500/9200 top1=0.067 top5=0.147 ed=1.263 rr=0.124 (1s)
2026-09-16 02:41:54 INFO [degree] 3000/9200 top1=0.061 top5=0.161 ed=1.278 rr=0.120 (2s)
2026-09-16 02:41:54 INFO [degree] 3500/9200 top1=0.061 top5=0.146 ed=1.312 rr=0.113 (2s)
2026-09-16 02:41:54 INFO [degree] 4000/9200 top1=0.060 top5=0.135 ed=1.335 rr=0.110 (2s)
2026-09-16 02:41:54 INFO [degree] 4500/9200 top1=0.061 top5=0.127 ed=1.351 rr=0.108 (2s)
2026-09-16 02:41:55 INFO [degree] 5000/9200 top1=0.059 top5=0.119 ed=1.368 rr=0.107 (2s)
2026-09-16 02:41:55 INFO [degree] 5500/9200 top1=0.061 top5=0.116 ed=1.376 rr=0.108 (3s)
2026-09-16 02:41:55 INFO [degree] 6000/9200 top1=0.059 top5=0.126 ed=1.357 rr=0.112 (3s)
2026-09-16 02:41:55 INFO [degree] 6500/9200 top1=0.061 top5=0.123 ed=1.393 rr=0.111 (3s)
2026-09-16 02:41:55 INFO [degree] 7000/9200 top1=0.064 top5=0.121 ed=1.398 rr=0.111 (3s)
2026-09-16 02:41:56 INFO [degree] 7500/9200 top1=0.062 top5=0.116 ed=1.432 rr=0.109 (4s)
2026-09-16 02:41:56 INFO [degree] 8000/9200 top1=0.061 top5=0.111 ed=1.414 rr=0.107 (4s)
2026-09-16 02:41:56 INFO [degree] 8500/9200 top1=0.073 top5=0.120 ed=1.407 rr=0.116 (4s)
2026-09-16 02:41:56 INFO [degree] 9000/9200 top1=0.073 top5=0.118 ed=1.391 rr=0.117 (4s)
2026-09-16 02:41:56 INFO RESULT workplace degree: top1=0.0734 top3=0.0959 top5=0.1172 ed=1.4005 rr=0.1165 fit=0.0s infer=0.00046s/inst
2026-09-16 02:41:56 INFO === method jordan ===
2026-09-16 02:42:50 INFO [jordan] 500/9200 top1=0.068 top5=0.098 ed=1.484 rr=0.088 (53s)
2026-09-16 02:42:50 INFO [jordan] 1000/9200 top1=0.112 top5=0.177 ed=1.420 rr=0.134 (54s)
2026-09-16 02:42:50 INFO [jordan] 1500/9200 top1=0.104 top5=0.157 ed=1.423 rr=0.125 (54s)
2026-09-16 02:42:50 INFO [jordan] 2000/9200 top1=0.092 top5=0.140 ed=1.427 rr=0.114 (54s)
2026-09-16 02:42:51 INFO [jordan] 2500/9200 top1=0.090 top5=0.134 ed=1.456 rr=0.111 (54s)
2026-09-16 02:42:51 INFO [jordan] 3000/9200 top1=0.081 top5=0.129 ed=1.470 rr=0.104 (54s)
2026-09-16 02:42:51 INFO [jordan] 3500/9200 top1=0.077 top5=0.124 ed=1.457 rr=0.100 (55s)
2026-09-16 02:42:51 INFO [jordan] 4000/9200 top1=0.075 top5=0.118 ed=1.462 rr=0.098 (55s)
2026-09-16 02:42:51 INFO [jordan] 4500/9200 top1=0.073 top5=0.116 ed=1.483 rr=0.096 (55s)
2026-09-16 02:42:52 INFO [jordan] 5000/9200 top1=0.071 top5=0.112 ed=1.503 rr=0.093 (55s)
2026-09-16 02:42:52 INFO [jordan] 5500/9200 top1=0.071 top5=0.112 ed=1.497 rr=0.094 (55s)
2026-09-16 02:42:52 INFO [jordan] 6000/9200 top1=0.069 top5=0.110 ed=1.490 rr=0.091 (56s)
2026-09-16 02:42:52 INFO [jordan] 6500/9200 top1=0.070 top5=0.110 ed=1.507 rr=0.092 (56s)
2026-09-16 02:42:53 INFO [jordan] 7000/9200 top1=0.072 top5=0.111 ed=1.516 rr=0.094 (56s)
2026-09-16 02:42:53 INFO [jordan] 7500/9200 top1=0.070 top5=0.109 ed=1.541 rr=0.092 (56s)
2026-09-16 02:42:53 INFO [jordan] 8000/9200 top1=0.068 top5=0.106 ed=1.534 rr=0.090 (57s)
2026-09-16 02:42:53 INFO [jordan] 8500/9200 top1=0.074 top5=0.117 ed=1.522 rr=0.097 (57s)
2026-09-16 02:42:53 INFO [jordan] 9000/9200 top1=0.074 top5=0.116 ed=1.516 rr=0.097 (57s)
2026-09-16 02:42:53 INFO RESULT workplace jordan: top1=0.0738 top3=0.0955 top5=0.1158 ed=1.5186 rr=0.0971 fit=0.0s infer=0.00620s/inst
2026-09-16 02:42:53 INFO === method distance ===
2026-09-16 02:43:46 INFO [distance] 500/9200 top1=0.070 top5=0.070 ed=1.302 rr=0.090 (53s)
2026-09-16 02:43:47 INFO [distance] 1000/9200 top1=0.060 top5=0.060 ed=1.224 rr=0.098 (53s)
2026-09-16 02:43:47 INFO [distance] 1500/9200 top1=0.069 top5=0.200 ed=1.235 rr=0.133 (53s)
2026-09-16 02:43:47 INFO [distance] 2000/9200 top1=0.067 top5=0.166 ed=1.257 rr=0.122 (54s)
2026-09-16 02:43:47 INFO [distance] 2500/9200 top1=0.067 top5=0.147 ed=1.264 rr=0.121 (54s)
2026-09-16 02:43:48 INFO [distance] 3000/9200 top1=0.061 top5=0.161 ed=1.279 rr=0.119 (54s)
2026-09-16 02:43:48 INFO [distance] 3500/9200 top1=0.060 top5=0.146 ed=1.313 rr=0.113 (54s)
2026-09-16 02:43:48 INFO [distance] 4000/9200 top1=0.060 top5=0.135 ed=1.336 rr=0.110 (54s)
2026-09-16 02:43:48 INFO [distance] 4500/9200 top1=0.060 top5=0.127 ed=1.352 rr=0.109 (55s)
2026-09-16 02:43:48 INFO [distance] 5000/9200 top1=0.059 top5=0.119 ed=1.369 rr=0.108 (55s)
2026-09-16 02:43:49 INFO [distance] 5500/9200 top1=0.061 top5=0.116 ed=1.377 rr=0.108 (55s)
2026-09-16 02:43:49 INFO [distance] 6000/9200 top1=0.059 top5=0.126 ed=1.359 rr=0.112 (55s)
2026-09-16 02:43:49 INFO [distance] 6500/9200 top1=0.061 top5=0.123 ed=1.394 rr=0.112 (56s)
2026-09-16 02:43:49 INFO [distance] 7000/9200 top1=0.063 top5=0.121 ed=1.399 rr=0.112 (56s)
2026-09-16 02:43:50 INFO [distance] 7500/9200 top1=0.062 top5=0.116 ed=1.433 rr=0.109 (56s)
2026-09-16 02:43:50 INFO [distance] 8000/9200 top1=0.061 top5=0.111 ed=1.415 rr=0.107 (56s)
2026-09-16 02:43:50 INFO [distance] 8500/9200 top1=0.073 top5=0.120 ed=1.408 rr=0.117 (56s)
2026-09-16 02:43:50 INFO [distance] 9000/9200 top1=0.073 top5=0.118 ed=1.391 rr=0.117 (57s)
2026-09-16 02:43:50 INFO RESULT workplace distance: top1=0.0730 top3=0.0966 top5=0.1172 ed=1.4013 rr=0.1163 fit=0.0s infer=0.00617s/inst
2026-09-16 02:43:50 INFO === method rumor ===
2026-09-16 02:44:39 INFO [rumor] 500/9200 top1=0.066 top5=0.070 ed=1.728 rr=0.086 (49s)
2026-09-16 02:44:39 INFO [rumor] 1000/9200 top1=0.058 top5=0.083 ed=1.698 rr=0.096 (49s)
2026-09-16 02:44:39 INFO [rumor] 1500/9200 top1=0.079 top5=0.133 ed=1.726 rr=0.132 (49s)
2026-09-16 02:44:40 INFO [rumor] 2000/9200 top1=0.114 top5=0.164 ed=1.684 rr=0.166 (49s)
2026-09-16 02:44:40 INFO [rumor] 2500/9200 top1=0.104 top5=0.145 ed=1.694 rr=0.156 (50s)
2026-09-16 02:44:40 INFO [rumor] 3000/9200 top1=0.092 top5=0.126 ed=1.683 rr=0.140 (50s)
2026-09-16 02:44:40 INFO [rumor] 3500/9200 top1=0.087 top5=0.117 ed=1.711 rr=0.133 (50s)
2026-09-16 02:44:41 INFO [rumor] 4000/9200 top1=0.084 top5=0.110 ed=1.737 rr=0.128 (50s)
2026-09-16 02:44:41 INFO [rumor] 4500/9200 top1=0.081 top5=0.104 ed=1.721 rr=0.127 (51s)
2026-09-16 02:44:41 INFO [rumor] 5000/9200 top1=0.078 top5=0.118 ed=1.739 rr=0.127 (51s)
2026-09-16 02:44:41 INFO [rumor] 5500/9200 top1=0.078 top5=0.115 ed=1.718 rr=0.125 (51s)
2026-09-16 02:44:41 INFO [rumor] 6000/9200 top1=0.074 top5=0.109 ed=1.714 rr=0.120 (51s)
2026-09-16 02:44:42 INFO [rumor] 6500/9200 top1=0.075 top5=0.107 ed=1.712 rr=0.120 (51s)
2026-09-16 02:44:42 INFO [rumor] 7000/9200 top1=0.076 top5=0.106 ed=1.725 rr=0.119 (52s)
2026-09-16 02:44:42 INFO [rumor] 7500/9200 top1=0.074 top5=0.102 ed=1.731 rr=0.116 (52s)
2026-09-16 02:44:42 INFO [rumor] 8000/9200 top1=0.073 top5=0.111 ed=1.708 rr=0.117 (52s)
2026-09-16 02:44:42 INFO [rumor] 8500/9200 top1=0.073 top5=0.118 ed=1.720 rr=0.117 (52s)
2026-09-16 02:44:43 INFO [rumor] 9000/9200 top1=0.073 top5=0.116 ed=1.724 rr=0.116 (52s)
2026-09-16 02:44:43 INFO RESULT workplace rumor: top1=0.0730 top3=0.0952 top5=0.1150 ed=1.7312 rr=0.1154 fit=0.0s infer=0.00571s/inst
2026-09-16 02:44:43 INFO === method netsleuth ===
2026-09-16 02:57:08 INFO [netsleuth] 500/9200 top1=0.068 top5=0.098 ed=1.772 rr=0.107 (745s)
2026-09-16 02:57:08 INFO [netsleuth] 1000/9200 top1=0.058 top5=0.104 ed=1.793 rr=0.103 (745s)
2026-09-16 02:57:08 INFO [netsleuth] 1500/9200 top1=0.098 top5=0.143 ed=1.762 rr=0.141 (746s)
2026-09-16 02:57:09 INFO [netsleuth] 2000/9200 top1=0.088 top5=0.123 ed=1.788 rr=0.128 (746s)
2026-09-16 02:57:09 INFO [netsleuth] 2500/9200 top1=0.084 top5=0.113 ed=1.802 rr=0.121 (746s)
2026-09-16 02:57:09 INFO [netsleuth] 3000/9200 top1=0.076 top5=0.100 ed=1.852 rr=0.111 (746s)
2026-09-16 02:57:09 INFO [netsleuth] 3500/9200 top1=0.073 top5=0.094 ed=1.863 rr=0.108 (746s)
2026-09-16 02:57:09 INFO [netsleuth] 4000/9200 top1=0.071 top5=0.095 ed=1.863 rr=0.107 (747s)
2026-09-16 02:57:10 INFO [netsleuth] 4500/9200 top1=0.079 top5=0.108 ed=1.858 rr=0.116 (747s)
2026-09-16 02:57:10 INFO [netsleuth] 5000/9200 top1=0.076 top5=0.104 ed=1.860 rr=0.113 (747s)
2026-09-16 02:57:10 INFO [netsleuth] 5500/9200 top1=0.078 top5=0.108 ed=1.856 rr=0.117 (747s)
2026-09-16 02:57:10 INFO [netsleuth] 6000/9200 top1=0.074 top5=0.102 ed=1.876 rr=0.112 (748s)
2026-09-16 02:57:10 INFO [netsleuth] 6500/9200 top1=0.075 top5=0.110 ed=1.887 rr=0.115 (748s)
2026-09-16 02:57:11 INFO [netsleuth] 7000/9200 top1=0.077 top5=0.117 ed=1.901 rr=0.118 (748s)
2026-09-16 02:57:11 INFO [netsleuth] 7500/9200 top1=0.075 top5=0.115 ed=1.905 rr=0.116 (748s)
2026-09-16 02:57:11 INFO [netsleuth] 8000/9200 top1=0.073 top5=0.111 ed=1.906 rr=0.114 (748s)
2026-09-16 02:57:11 INFO [netsleuth] 8500/9200 top1=0.075 top5=0.116 ed=1.910 rr=0.118 (749s)
2026-09-16 02:57:12 INFO [netsleuth] 9000/9200 top1=0.076 top5=0.121 ed=1.914 rr=0.121 (749s)
2026-09-16 02:57:12 INFO RESULT workplace netsleuth: top1=0.0763 top3=0.0988 top5=0.1208 ed=1.9135 rr=0.1203 fit=0.0s infer=0.08140s/inst
2026-09-16 02:57:12 INFO === method dmp ===
2026-09-16 03:01:05 INFO [dmp] 500/9200 top1=0.086 top5=0.150 ed=1.666 rr=0.143 (234s)
2026-09-16 03:01:05 INFO [dmp] 1000/9200 top1=0.082 top5=0.152 ed=1.579 rr=0.141 (234s)
2026-09-16 03:01:06 INFO [dmp] 1500/9200 top1=0.101 top5=0.197 ed=1.555 rr=0.169 (234s)
2026-09-16 03:01:06 INFO [dmp] 2000/9200 top1=0.095 top5=0.177 ed=1.571 rr=0.157 (234s)
2026-09-16 03:01:06 INFO [dmp] 2500/9200 top1=0.092 top5=0.170 ed=1.576 rr=0.153 (235s)
2026-09-16 03:01:06 INFO [dmp] 3000/9200 top1=0.084 top5=0.166 ed=1.577 rr=0.147 (235s)
2026-09-16 03:01:07 INFO [dmp] 3500/9200 top1=0.082 top5=0.159 ed=1.591 rr=0.143 (235s)
2026-09-16 03:01:07 INFO [dmp] 4000/9200 top1=0.083 top5=0.157 ed=1.597 rr=0.143 (235s)
2026-09-16 03:01:07 INFO [dmp] 4500/9200 top1=0.086 top5=0.161 ed=1.593 rr=0.147 (236s)
2026-09-16 03:01:07 INFO [dmp] 5000/9200 top1=0.085 top5=0.160 ed=1.596 rr=0.146 (236s)
2026-09-16 03:01:08 INFO [dmp] 5500/9200 top1=0.088 top5=0.164 ed=1.593 rr=0.149 (236s)
2026-09-16 03:01:08 INFO [dmp] 6000/9200 top1=0.087 top5=0.164 ed=1.585 rr=0.148 (236s)
2026-09-16 03:01:08 INFO [dmp] 6500/9200 top1=0.087 top5=0.161 ed=1.596 rr=0.147 (237s)
2026-09-16 03:01:08 INFO [dmp] 7000/9200 top1=0.090 top5=0.166 ed=1.605 rr=0.150 (237s)
2026-09-16 03:01:09 INFO [dmp] 7500/9200 top1=0.088 top5=0.165 ed=1.616 rr=0.148 (237s)
2026-09-16 03:01:09 INFO [dmp] 8000/9200 top1=0.086 top5=0.161 ed=1.613 rr=0.146 (237s)
2026-09-16 03:01:09 INFO [dmp] 8500/9200 top1=0.090 top5=0.168 ed=1.614 rr=0.151 (238s)
2026-09-16 03:01:09 INFO [dmp] 9000/9200 top1=0.092 top5=0.171 ed=1.612 rr=0.153 (238s)
2026-09-16 03:01:10 INFO RESULT workplace dmp: top1=0.0913 top3=0.1349 top5=0.1702 ed=1.6182 rr=0.1522 css=58.12 fit=0.0s infer=0.02585s/inst
2026-09-16 03:01:10 INFO === method sme ===
2026-09-16 03:01:12 INFO [sme] 500/9200 top1=0.094 top5=0.182 ed=1.764 rr=0.131 (2s)
2026-09-16 03:01:12 INFO [sme] 1000/9200 top1=0.076 top5=0.128 ed=1.755 rr=0.109 (2s)
2026-09-16 03:01:12 INFO [sme] 1500/9200 top1=0.090 top5=0.157 ed=1.722 rr=0.124 (3s)
2026-09-16 03:01:12 INFO [sme] 2000/9200 top1=0.084 top5=0.138 ed=1.738 rr=0.117 (3s)
2026-09-16 03:01:13 INFO [sme] 2500/9200 top1=0.083 top5=0.128 ed=1.746 rr=0.118 (3s)
2026-09-16 03:01:13 INFO [sme] 3000/9200 top1=0.077 top5=0.131 ed=1.751 rr=0.114 (3s)
2026-09-16 03:01:13 INFO [sme] 3500/9200 top1=0.075 top5=0.123 ed=1.766 rr=0.111 (4s)
2026-09-16 03:01:13 INFO [sme] 4000/9200 top1=0.073 top5=0.120 ed=1.771 rr=0.112 (4s)
2026-09-16 03:01:14 INFO [sme] 4500/9200 top1=0.074 top5=0.118 ed=1.778 rr=0.113 (4s)
2026-09-16 03:01:14 INFO [sme] 5000/9200 top1=0.072 top5=0.115 ed=1.787 rr=0.110 (4s)
2026-09-16 03:01:14 INFO [sme] 5500/9200 top1=0.073 top5=0.114 ed=1.782 rr=0.111 (5s)
2026-09-16 03:01:14 INFO [sme] 6000/9200 top1=0.070 top5=0.108 ed=1.780 rr=0.108 (5s)
2026-09-16 03:01:15 INFO [sme] 6500/9200 top1=0.071 top5=0.108 ed=1.783 rr=0.109 (5s)
2026-09-16 03:01:15 INFO [sme] 7000/9200 top1=0.074 top5=0.116 ed=1.787 rr=0.112 (5s)
2026-09-16 03:01:15 INFO [sme] 7500/9200 top1=0.072 top5=0.114 ed=1.795 rr=0.111 (6s)
2026-09-16 03:01:15 INFO [sme] 8000/9200 top1=0.071 top5=0.111 ed=1.797 rr=0.109 (6s)
2026-09-16 03:01:16 INFO [sme] 8500/9200 top1=0.073 top5=0.119 ed=1.806 rr=0.111 (6s)
2026-09-16 03:01:16 INFO [sme] 9000/9200 top1=0.073 top5=0.118 ed=1.806 rr=0.111 (6s)
2026-09-16 03:01:16 INFO RESULT workplace sme: top1=0.0737 top3=0.0954 top5=0.1171 ed=1.8075 rr=0.1114 css=57.19 fit=0.0s infer=0.00070s/inst
2026-09-16 03:01:16 INFO === method mcs ===
2026-09-16 03:01:16 INFO [mcs] 500/9200 top1=0.080 top5=0.116 ed=1.818 rr=0.121 (0s)
2026-09-16 03:01:17 INFO [mcs] 1000/9200 top1=0.073 top5=0.139 ed=1.784 rr=0.127 (1s)
2026-09-16 03:01:17 INFO [mcs] 1500/9200 top1=0.079 top5=0.126 ed=1.717 rr=0.125 (1s)
2026-09-16 03:01:17 INFO [mcs] 2000/9200 top1=0.080 top5=0.134 ed=1.712 rr=0.129 (1s)
2026-09-16 03:01:17 INFO [mcs] 2500/9200 top1=0.085 top5=0.152 ed=1.700 rr=0.142 (1s)
2026-09-16 03:01:18 INFO [mcs] 3000/9200 top1=0.078 top5=0.139 ed=1.700 rr=0.132 (2s)
2026-09-16 03:01:18 INFO [mcs] 3500/9200 top1=0.077 top5=0.137 ed=1.709 rr=0.129 (2s)
2026-09-16 03:01:18 INFO [mcs] 4000/9200 top1=0.077 top5=0.142 ed=1.702 rr=0.135 (2s)
2026-09-16 03:01:18 INFO [mcs] 4500/9200 top1=0.078 top5=0.142 ed=1.718 rr=0.134 (2s)
2026-09-16 03:01:19 INFO [mcs] 5000/9200 top1=0.076 top5=0.139 ed=1.724 rr=0.130 (3s)
2026-09-16 03:01:19 INFO [mcs] 5500/9200 top1=0.078 top5=0.141 ed=1.721 rr=0.132 (3s)
2026-09-16 03:01:19 INFO [mcs] 6000/9200 top1=0.075 top5=0.135 ed=1.722 rr=0.128 (3s)
2026-09-16 03:01:19 INFO [mcs] 6500/9200 top1=0.076 top5=0.132 ed=1.722 rr=0.127 (3s)
2026-09-16 03:01:20 INFO [mcs] 7000/9200 top1=0.078 top5=0.134 ed=1.734 rr=0.129 (4s)
2026-09-16 03:01:20 INFO [mcs] 7500/9200 top1=0.076 top5=0.128 ed=1.744 rr=0.125 (4s)
2026-09-16 03:01:20 INFO [mcs] 8000/9200 top1=0.074 top5=0.123 ed=1.751 rr=0.121 (4s)
2026-09-16 03:01:20 INFO [mcs] 8500/9200 top1=0.074 top5=0.120 ed=1.762 rr=0.119 (4s)
2026-09-16 03:01:21 INFO [mcs] 9000/9200 top1=0.074 top5=0.118 ed=1.763 rr=0.118 (5s)
2026-09-16 03:01:21 INFO RESULT workplace mcs: top1=0.0745 top3=0.0967 top5=0.1171 ed=1.7660 rr=0.1178 css=4.56 fit=0.0s infer=0.00053s/inst
2026-09-16 03:01:21 INFO === method mlp ===
2026-09-16 03:01:26 INFO [mlp] epoch 1 val_loss=4.5207 val_acc=0.1159 (4s)
2026-09-16 03:02:04 INFO [mlp] epoch 10 val_loss=4.5046 val_acc=0.1159 (42s)
2026-09-16 03:02:49 INFO [mlp] epoch 20 val_loss=4.4075 val_acc=0.1232 (87s)
2026-09-16 03:03:36 INFO [mlp] epoch 30 val_loss=4.3113 val_acc=0.1232 (134s)
2026-09-16 03:04:12 INFO [mlp] epoch 40 val_loss=4.0063 val_acc=0.1232 (170s)
2026-09-16 03:04:57 INFO [mlp] epoch 50 val_loss=3.9579 val_acc=0.1232 (215s)
2026-09-16 03:05:55 INFO [mlp] epoch 60 val_loss=3.9600 val_acc=0.1232 (273s)
2026-09-16 03:06:00 INFO [mlp] trained 61 epochs, best val_loss=3.9571, 278s
2026-09-16 03:06:07 INFO [mlp] 500/9200 top1=0.082 top5=0.144 ed=1.776 rr=0.101 (8s)
2026-09-16 03:06:08 INFO [mlp] 1000/9200 top1=0.073 top5=0.136 ed=1.740 rr=0.090 (8s)
2026-09-16 03:06:08 INFO [mlp] 1500/9200 top1=0.084 top5=0.139 ed=1.709 rr=0.100 (8s)
2026-09-16 03:06:08 INFO [mlp] 2000/9200 top1=0.081 top5=0.136 ed=1.721 rr=0.099 (9s)
2026-09-16 03:06:08 INFO [mlp] 2500/9200 top1=0.081 top5=0.135 ed=1.723 rr=0.099 (9s)
2026-09-16 03:06:09 INFO [mlp] 3000/9200 top1=0.074 top5=0.129 ed=1.731 rr=0.093 (9s)
2026-09-16 03:06:09 INFO [mlp] 3500/9200 top1=0.073 top5=0.126 ed=1.740 rr=0.093 (9s)
2026-09-16 03:06:09 INFO [mlp] 4000/9200 top1=0.073 top5=0.128 ed=1.751 rr=0.092 (10s)
2026-09-16 03:06:10 INFO [mlp] 4500/9200 top1=0.074 top5=0.127 ed=1.758 rr=0.093 (10s)
2026-09-16 03:06:10 INFO [mlp] 5000/9200 top1=0.072 top5=0.124 ed=1.759 rr=0.091 (10s)
2026-09-16 03:06:10 INFO [mlp] 5500/9200 top1=0.075 top5=0.127 ed=1.760 rr=0.093 (10s)
2026-09-16 03:06:10 INFO [mlp] 6000/9200 top1=0.073 top5=0.124 ed=1.757 rr=0.091 (11s)
2026-09-16 03:06:11 INFO [mlp] 6500/9200 top1=0.075 top5=0.127 ed=1.756 rr=0.093 (11s)
2026-09-16 03:06:11 INFO [mlp] 7000/9200 top1=0.076 top5=0.129 ed=1.764 rr=0.095 (11s)
2026-09-16 03:06:11 INFO [mlp] 7500/9200 top1=0.074 top5=0.128 ed=1.771 rr=0.094 (12s)
2026-09-16 03:06:11 INFO [mlp] 8000/9200 top1=0.073 top5=0.127 ed=1.771 rr=0.093 (12s)
2026-09-16 03:06:12 INFO [mlp] 8500/9200 top1=0.075 top5=0.128 ed=1.777 rr=0.094 (12s)
2026-09-16 03:06:12 INFO [mlp] 9000/9200 top1=0.075 top5=0.129 ed=1.777 rr=0.095 (12s)
2026-09-16 03:06:12 INFO RESULT workplace mlp: top1=0.0755 top3=0.1038 top5=0.1283 ed=1.7765 rr=0.0949 css=74.69 fit=278.8s infer=0.00136s/inst
2026-09-16 03:06:12 INFO === method gcn ===
2026-09-16 03:06:22 INFO [gcn] epoch 1 val_loss=4.5218 val_acc=0.0181 (10s)
2026-09-16 03:06:59 INFO [gcn] trained 6 epochs, best val_loss=4.5218, 47s
2026-09-16 03:07:09 INFO [gcn] 500/9200 top1=0.068 top5=0.076 ed=2.020 rr=0.108 (10s)
2026-09-16 03:07:10 INFO [gcn] 1000/9200 top1=0.058 top5=0.063 ed=2.020 rr=0.087 (10s)
2026-09-16 03:07:10 INFO [gcn] 1500/9200 top1=0.080 top5=0.122 ed=2.025 rr=0.124 (11s)
2026-09-16 03:07:10 INFO [gcn] 2000/9200 top1=0.075 top5=0.107 ed=2.067 rr=0.116 (11s)
2026-09-16 03:07:10 INFO [gcn] 2500/9200 top1=0.074 top5=0.100 ed=2.103 rr=0.112 (11s)
2026-09-16 03:07:11 INFO [gcn] 3000/9200 top1=0.067 top5=0.089 ed=2.120 rr=0.102 (11s)
2026-09-16 03:07:11 INFO [gcn] 3500/9200 top1=0.065 top5=0.085 ed=2.124 rr=0.099 (12s)
2026-09-16 03:07:11 INFO [gcn] 4000/9200 top1=0.065 top5=0.085 ed=2.120 rr=0.099 (12s)
2026-09-16 03:07:11 INFO [gcn] 4500/9200 top1=0.075 top5=0.101 ed=2.092 rr=0.112 (12s)
2026-09-16 03:07:12 INFO [gcn] 5000/9200 top1=0.072 top5=0.103 ed=2.101 rr=0.110 (12s)
2026-09-16 03:07:12 INFO [gcn] 5500/9200 top1=0.077 top5=0.115 ed=2.086 rr=0.116 (13s)
2026-09-16 03:07:12 INFO [gcn] 6000/9200 top1=0.073 top5=0.109 ed=2.104 rr=0.111 (13s)
2026-09-16 03:07:13 INFO [gcn] 6500/9200 top1=0.075 top5=0.107 ed=2.115 rr=0.113 (13s)
2026-09-16 03:07:13 INFO [gcn] 7000/9200 top1=0.076 top5=0.117 ed=2.137 rr=0.117 (13s)
2026-09-16 03:07:13 INFO [gcn] 7500/9200 top1=0.074 top5=0.112 ed=2.143 rr=0.115 (14s)
2026-09-16 03:07:13 INFO [gcn] 8000/9200 top1=0.072 top5=0.108 ed=2.147 rr=0.112 (14s)
2026-09-16 03:07:14 INFO [gcn] 8500/9200 top1=0.076 top5=0.116 ed=2.147 rr=0.118 (14s)
2026-09-16 03:07:14 INFO [gcn] 9000/9200 top1=0.076 top5=0.122 ed=2.147 rr=0.119 (14s)
2026-09-16 03:07:14 INFO RESULT workplace gcn: top1=0.0759 top3=0.0992 top5=0.1209 ed=2.1520 rr=0.1194 css=76.88 fit=47.2s infer=0.00158s/inst
2026-09-16 03:07:14 INFO === method gcn_skip ===
2026-09-16 03:07:28 INFO [gcn_skip] epoch 1 val_loss=4.5277 val_acc=0.0072 (14s)
2026-09-16 03:07:52 INFO [gcn_skip] epoch 10 val_loss=4.4919 val_acc=0.0217 (38s)
2026-09-16 03:07:53 INFO [gcn_skip] epoch 20 val_loss=4.4560 val_acc=0.0254 (39s)
2026-09-16 03:08:43 INFO [gcn_skip] epoch 30 val_loss=4.4141 val_acc=0.0254 (89s)
2026-09-16 03:08:55 INFO [gcn_skip] epoch 40 val_loss=4.3801 val_acc=0.0471 (101s)
2026-09-16 03:08:56 INFO [gcn_skip] trained 46 epochs, best val_loss=4.3764, 102s
2026-09-16 03:08:56 INFO [gcn_skip] 500/9200 top1=0.102 top5=0.180 ed=1.656 rr=0.164 (0s)
2026-09-16 03:08:57 INFO [gcn_skip] 1000/9200 top1=0.088 top5=0.161 ed=1.617 rr=0.146 (1s)
2026-09-16 03:08:57 INFO [gcn_skip] 1500/9200 top1=0.099 top5=0.161 ed=1.602 rr=0.153 (1s)
2026-09-16 03:08:57 INFO [gcn_skip] 2000/9200 top1=0.095 top5=0.159 ed=1.603 rr=0.149 (1s)
2026-09-16 03:08:57 INFO [gcn_skip] 2500/9200 top1=0.096 top5=0.162 ed=1.600 rr=0.151 (1s)
2026-09-16 03:08:58 INFO [gcn_skip] 3000/9200 top1=0.095 top5=0.172 ed=1.589 rr=0.153 (2s)
2026-09-16 03:08:58 INFO [gcn_skip] 3500/9200 top1=0.091 top5=0.170 ed=1.596 rr=0.151 (2s)
2026-09-16 03:08:58 INFO [gcn_skip] 4000/9200 top1=0.088 top5=0.165 ed=1.603 rr=0.148 (2s)
2026-09-16 03:08:58 INFO [gcn_skip] 4500/9200 top1=0.088 top5=0.162 ed=1.614 rr=0.146 (2s)
2026-09-16 03:08:59 INFO [gcn_skip] 5000/9200 top1=0.085 top5=0.158 ed=1.619 rr=0.143 (3s)
2026-09-16 03:08:59 INFO [gcn_skip] 5500/9200 top1=0.087 top5=0.160 ed=1.624 rr=0.145 (3s)
2026-09-16 03:08:59 INFO [gcn_skip] 6000/9200 top1=0.084 top5=0.156 ed=1.621 rr=0.142 (3s)
2026-09-16 03:08:59 INFO [gcn_skip] 6500/9200 top1=0.085 top5=0.156 ed=1.619 rr=0.142 (3s)
2026-09-16 03:09:00 INFO [gcn_skip] 7000/9200 top1=0.087 top5=0.158 ed=1.621 rr=0.144 (4s)
2026-09-16 03:09:00 INFO [gcn_skip] 7500/9200 top1=0.085 top5=0.156 ed=1.626 rr=0.142 (4s)
2026-09-16 03:09:00 INFO [gcn_skip] 8000/9200 top1=0.084 top5=0.155 ed=1.625 rr=0.142 (4s)
2026-09-16 03:09:00 INFO [gcn_skip] 8500/9200 top1=0.085 top5=0.154 ed=1.634 rr=0.142 (5s)
2026-09-16 03:09:01 INFO [gcn_skip] 9000/9200 top1=0.087 top5=0.156 ed=1.634 rr=0.143 (5s)
2026-09-16 03:09:01 INFO RESULT workplace gcn_skip: top1=0.0866 top3=0.1241 top5=0.1558 ed=1.6346 rr=0.1431 css=71.42 fit=101.9s infer=0.00053s/inst
2026-09-16 03:09:01 INFO === method igcn ===
2026-09-16 03:09:05 INFO [igcn] epoch 1 val_loss=4.5114 val_acc=0.1051 (4s)
2026-09-16 03:09:47 INFO [igcn] epoch 10 val_loss=4.4858 val_acc=0.1341 (46s)
2026-09-16 03:10:46 INFO [igcn] epoch 20 val_loss=4.4420 val_acc=0.1268 (105s)
2026-09-16 03:11:28 INFO [igcn] epoch 30 val_loss=4.3627 val_acc=0.1304 (147s)
2026-09-16 03:12:08 INFO [igcn] epoch 40 val_loss=4.2202 val_acc=0.1304 (187s)
2026-09-16 03:12:56 INFO [igcn] epoch 50 val_loss=4.0546 val_acc=0.1304 (236s)
2026-09-16 03:13:39 INFO [igcn] epoch 60 val_loss=3.9636 val_acc=0.1304 (278s)
2026-09-16 03:14:19 INFO [igcn] epoch 70 val_loss=3.9518 val_acc=0.1304 (319s)
2026-09-16 03:15:03 INFO [igcn] epoch 80 val_loss=3.9443 val_acc=0.1304 (362s)
2026-09-16 03:15:44 INFO [igcn] epoch 90 val_loss=3.9431 val_acc=0.1304 (403s)
2026-09-16 03:16:30 INFO [igcn] epoch 100 val_loss=3.9417 val_acc=0.1304 (450s)
2026-09-16 03:17:25 INFO [igcn] epoch 110 val_loss=3.9411 val_acc=0.1304 (504s)
2026-09-16 03:18:15 INFO [igcn] epoch 120 val_loss=3.9405 val_acc=0.1304 (555s)
2026-09-16 03:18:38 INFO [igcn] trained 125 epochs, best val_loss=3.9405, 577s
2026-09-16 03:18:48 INFO [igcn] 500/9200 top1=0.088 top5=0.188 ed=1.882 rr=0.154 (9s)
2026-09-16 03:18:48 INFO [igcn] 1000/9200 top1=0.072 top5=0.143 ed=1.863 rr=0.129 (10s)
2026-09-16 03:18:48 INFO [igcn] 1500/9200 top1=0.086 top5=0.147 ed=1.856 rr=0.139 (10s)
2026-09-16 03:18:48 INFO [igcn] 2000/9200 top1=0.085 top5=0.147 ed=1.871 rr=0.139 (10s)
2026-09-16 03:18:49 INFO [igcn] 2500/9200 top1=0.085 top5=0.147 ed=1.872 rr=0.138 (10s)
2026-09-16 03:18:49 INFO [igcn] 3000/9200 top1=0.078 top5=0.138 ed=1.869 rr=0.131 (11s)
2026-09-16 03:18:49 INFO [igcn] 3500/9200 top1=0.077 top5=0.141 ed=1.875 rr=0.132 (11s)
2026-09-16 03:18:49 INFO [igcn] 4000/9200 top1=0.077 top5=0.140 ed=1.878 rr=0.131 (11s)
2026-09-16 03:18:50 INFO [igcn] 4500/9200 top1=0.079 top5=0.143 ed=1.883 rr=0.133 (11s)
2026-09-16 03:18:50 INFO [igcn] 5000/9200 top1=0.077 top5=0.142 ed=1.887 rr=0.132 (12s)
2026-09-16 03:18:50 INFO [igcn] 5500/9200 top1=0.079 top5=0.142 ed=1.885 rr=0.133 (12s)
2026-09-16 03:18:50 INFO [igcn] 6000/9200 top1=0.075 top5=0.138 ed=1.890 rr=0.129 (12s)
2026-09-16 03:18:51 INFO [igcn] 6500/9200 top1=0.078 top5=0.141 ed=1.892 rr=0.132 (12s)
2026-09-16 03:18:51 INFO [igcn] 7000/9200 top1=0.084 top5=0.149 ed=1.891 rr=0.139 (13s)
2026-09-16 03:18:51 INFO [igcn] 7500/9200 top1=0.082 top5=0.149 ed=1.901 rr=0.138 (13s)
2026-09-16 03:18:51 INFO [igcn] 8000/9200 top1=0.081 top5=0.148 ed=1.899 rr=0.136 (13s)
2026-09-16 03:18:52 INFO [igcn] 8500/9200 top1=0.083 top5=0.151 ed=1.902 rr=0.139 (13s)
2026-09-16 03:18:52 INFO [igcn] 9000/9200 top1=0.084 top5=0.152 ed=1.904 rr=0.140 (14s)
2026-09-16 03:18:52 INFO RESULT workplace igcn: top1=0.0845 top3=0.1212 top5=0.1527 ed=1.9078 rr=0.1406 css=73.25 fit=577.5s infer=0.00150s/inst
2026-09-16 03:18:52 INFO run source_workplace_20260916T024146Z_5812 finished in 2226.4s
=== highschool2013 ===
2026-09-16 03:18:57 INFO run source_highschool2013_20260916T031857Z_1239 started, dir=/home/user/trace_e/results/runs/source_highschool2013_20260916T031857Z_1239
2026-09-16 03:18:57 INFO network highschool2013: {'n_nodes': 327, 'n_edges': 5818, 'avg_degree': 35.584097859327215, 'n_components': 1, 'lcc_size': 327}
2026-09-16 03:19:03 INFO train: 3270 outbreaks, avg size 314.08, singletons 112 (6.5s)
2026-09-16 03:19:10 INFO test: 3270 outbreaks, avg size 316.65, singletons 95 (6.6s)
2026-09-16 03:19:11 INFO === method random ===
2026-09-16 03:19:12 INFO [random] 500/3270 top1=0.020 top5=0.044 ed=2.052 rr=0.022 (1s)
2026-09-16 03:19:13 INFO [random] 1000/3270 top1=0.021 top5=0.038 ed=2.064 rr=0.025 (2s)
2026-09-16 03:19:14 INFO [random] 1500/3270 top1=0.027 top5=0.042 ed=2.051 rr=0.031 (3s)
2026-09-16 03:19:15 INFO [random] 2000/3270 top1=0.032 top5=0.046 ed=2.071 rr=0.034 (4s)
2026-09-16 03:19:16 INFO [random] 2500/3270 top1=0.032 top5=0.045 ed=2.074 rr=0.034 (5s)
2026-09-16 03:19:17 INFO [random] 3000/3270 top1=0.034 top5=0.046 ed=2.075 rr=0.037 (6s)
2026-09-16 03:19:18 INFO RESULT highschool2013 random: top1=0.0327 top3=0.0391 top5=0.0446 ed=2.0700 rr=0.0358 css=285.62 fit=0.0s infer=0.00203s/inst
2026-09-16 03:19:18 INFO === method degree ===
2026-09-16 03:19:20 INFO [degree] 500/3270 top1=0.036 top5=0.036 ed=1.746 rr=0.051 (2s)
2026-09-16 03:19:20 INFO [degree] 1000/3270 top1=0.029 top5=0.029 ed=1.762 rr=0.046 (3s)
2026-09-16 03:19:21 INFO [degree] 1500/3270 top1=0.031 top5=0.038 ed=1.753 rr=0.049 (4s)
2026-09-16 03:19:22 INFO [degree] 2000/3270 top1=0.034 top5=0.038 ed=1.770 rr=0.048 (5s)
2026-09-16 03:19:23 INFO [degree] 2500/3270 top1=0.032 top5=0.040 ed=1.769 rr=0.047 (6s)
2026-09-16 03:19:24 INFO [degree] 3000/3270 top1=0.034 top5=0.041 ed=1.760 rr=0.048 (7s)
2026-09-16 03:19:25 INFO RESULT highschool2013 degree: top1=0.0327 top3=0.0394 top5=0.0456 ed=1.7587 rr=0.0491 fit=0.0s infer=0.00216s/inst
2026-09-16 03:19:25 INFO === method jordan ===
2026-09-16 03:42:45 INFO [jordan] 500/3270 top1=0.020 top5=0.034 ed=2.034 rr=0.023 (1400s)
2026-09-16 03:42:46 INFO [jordan] 1000/3270 top1=0.023 top5=0.034 ed=2.049 rr=0.026 (1401s)
2026-09-16 03:42:47 INFO [jordan] 1500/3270 top1=0.027 top5=0.039 ed=2.035 rr=0.031 (1402s)
2026-09-16 03:42:47 INFO [jordan] 2000/3270 top1=0.032 top5=0.043 ed=2.042 rr=0.035 (1403s)
2026-09-16 03:42:48 INFO [jordan] 2500/3270 top1=0.032 top5=0.043 ed=2.049 rr=0.035 (1404s)
2026-09-16 03:42:49 INFO [jordan] 3000/3270 top1=0.035 top5=0.046 ed=2.052 rr=0.037 (1405s)
2026-09-16 03:42:50 INFO RESULT highschool2013 jordan: top1=0.0336 top3=0.0379 top5=0.0453 ed=2.0446 rr=0.0365 fit=0.0s infer=0.42977s/inst
2026-09-16 03:42:50 INFO === method distance ===
2026-09-16 04:06:20 INFO [distance] 500/3270 top1=0.016 top5=0.056 ed=1.784 rr=0.039 (1410s)
2026-09-16 04:06:21 INFO [distance] 1000/3270 top1=0.019 top5=0.039 ed=1.801 rr=0.039 (1411s)
2026-09-16 04:06:22 INFO [distance] 1500/3270 top1=0.025 top5=0.038 ed=1.803 rr=0.043 (1412s)
2026-09-16 04:06:23 INFO [distance] 2000/3270 top1=0.029 top5=0.038 ed=1.798 rr=0.044 (1413s)
2026-09-16 04:06:24 INFO [distance] 2500/3270 top1=0.028 top5=0.040 ed=1.804 rr=0.044 (1414s)
2026-09-16 04:06:25 INFO [distance] 3000/3270 top1=0.031 top5=0.041 ed=1.770 rr=0.045 (1415s)
2026-09-16 04:06:25 INFO RESULT highschool2013 distance: top1=0.0333 top3=0.0394 top5=0.0456 ed=1.7012 rr=0.0491 fit=0.0s infer=0.43277s/inst
2026-09-16 04:06:25 INFO === method rumor ===
2026-09-16 04:16:32 INFO [rumor] 500/3270 top1=0.016 top5=0.016 ed=1.786 rr=0.026 (607s)
2026-09-16 04:16:33 INFO [rumor] 1000/3270 top1=0.019 top5=0.019 ed=1.812 rr=0.030 (608s)
2026-09-16 04:16:34 INFO [rumor] 1500/3270 top1=0.025 top5=0.025 ed=1.819 rr=0.036 (609s)
2026-09-16 04:16:35 INFO [rumor] 2000/3270 top1=0.028 top5=0.029 ed=1.804 rr=0.038 (610s)
2026-09-16 04:16:36 INFO [rumor] 2500/3270 top1=0.028 top5=0.028 ed=1.798 rr=0.039 (611s)
2026-09-16 04:16:37 INFO [rumor] 3000/3270 top1=0.030 top5=0.034 ed=1.774 rr=0.044 (612s)
2026-09-16 04:16:37 INFO RESULT highschool2013 rumor: top1=0.0327 top3=0.0394 top5=0.0453 ed=1.7235 rr=0.0490 fit=0.0s infer=0.18720s/inst
2026-09-16 04:16:37 INFO === method netsleuth ===
2026-09-16 04:16:47 INFO [netsleuth] 500/3270 top1=0.024 top5=0.032 ed=2.572 rr=0.036 (10s)
2026-09-16 04:16:48 INFO [netsleuth] 1000/3270 top1=0.026 top5=0.037 ed=2.595 rr=0.040 (11s)
2026-09-16 04:16:49 INFO [netsleuth] 1500/3270 top1=0.030 top5=0.040 ed=2.587 rr=0.043 (12s)
2026-09-16 04:16:50 INFO [netsleuth] 2000/3270 top1=0.032 top5=0.043 ed=2.609 rr=0.046 (13s)
2026-09-16 04:16:51 INFO [netsleuth] 2500/3270 top1=0.031 top5=0.045 ed=2.613 rr=0.047 (13s)
2026-09-16 04:16:52 INFO [netsleuth] 3000/3270 top1=0.034 top5=0.047 ed=2.601 rr=0.050 (14s)
2026-09-16 04:16:52 INFO RESULT highschool2013 netsleuth: top1=0.0327 top3=0.0394 top5=0.0456 ed=2.6024 rr=0.0486 fit=0.0s infer=0.00454s/inst
2026-09-16 04:16:52 INFO === method dmp ===
2026-09-16 04:34:38 INFO [dmp] 500/3270 top1=0.030 top5=0.058 ed=1.700 rr=0.058 (1066s)
2026-09-16 04:34:39 INFO [dmp] 1000/3270 top1=0.027 top5=0.057 ed=1.738 rr=0.056 (1067s)
2026-09-16 04:34:40 INFO [dmp] 1500/3270 top1=0.033 top5=0.057 ed=1.744 rr=0.059 (1068s)
2026-09-16 04:34:41 INFO [dmp] 2000/3270 top1=0.035 top5=0.057 ed=1.746 rr=0.059 (1069s)
2026-09-16 04:34:42 INFO [dmp] 2500/3270 top1=0.035 top5=0.058 ed=1.761 rr=0.058 (1070s)
2026-09-16 04:34:43 INFO [dmp] 3000/3270 top1=0.037 top5=0.057 ed=1.755 rr=0.059 (1071s)
2026-09-16 04:34:43 INFO RESULT highschool2013 dmp: top1=0.0367 top3=0.0486 top5=0.0584 ed=1.7382 rr=0.0598 css=179.28 fit=0.0s infer=0.32762s/inst
2026-09-16 04:34:43 INFO === method sme ===
2026-09-16 04:34:48 INFO [sme] 500/3270 top1=0.030 top5=0.070 ed=1.996 rr=0.047 (5s)
2026-09-16 04:34:50 INFO [sme] 1000/3270 top1=0.027 top5=0.047 ed=1.988 rr=0.041 (6s)
2026-09-16 04:34:51 INFO [sme] 1500/3270 top1=0.030 top5=0.048 ed=1.965 rr=0.044 (7s)
2026-09-16 04:34:52 INFO [sme] 2000/3270 top1=0.033 top5=0.049 ed=1.998 rr=0.046 (8s)
2026-09-16 04:34:53 INFO [sme] 2500/3270 top1=0.032 top5=0.045 ed=2.003 rr=0.045 (9s)
2026-09-16 04:34:54 INFO [sme] 3000/3270 top1=0.034 top5=0.045 ed=2.010 rr=0.047 (10s)
2026-09-16 04:34:54 INFO RESULT highschool2013 sme: top1=0.0327 top3=0.0379 top5=0.0440 ed=2.0156 rr=0.0457 css=213.80 fit=0.0s infer=0.00325s/inst
2026-09-16 04:34:54 INFO === method mcs ===
2026-09-16 04:34:56 INFO [mcs] 500/3270 top1=0.020 top5=0.036 ed=2.046 rr=0.038 (1s)
2026-09-16 04:34:56 INFO [mcs] 1000/3270 top1=0.024 top5=0.038 ed=2.059 rr=0.042 (2s)
2026-09-16 04:34:57 INFO [mcs] 1500/3270 top1=0.029 top5=0.043 ed=2.041 rr=0.046 (3s)
2026-09-16 04:34:58 INFO [mcs] 2000/3270 top1=0.033 top5=0.046 ed=2.060 rr=0.050 (4s)
2026-09-16 04:34:59 INFO [mcs] 2500/3270 top1=0.032 top5=0.046 ed=2.063 rr=0.049 (5s)
2026-09-16 04:35:00 INFO [mcs] 3000/3270 top1=0.035 top5=0.049 ed=2.056 rr=0.051 (6s)
2026-09-16 04:35:01 INFO RESULT highschool2013 mcs: top1=0.0339 top3=0.0394 top5=0.0468 ed=2.0535 rr=0.0502 css=4.46 fit=0.0s infer=0.00207s/inst
2026-09-16 04:35:01 INFO === method mlp ===
2026-09-16 04:35:20 INFO [mlp] epoch 1 val_loss=5.7886 val_acc=0.0367 (18s)
2026-09-16 04:37:18 INFO [mlp] epoch 10 val_loss=5.7686 val_acc=0.0367 (136s)
2026-09-16 04:38:39 INFO [mlp] epoch 20 val_loss=5.5921 val_acc=0.0367 (217s)
2026-09-16 04:38:42 INFO [mlp] trained 26 epochs, best val_loss=5.5918, 220s
2026-09-16 04:38:43 INFO [mlp] 500/3270 top1=0.022 top5=0.034 ed=2.050 rr=0.025 (1s)
2026-09-16 04:38:44 INFO [mlp] 1000/3270 top1=0.023 top5=0.041 ed=2.050 rr=0.028 (2s)
2026-09-16 04:38:45 INFO [mlp] 1500/3270 top1=0.029 top5=0.041 ed=2.050 rr=0.033 (3s)
2026-09-16 04:38:46 INFO [mlp] 2000/3270 top1=0.032 top5=0.046 ed=2.055 rr=0.037 (4s)
2026-09-16 04:38:47 INFO [mlp] 2500/3270 top1=0.032 top5=0.045 ed=2.064 rr=0.037 (5s)
2026-09-16 04:38:48 INFO [mlp] 3000/3270 top1=0.035 top5=0.048 ed=2.058 rr=0.039 (6s)
2026-09-16 04:38:49 INFO RESULT highschool2013 mlp: top1=0.0336 top3=0.0398 top5=0.0465 ed=2.0529 rr=0.0383 css=281.64 fit=221.4s infer=0.00193s/inst
2026-09-16 04:38:49 INFO === method gcn ===
2026-09-16 04:38:50 INFO [gcn] epoch 1 val_loss=5.7899 val_acc=0.0031 (1s)
2026-09-16 04:38:57 INFO [gcn] trained 7 epochs, best val_loss=5.7899, 8s
2026-09-16 04:38:58 INFO [gcn] 500/3270 top1=0.030 top5=0.032 ed=2.702 rr=0.040 (2s)
2026-09-16 04:38:59 INFO [gcn] 1000/3270 top1=0.027 top5=0.041 ed=2.773 rr=0.043 (3s)
2026-09-16 04:39:00 INFO [gcn] 1500/3270 top1=0.032 top5=0.044 ed=2.766 rr=0.046 (4s)
2026-09-16 04:39:01 INFO [gcn] 2000/3270 top1=0.034 top5=0.048 ed=2.782 rr=0.050 (4s)
2026-09-16 04:39:02 INFO [gcn] 2500/3270 top1=0.032 top5=0.050 ed=2.790 rr=0.051 (5s)
2026-09-16 04:39:03 INFO [gcn] 3000/3270 top1=0.034 top5=0.050 ed=2.770 rr=0.053 (6s)
2026-09-16 04:39:04 INFO RESULT highschool2013 gcn: top1=0.0333 top3=0.0398 top5=0.0477 ed=2.7709 rr=0.0511 css=285.62 fit=8.1s infer=0.00210s/inst
2026-09-16 04:39:04 INFO === method gcn_skip ===
2026-09-16 04:39:12 INFO [gcn_skip] epoch 1 val_loss=5.7827 val_acc=0.0031 (8s)
2026-09-16 04:39:24 INFO [gcn_skip] epoch 10 val_loss=5.7156 val_acc=0.0102 (20s)
2026-09-16 04:39:37 INFO [gcn_skip] epoch 20 val_loss=5.7034 val_acc=0.0153 (34s)
2026-09-16 04:40:43 INFO [gcn_skip] epoch 30 val_loss=5.6855 val_acc=0.0112 (100s)
2026-09-16 04:41:07 INFO [gcn_skip] epoch 40 val_loss=5.6478 val_acc=0.0336 (124s)
2026-09-16 04:41:21 INFO [gcn_skip] epoch 50 val_loss=5.6298 val_acc=0.0234 (137s)
2026-09-16 04:41:34 INFO [gcn_skip] trained 59 epochs, best val_loss=5.6284, 150s
2026-09-16 04:41:35 INFO [gcn_skip] 500/3270 top1=0.022 top5=0.034 ed=1.878 rr=0.042 (2s)
2026-09-16 04:41:36 INFO [gcn_skip] 1000/3270 top1=0.029 top5=0.046 ed=1.905 rr=0.050 (2s)
2026-09-16 04:41:37 INFO [gcn_skip] 1500/3270 top1=0.033 top5=0.055 ed=1.913 rr=0.055 (3s)
2026-09-16 04:41:38 INFO [gcn_skip] 2000/3270 top1=0.035 top5=0.056 ed=1.927 rr=0.057 (4s)
2026-09-16 04:41:39 INFO [gcn_skip] 2500/3270 top1=0.035 top5=0.055 ed=1.929 rr=0.057 (5s)
2026-09-16 04:41:40 INFO [gcn_skip] 3000/3270 top1=0.036 top5=0.054 ed=1.926 rr=0.057 (6s)
2026-09-16 04:41:41 INFO RESULT highschool2013 gcn_skip: top1=0.0358 top3=0.0459 top5=0.0532 ed=1.9125 rr=0.0568 css=269.91 fit=150.2s infer=0.00205s/inst
2026-09-16 04:41:41 INFO === method igcn ===
2026-09-16 04:42:12 INFO [igcn] epoch 1 val_loss=5.7821 val_acc=0.0377 (32s)
2026-09-16 04:49:16 INFO [igcn] epoch 10 val_loss=5.7345 val_acc=0.0398 (455s)
2026-09-16 04:55:56 INFO [igcn] epoch 20 val_loss=5.5907 val_acc=0.0387 (855s)
2026-09-16 05:03:46 INFO [igcn] epoch 30 val_loss=5.5802 val_acc=0.0377 (1325s)
2026-09-16 05:08:25 INFO [igcn] trained 36 epochs, best val_loss=5.5797, 1604s
2026-09-16 05:08:42 INFO [igcn] 500/3270 top1=0.020 top5=0.040 ed=2.254 rr=0.042 (18s)
2026-09-16 05:08:43 INFO [igcn] 1000/3270 top1=0.023 top5=0.043 ed=2.264 rr=0.045 (19s)
2026-09-16 05:08:44 INFO [igcn] 1500/3270 top1=0.027 top5=0.043 ed=2.269 rr=0.048 (20s)
2026-09-16 05:08:45 INFO [igcn] 2000/3270 top1=0.033 top5=0.050 ed=2.268 rr=0.053 (21s)
2026-09-16 05:08:46 INFO [igcn] 2500/3270 top1=0.033 top5=0.051 ed=2.281 rr=0.054 (22s)
2026-09-16 05:08:47 INFO [igcn] 3000/3270 top1=0.035 top5=0.054 ed=2.280 rr=0.057 (23s)
2026-09-16 05:08:48 INFO RESULT highschool2013 igcn: top1=0.0352 top3=0.0468 top5=0.0541 ed=2.2755 rr=0.0568 css=278.94 fit=1604.1s infer=0.00708s/inst
2026-09-16 05:08:48 INFO run source_highschool2013_20260916T031857Z_1239 finished in 6591.1s
=== powergrid ===
2026-09-16 05:08:52 INFO run source_powergrid_20260916T050852Z_9118 started, dir=/home/user/trace_e/results/runs/source_powergrid_20260916T050852Z_9118
2026-09-16 05:08:52 INFO network powergrid: {'n_nodes': 4941, 'n_edges': 6594, 'avg_degree': 2.66909532483303, 'n_components': 1, 'lcc_size': 4941}
2026-09-16 05:08:56 INFO train: 49410 outbreaks, avg size 9.03, singletons 15615 (3.5s)
2026-09-16 05:08:59 INFO test: 49410 outbreaks, avg size 5.58, singletons 15037 (3.0s)
2026-09-16 05:08:59 INFO === method random ===
2026-09-16 05:09:19 INFO [random] 500/49410 top1=0.360 top5=0.730 ed=1.206 rr=0.456 (20s)
2026-09-16 05:09:23 INFO [random] 1000/49410 top1=0.396 top5=0.775 ed=1.134 rr=0.492 (24s)
2026-09-16 05:09:26 INFO [random] 1500/49410 top1=0.399 top5=0.757 ed=1.127 rr=0.489 (27s)
2026-09-16 05:09:30 INFO [random] 2000/49410 top1=0.391 top5=0.756 ed=1.141 rr=0.481 (31s)
2026-09-16 05:09:33 INFO [random] 2500/49410 top1=0.386 top5=0.756 ed=1.174 rr=0.472 (34s)
2026-09-16 05:09:36 INFO [random] 3000/49410 top1=0.392 top5=0.768 ed=1.156 rr=0.482 (38s)
2026-09-16 05:09:40 INFO [random] 3500/49410 top1=0.393 top5=0.773 ed=1.159 rr=0.485 (41s)
2026-09-16 05:09:43 INFO [random] 4000/49410 top1=0.392 top5=0.776 ed=1.156 rr=0.486 (44s)
2026-09-16 05:09:47 INFO [random] 4500/49410 top1=0.399 top5=0.777 ed=1.149 rr=0.490 (48s)
2026-09-16 05:09:50 INFO [random] 5000/49410 top1=0.404 top5=0.785 ed=1.132 rr=0.496 (51s)
2026-09-16 05:09:53 INFO [random] 5500/49410 top1=0.406 top5=0.792 ed=1.121 rr=0.501 (55s)
2026-09-16 05:09:57 INFO [random] 6000/49410 top1=0.410 top5=0.799 ed=1.109 rr=0.504 (58s)
2026-09-16 05:10:00 INFO [random] 6500/49410 top1=0.413 top5=0.801 ed=1.099 rr=0.506 (61s)
2026-09-16 05:10:04 INFO [random] 7000/49410 top1=0.415 top5=0.804 ed=1.097 rr=0.509 (65s)
2026-09-16 05:10:07 INFO [random] 7500/49410 top1=0.418 top5=0.808 ed=1.089 rr=0.512 (68s)
2026-09-16 05:10:11 INFO [random] 8000/49410 top1=0.423 top5=0.812 ed=1.077 rr=0.515 (72s)
2026-09-16 05:10:14 INFO [random] 8500/49410 top1=0.427 top5=0.816 ed=1.070 rr=0.518 (76s)
2026-09-16 05:10:18 INFO [random] 9000/49410 top1=0.429 top5=0.817 ed=1.065 rr=0.520 (79s)
2026-09-16 05:10:22 INFO [random] 9500/49410 top1=0.433 top5=0.821 ed=1.056 rr=0.524 (83s)
2026-09-16 05:10:25 INFO [random] 10000/49410 top1=0.436 top5=0.826 ed=1.041 rr=0.527 (86s)
2026-09-16 05:10:28 INFO [random] 10500/49410 top1=0.438 top5=0.830 ed=1.031 rr=0.530 (90s)
2026-09-16 05:10:32 INFO [random] 11000/49410 top1=0.441 top5=0.835 ed=1.017 rr=0.534 (93s)
2026-09-16 05:10:35 INFO [random] 11500/49410 top1=0.445 top5=0.839 ed=1.008 rr=0.537 (96s)
2026-09-16 05:10:39 INFO [random] 12000/49410 top1=0.446 top5=0.844 ed=0.998 rr=0.540 (100s)
2026-09-16 05:10:42 INFO [random] 12500/49410 top1=0.449 top5=0.847 ed=0.993 rr=0.542 (103s)
2026-09-16 05:10:45 INFO [random] 13000/49410 top1=0.451 top5=0.850 ed=0.985 rr=0.545 (107s)
2026-09-16 05:10:49 INFO [random] 13500/49410 top1=0.455 top5=0.854 ed=0.977 rr=0.549 (110s)
2026-09-16 05:10:52 INFO [random] 14000/49410 top1=0.455 top5=0.855 ed=0.976 rr=0.550 (113s)
2026-09-16 05:10:55 INFO [random] 14500/49410 top1=0.453 top5=0.853 ed=0.981 rr=0.549 (117s)
2026-09-16 05:10:59 INFO [random] 15000/49410 top1=0.454 top5=0.853 ed=0.982 rr=0.548 (120s)
2026-09-16 05:11:02 INFO [random] 15500/49410 top1=0.455 top5=0.854 ed=0.984 rr=0.548 (123s)
2026-09-16 05:11:06 INFO [random] 16000/49410 top1=0.455 top5=0.854 ed=0.984 rr=0.549 (127s)
2026-09-16 05:11:09 INFO [random] 16500/49410 top1=0.453 top5=0.851 ed=0.989 rr=0.547 (130s)
2026-09-16 05:11:13 INFO [random] 17000/49410 top1=0.452 top5=0.848 ed=0.996 rr=0.544 (134s)
2026-09-16 05:11:16 INFO [random] 17500/49410 top1=0.450 top5=0.843 ed=1.004 rr=0.542 (137s)
2026-09-16 05:11:19 INFO [random] 18000/49410 top1=0.448 top5=0.841 ed=1.009 rr=0.540 (141s)
2026-09-16 05:11:23 INFO [random] 18500/49410 top1=0.447 top5=0.840 ed=1.011 rr=0.539 (144s)
2026-09-16 05:11:26 INFO [random] 19000/49410 top1=0.446 top5=0.838 ed=1.016 rr=0.538 (147s)
2026-09-16 05:11:29 INFO [random] 19500/49410 top1=0.444 top5=0.835 ed=1.021 rr=0.536 (151s)
2026-09-16 05:11:33 INFO [random] 20000/49410 top1=0.443 top5=0.832 ed=1.028 rr=0.534 (154s)
2026-09-16 05:11:36 INFO [random] 20500/49410 top1=0.441 top5=0.828 ed=1.036 rr=0.531 (157s)
2026-09-16 05:11:40 INFO [random] 21000/49410 top1=0.442 top5=0.828 ed=1.035 rr=0.532 (161s)
2026-09-16 05:11:43 INFO [random] 21500/49410 top1=0.440 top5=0.825 ed=1.040 rr=0.530 (164s)
2026-09-16 05:11:46 INFO [random] 22000/49410 top1=0.441 top5=0.826 ed=1.037 rr=0.531 (167s)
2026-09-16 05:11:50 INFO [random] 22500/49410 top1=0.442 top5=0.826 ed=1.035 rr=0.531 (171s)
2026-09-16 05:11:53 INFO [random] 23000/49410 top1=0.442 top5=0.826 ed=1.034 rr=0.532 (174s)
2026-09-16 05:11:57 INFO [random] 23500/49410 top1=0.444 top5=0.826 ed=1.031 rr=0.532 (178s)
2026-09-16 05:12:00 INFO [random] 24000/49410 top1=0.446 top5=0.827 ed=1.026 rr=0.535 (181s)
2026-09-16 05:12:03 INFO [random] 24500/49410 top1=0.447 top5=0.827 ed=1.026 rr=0.535 (184s)
2026-09-16 05:12:07 INFO [random] 25000/49410 top1=0.448 top5=0.827 ed=1.024 rr=0.536 (188s)
2026-09-16 05:12:10 INFO [random] 25500/49410 top1=0.450 top5=0.828 ed=1.021 rr=0.538 (191s)
2026-09-16 05:12:13 INFO [random] 26000/49410 top1=0.453 top5=0.830 ed=1.016 rr=0.540 (195s)
2026-09-16 05:12:17 INFO [random] 26500/49410 top1=0.455 top5=0.831 ed=1.012 rr=0.542 (198s)
2026-09-16 05:12:20 INFO [random] 27000/49410 top1=0.454 top5=0.831 ed=1.013 rr=0.541 (201s)
2026-09-16 05:12:24 INFO [random] 27500/49410 top1=0.453 top5=0.831 ed=1.015 rr=0.541 (205s)
2026-09-16 05:12:27 INFO [random] 28000/49410 top1=0.452 top5=0.831 ed=1.016 rr=0.540 (208s)
2026-09-16 05:12:31 INFO [random] 28500/49410 top1=0.452 top5=0.831 ed=1.014 rr=0.541 (212s)
2026-09-16 05:12:34 INFO [random] 29000/49410 top1=0.453 top5=0.833 ed=1.011 rr=0.542 (215s)
2026-09-16 05:12:37 INFO [random] 29500/49410 top1=0.455 top5=0.835 ed=1.008 rr=0.543 (218s)
2026-09-16 05:12:41 INFO [random] 30000/49410 top1=0.456 top5=0.836 ed=1.003 rr=0.545 (222s)
2026-09-16 05:12:44 INFO [random] 30500/49410 top1=0.458 top5=0.838 ed=0.999 rr=0.547 (225s)
2026-09-16 05:12:47 INFO [random] 31000/49410 top1=0.460 top5=0.840 ed=0.994 rr=0.548 (228s)
2026-09-16 05:12:51 INFO [random] 31500/49410 top1=0.462 top5=0.841 ed=0.990 rr=0.550 (232s)
2026-09-16 05:12:54 INFO [random] 32000/49410 top1=0.461 top5=0.841 ed=0.991 rr=0.550 (235s)
2026-09-16 05:12:57 INFO [random] 32500/49410 top1=0.460 top5=0.840 ed=0.995 rr=0.549 (239s)
2026-09-16 05:13:01 INFO [random] 33000/49410 top1=0.460 top5=0.840 ed=0.993 rr=0.549 (242s)
2026-09-16 05:13:04 INFO [random] 33500/49410 top1=0.460 top5=0.839 ed=0.995 rr=0.549 (245s)
2026-09-16 05:13:08 INFO [random] 34000/49410 top1=0.460 top5=0.840 ed=0.994 rr=0.548 (249s)
2026-09-16 05:13:11 INFO [random] 34500/49410 top1=0.460 top5=0.840 ed=0.993 rr=0.548 (252s)
2026-09-16 05:13:15 INFO [random] 35000/49410 top1=0.460 top5=0.841 ed=0.992 rr=0.549 (256s)
2026-09-16 05:13:18 INFO [random] 35500/49410 top1=0.460 top5=0.841 ed=0.991 rr=0.549 (259s)
2026-09-16 05:13:22 INFO [random] 36000/49410 top1=0.461 top5=0.841 ed=0.991 rr=0.549 (263s)
2026-09-16 05:13:25 INFO [random] 36500/49410 top1=0.462 top5=0.842 ed=0.990 rr=0.550 (266s)
2026-09-16 05:13:28 INFO [random] 37000/49410 top1=0.462 top5=0.842 ed=0.988 rr=0.550 (269s)
2026-09-16 05:13:32 INFO [random] 37500/49410 top1=0.464 top5=0.843 ed=0.985 rr=0.552 (273s)
2026-09-16 05:13:35 INFO [random] 38000/49410 top1=0.466 top5=0.844 ed=0.983 rr=0.553 (276s)
2026-09-16 05:13:38 INFO [random] 38500/49410 top1=0.463 top5=0.838 ed=0.991 rr=0.550 (279s)
2026-09-16 05:13:42 INFO [random] 39000/49410 top1=0.463 top5=0.837 ed=0.993 rr=0.550 (283s)
2026-09-16 05:13:45 INFO [random] 39500/49410 top1=0.464 top5=0.837 ed=0.991 rr=0.550 (286s)
2026-09-16 05:13:48 INFO [random] 40000/49410 top1=0.465 top5=0.838 ed=0.989 rr=0.551 (290s)
2026-09-16 05:13:52 INFO [random] 40500/49410 top1=0.465 top5=0.840 ed=0.987 rr=0.552 (293s)
2026-09-16 05:13:55 INFO [random] 41000/49410 top1=0.466 top5=0.841 ed=0.985 rr=0.552 (296s)
2026-09-16 05:13:58 INFO [random] 41500/49410 top1=0.467 top5=0.842 ed=0.982 rr=0.553 (300s)
2026-09-16 05:14:02 INFO [random] 42000/49410 top1=0.468 top5=0.843 ed=0.979 rr=0.554 (303s)
2026-09-16 05:14:05 INFO [random] 42500/49410 top1=0.469 top5=0.844 ed=0.978 rr=0.555 (306s)
2026-09-16 05:14:09 INFO [random] 43000/49410 top1=0.470 top5=0.844 ed=0.976 rr=0.556 (310s)
2026-09-16 05:14:12 INFO [random] 43500/49410 top1=0.469 top5=0.845 ed=0.976 rr=0.556 (313s)
2026-09-16 05:14:15 INFO [random] 44000/49410 top1=0.470 top5=0.845 ed=0.975 rr=0.556 (317s)
2026-09-16 05:14:19 INFO [random] 44500/49410 top1=0.470 top5=0.845 ed=0.975 rr=0.556 (320s)
2026-09-16 05:14:22 INFO [random] 45000/49410 top1=0.469 top5=0.845 ed=0.976 rr=0.556 (324s)
2026-09-16 05:14:26 INFO [random] 45500/49410 top1=0.469 top5=0.844 ed=0.976 rr=0.556 (327s)
2026-09-16 05:14:29 INFO [random] 46000/49410 top1=0.469 top5=0.844 ed=0.976 rr=0.556 (330s)
2026-09-16 05:14:32 INFO [random] 46500/49410 top1=0.471 top5=0.844 ed=0.974 rr=0.557 (334s)
2026-09-16 05:14:36 INFO [random] 47000/49410 top1=0.470 top5=0.844 ed=0.975 rr=0.556 (337s)
2026-09-16 05:14:39 INFO [random] 47500/49410 top1=0.471 top5=0.844 ed=0.974 rr=0.556 (341s)
2026-09-16 05:14:43 INFO [random] 48000/49410 top1=0.470 top5=0.843 ed=0.975 rr=0.556 (344s)
2026-09-16 05:14:46 INFO [random] 48500/49410 top1=0.470 top5=0.843 ed=0.976 rr=0.556 (347s)
2026-09-16 05:14:49 INFO [random] 49000/49410 top1=0.471 top5=0.843 ed=0.974 rr=0.556 (351s)
2026-09-16 05:14:53 INFO RESULT powergrid random: top1=0.4703 top3=0.7349 top5=0.8433 ed=0.9742 rr=0.5560 css=5.33 fit=0.0s infer=0.00715s/inst
2026-09-16 05:14:53 INFO === method degree ===
2026-09-16 05:15:12 INFO [degree] 500/49410 top1=0.438 top5=0.834 ed=0.724 rr=0.594 (19s)
2026-09-16 05:15:16 INFO [degree] 1000/49410 top1=0.477 top5=0.872 ed=0.694 rr=0.625 (23s)
2026-09-16 05:15:19 INFO [degree] 1500/49410 top1=0.491 top5=0.876 ed=0.685 rr=0.634 (26s)
2026-09-16 05:15:23 INFO [degree] 2000/49410 top1=0.476 top5=0.873 ed=0.702 rr=0.624 (30s)
2026-09-16 05:15:26 INFO [degree] 2500/49410 top1=0.470 top5=0.874 ed=0.721 rr=0.618 (33s)
2026-09-16 05:15:29 INFO [degree] 3000/49410 top1=0.477 top5=0.878 ed=0.715 rr=0.623 (36s)
2026-09-16 05:15:32 INFO [degree] 3500/49410 top1=0.480 top5=0.879 ed=0.717 rr=0.622 (39s)
2026-09-16 05:15:36 INFO [degree] 4000/49410 top1=0.477 top5=0.883 ed=0.723 rr=0.622 (43s)
2026-09-16 05:15:39 INFO [degree] 4500/49410 top1=0.481 top5=0.880 ed=0.726 rr=0.622 (46s)
2026-09-16 05:15:42 INFO [degree] 5000/49410 top1=0.487 top5=0.883 ed=0.720 rr=0.626 (49s)
2026-09-16 05:15:46 INFO [degree] 5500/49410 top1=0.487 top5=0.885 ed=0.716 rr=0.628 (53s)
2026-09-16 05:15:49 INFO [degree] 6000/49410 top1=0.488 top5=0.889 ed=0.715 rr=0.629 (56s)
2026-09-16 05:15:52 INFO [degree] 6500/49410 top1=0.492 top5=0.890 ed=0.708 rr=0.631 (59s)
2026-09-16 05:15:56 INFO [degree] 7000/49410 top1=0.493 top5=0.888 ed=0.705 rr=0.630 (63s)
2026-09-16 05:15:59 INFO [degree] 7500/49410 top1=0.495 top5=0.887 ed=0.703 rr=0.631 (66s)
2026-09-16 05:16:02 INFO [degree] 8000/49410 top1=0.497 top5=0.888 ed=0.698 rr=0.633 (69s)
2026-09-16 05:16:06 INFO [degree] 8500/49410 top1=0.497 top5=0.889 ed=0.697 rr=0.634 (73s)
2026-09-16 05:16:09 INFO [degree] 9000/49410 top1=0.499 top5=0.890 ed=0.695 rr=0.635 (76s)
2026-09-16 05:16:12 INFO [degree] 9500/49410 top1=0.501 top5=0.892 ed=0.690 rr=0.637 (79s)
2026-09-16 05:16:16 INFO [degree] 10000/49410 top1=0.502 top5=0.895 ed=0.686 rr=0.638 (83s)
2026-09-16 05:16:19 INFO [degree] 10500/49410 top1=0.503 top5=0.897 ed=0.686 rr=0.639 (86s)
2026-09-16 05:16:23 INFO [degree] 11000/49410 top1=0.507 top5=0.900 ed=0.681 rr=0.642 (90s)
2026-09-16 05:16:26 INFO [degree] 11500/49410 top1=0.508 top5=0.902 ed=0.677 rr=0.644 (93s)
2026-09-16 05:16:29 INFO [degree] 12000/49410 top1=0.510 top5=0.905 ed=0.672 rr=0.646 (96s)
2026-09-16 05:16:33 INFO [degree] 12500/49410 top1=0.510 top5=0.906 ed=0.670 rr=0.647 (100s)
2026-09-16 05:16:36 INFO [degree] 13000/49410 top1=0.511 top5=0.907 ed=0.668 rr=0.648 (103s)
2026-09-16 05:16:39 INFO [degree] 13500/49410 top1=0.513 top5=0.909 ed=0.665 rr=0.649 (106s)
2026-09-16 05:16:43 INFO [degree] 14000/49410 top1=0.513 top5=0.909 ed=0.665 rr=0.650 (110s)
2026-09-16 05:16:46 INFO [degree] 14500/49410 top1=0.513 top5=0.909 ed=0.665 rr=0.650 (113s)
2026-09-16 05:16:49 INFO [degree] 15000/49410 top1=0.512 top5=0.908 ed=0.667 rr=0.650 (116s)
2026-09-16 05:16:53 INFO [degree] 15500/49410 top1=0.510 top5=0.907 ed=0.669 rr=0.648 (120s)
2026-09-16 05:16:56 INFO [degree] 16000/49410 top1=0.509 top5=0.906 ed=0.670 rr=0.647 (123s)
2026-09-16 05:17:00 INFO [degree] 16500/49410 top1=0.508 top5=0.905 ed=0.672 rr=0.647 (127s)
2026-09-16 05:17:03 INFO [degree] 17000/49410 top1=0.507 top5=0.902 ed=0.672 rr=0.645 (130s)
2026-09-16 05:17:06 INFO [degree] 17500/49410 top1=0.507 top5=0.901 ed=0.672 rr=0.644 (133s)
2026-09-16 05:17:10 INFO [degree] 18000/49410 top1=0.506 top5=0.900 ed=0.674 rr=0.643 (137s)
2026-09-16 05:17:13 INFO [degree] 18500/49410 top1=0.505 top5=0.899 ed=0.676 rr=0.643 (140s)
2026-09-16 05:17:17 INFO [degree] 19000/49410 top1=0.504 top5=0.898 ed=0.678 rr=0.642 (144s)
2026-09-16 05:17:20 INFO [degree] 19500/49410 top1=0.502 top5=0.895 ed=0.682 rr=0.640 (147s)
2026-09-16 05:17:23 INFO [degree] 20000/49410 top1=0.499 top5=0.892 ed=0.685 rr=0.637 (150s)
2026-09-16 05:17:27 INFO [degree] 20500/49410 top1=0.497 top5=0.887 ed=0.688 rr=0.635 (154s)
2026-09-16 05:17:30 INFO [degree] 21000/49410 top1=0.496 top5=0.887 ed=0.688 rr=0.634 (157s)
2026-09-16 05:17:33 INFO [degree] 21500/49410 top1=0.494 top5=0.884 ed=0.692 rr=0.632 (160s)
2026-09-16 05:17:37 INFO [degree] 22000/49410 top1=0.495 top5=0.885 ed=0.690 rr=0.633 (164s)
2026-09-16 05:17:40 INFO [degree] 22500/49410 top1=0.495 top5=0.884 ed=0.690 rr=0.633 (167s)
2026-09-16 05:17:43 INFO [degree] 23000/49410 top1=0.494 top5=0.884 ed=0.692 rr=0.632 (170s)
2026-09-16 05:17:47 INFO [degree] 23500/49410 top1=0.495 top5=0.883 ed=0.691 rr=0.632 (174s)
2026-09-16 05:17:50 INFO [degree] 24000/49410 top1=0.495 top5=0.884 ed=0.689 rr=0.633 (177s)
2026-09-16 05:17:54 INFO [degree] 24500/49410 top1=0.494 top5=0.883 ed=0.690 rr=0.632 (181s)
2026-09-16 05:17:57 INFO [degree] 25000/49410 top1=0.494 top5=0.881 ed=0.689 rr=0.632 (184s)
2026-09-16 05:18:00 INFO [degree] 25500/49410 top1=0.495 top5=0.881 ed=0.688 rr=0.632 (187s)
2026-09-16 05:18:04 INFO [degree] 26000/49410 top1=0.497 top5=0.881 ed=0.686 rr=0.633 (191s)
2026-09-16 05:18:07 INFO [degree] 26500/49410 top1=0.497 top5=0.881 ed=0.685 rr=0.634 (194s)
2026-09-16 05:18:11 INFO [degree] 27000/49410 top1=0.498 top5=0.882 ed=0.684 rr=0.634 (198s)
2026-09-16 05:18:14 INFO [degree] 27500/49410 top1=0.498 top5=0.882 ed=0.683 rr=0.635 (201s)
2026-09-16 05:18:17 INFO [degree] 28000/49410 top1=0.498 top5=0.882 ed=0.683 rr=0.635 (204s)
2026-09-16 05:18:21 INFO [degree] 28500/49410 top1=0.499 top5=0.882 ed=0.683 rr=0.635 (208s)
2026-09-16 05:18:24 INFO [degree] 29000/49410 top1=0.500 top5=0.883 ed=0.680 rr=0.636 (211s)
2026-09-16 05:18:28 INFO [degree] 29500/49410 top1=0.502 top5=0.884 ed=0.677 rr=0.637 (214s)
2026-09-16 05:18:31 INFO [degree] 30000/49410 top1=0.503 top5=0.885 ed=0.675 rr=0.638 (218s)
2026-09-16 05:18:34 INFO [degree] 30500/49410 top1=0.503 top5=0.885 ed=0.674 rr=0.639 (221s)
2026-09-16 05:18:38 INFO [degree] 31000/49410 top1=0.505 top5=0.886 ed=0.672 rr=0.640 (225s)
2026-09-16 05:18:41 INFO [degree] 31500/49410 top1=0.506 top5=0.887 ed=0.670 rr=0.641 (228s)
2026-09-16 05:18:45 INFO [degree] 32000/49410 top1=0.506 top5=0.887 ed=0.670 rr=0.641 (232s)
2026-09-16 05:18:48 INFO [degree] 32500/49410 top1=0.505 top5=0.887 ed=0.671 rr=0.641 (235s)
2026-09-16 05:18:51 INFO [degree] 33000/49410 top1=0.505 top5=0.887 ed=0.670 rr=0.641 (238s)
2026-09-16 05:18:55 INFO [degree] 33500/49410 top1=0.505 top5=0.887 ed=0.671 rr=0.640 (242s)
2026-09-16 05:18:58 INFO [degree] 34000/49410 top1=0.505 top5=0.887 ed=0.671 rr=0.640 (245s)
2026-09-16 05:19:02 INFO [degree] 34500/49410 top1=0.505 top5=0.887 ed=0.670 rr=0.641 (249s)
2026-09-16 05:19:05 INFO [degree] 35000/49410 top1=0.505 top5=0.887 ed=0.670 rr=0.641 (252s)
2026-09-16 05:19:09 INFO [degree] 35500/49410 top1=0.506 top5=0.888 ed=0.669 rr=0.641 (256s)
2026-09-16 05:19:12 INFO [degree] 36000/49410 top1=0.506 top5=0.888 ed=0.669 rr=0.641 (259s)
2026-09-16 05:19:16 INFO [degree] 36500/49410 top1=0.506 top5=0.889 ed=0.668 rr=0.642 (263s)
2026-09-16 05:19:19 INFO [degree] 37000/49410 top1=0.506 top5=0.889 ed=0.667 rr=0.642 (266s)
2026-09-16 05:19:22 INFO [degree] 37500/49410 top1=0.507 top5=0.889 ed=0.665 rr=0.643 (269s)
2026-09-16 05:19:26 INFO [degree] 38000/49410 top1=0.507 top5=0.889 ed=0.665 rr=0.643 (273s)
2026-09-16 05:19:29 INFO [degree] 38500/49410 top1=0.505 top5=0.885 ed=0.670 rr=0.641 (276s)
2026-09-16 05:19:32 INFO [degree] 39000/49410 top1=0.504 top5=0.883 ed=0.672 rr=0.640 (279s)
2026-09-16 05:19:36 INFO [degree] 39500/49410 top1=0.505 top5=0.883 ed=0.671 rr=0.640 (283s)
2026-09-16 05:19:39 INFO [degree] 40000/49410 top1=0.505 top5=0.884 ed=0.669 rr=0.641 (286s)
2026-09-16 05:19:42 INFO [degree] 40500/49410 top1=0.506 top5=0.885 ed=0.668 rr=0.642 (289s)
2026-09-16 05:19:46 INFO [degree] 41000/49410 top1=0.507 top5=0.885 ed=0.666 rr=0.642 (293s)
2026-09-16 05:19:49 INFO [degree] 41500/49410 top1=0.508 top5=0.886 ed=0.665 rr=0.643 (296s)
2026-09-16 05:19:53 INFO [degree] 42000/49410 top1=0.508 top5=0.887 ed=0.663 rr=0.643 (300s)
2026-09-16 05:19:56 INFO [degree] 42500/49410 top1=0.508 top5=0.887 ed=0.662 rr=0.644 (303s)
2026-09-16 05:19:59 INFO [degree] 43000/49410 top1=0.509 top5=0.888 ed=0.661 rr=0.644 (306s)
2026-09-16 05:20:03 INFO [degree] 43500/49410 top1=0.509 top5=0.888 ed=0.662 rr=0.644 (310s)
2026-09-16 05:20:06 INFO [degree] 44000/49410 top1=0.509 top5=0.889 ed=0.662 rr=0.645 (313s)
2026-09-16 05:20:09 INFO [degree] 44500/49410 top1=0.509 top5=0.889 ed=0.662 rr=0.645 (316s)
2026-09-16 05:20:13 INFO [degree] 45000/49410 top1=0.509 top5=0.889 ed=0.661 rr=0.645 (320s)
2026-09-16 05:20:16 INFO [degree] 45500/49410 top1=0.509 top5=0.888 ed=0.661 rr=0.645 (323s)
2026-09-16 05:20:20 INFO [degree] 46000/49410 top1=0.509 top5=0.888 ed=0.662 rr=0.645 (327s)
2026-09-16 05:20:23 INFO [degree] 46500/49410 top1=0.510 top5=0.888 ed=0.661 rr=0.645 (330s)
2026-09-16 05:20:26 INFO [degree] 47000/49410 top1=0.509 top5=0.888 ed=0.662 rr=0.645 (333s)
2026-09-16 05:20:30 INFO [degree] 47500/49410 top1=0.509 top5=0.888 ed=0.662 rr=0.644 (337s)
2026-09-16 05:20:33 INFO [degree] 48000/49410 top1=0.509 top5=0.887 ed=0.663 rr=0.644 (340s)
2026-09-16 05:20:36 INFO [degree] 48500/49410 top1=0.509 top5=0.887 ed=0.663 rr=0.644 (343s)
2026-09-16 05:20:40 INFO [degree] 49000/49410 top1=0.509 top5=0.888 ed=0.664 rr=0.644 (347s)
2026-09-16 05:20:44 INFO RESULT powergrid degree: top1=0.5088 top3=0.7877 top5=0.8875 ed=0.6640 rr=0.6439 fit=0.0s infer=0.00707s/inst
2026-09-16 05:20:44 INFO === method jordan ===
2026-09-16 05:21:02 INFO [jordan] 500/49410 top1=0.472 top5=0.832 ed=0.764 rr=0.583 (18s)
2026-09-16 05:21:05 INFO [jordan] 1000/49410 top1=0.500 top5=0.882 ed=0.719 rr=0.618 (22s)
2026-09-16 05:21:09 INFO [jordan] 1500/49410 top1=0.495 top5=0.887 ed=0.708 rr=0.619 (25s)
2026-09-16 05:21:13 INFO [jordan] 2000/49410 top1=0.486 top5=0.875 ed=0.725 rr=0.610 (29s)
2026-09-16 05:21:16 INFO [jordan] 2500/49410 top1=0.475 top5=0.871 ed=0.740 rr=0.604 (32s)
2026-09-16 05:21:19 INFO [jordan] 3000/49410 top1=0.484 top5=0.878 ed=0.720 rr=0.613 (36s)
2026-09-16 05:21:23 INFO [jordan] 3500/49410 top1=0.481 top5=0.879 ed=0.719 rr=0.614 (39s)
2026-09-16 05:21:26 INFO [jordan] 4000/49410 top1=0.476 top5=0.880 ed=0.715 rr=0.613 (42s)
2026-09-16 05:21:29 INFO [jordan] 4500/49410 top1=0.477 top5=0.878 ed=0.713 rr=0.614 (46s)
2026-09-16 05:21:33 INFO [jordan] 5000/49410 top1=0.482 top5=0.882 ed=0.707 rr=0.619 (49s)
2026-09-16 05:21:36 INFO [jordan] 5500/49410 top1=0.485 top5=0.884 ed=0.702 rr=0.622 (52s)
2026-09-16 05:21:39 INFO [jordan] 6000/49410 top1=0.490 top5=0.889 ed=0.694 rr=0.627 (56s)
2026-09-16 05:21:42 INFO [jordan] 6500/49410 top1=0.490 top5=0.891 ed=0.689 rr=0.628 (59s)
2026-09-16 05:21:46 INFO [jordan] 7000/49410 top1=0.491 top5=0.889 ed=0.690 rr=0.628 (62s)
2026-09-16 05:21:49 INFO [jordan] 7500/49410 top1=0.492 top5=0.889 ed=0.686 rr=0.629 (65s)
2026-09-16 05:21:52 INFO [jordan] 8000/49410 top1=0.495 top5=0.891 ed=0.682 rr=0.632 (69s)
2026-09-16 05:21:56 INFO [jordan] 8500/49410 top1=0.497 top5=0.891 ed=0.680 rr=0.633 (72s)
2026-09-16 05:21:59 INFO [jordan] 9000/49410 top1=0.497 top5=0.892 ed=0.678 rr=0.634 (75s)
2026-09-16 05:22:02 INFO [jordan] 9500/49410 top1=0.500 top5=0.894 ed=0.672 rr=0.636 (78s)
2026-09-16 05:22:05 INFO [jordan] 10000/49410 top1=0.501 top5=0.896 ed=0.669 rr=0.638 (82s)
2026-09-16 05:22:09 INFO [jordan] 10500/49410 top1=0.502 top5=0.898 ed=0.667 rr=0.639 (85s)
2026-09-16 05:22:12 INFO [jordan] 11000/49410 top1=0.504 top5=0.900 ed=0.662 rr=0.642 (88s)
2026-09-16 05:22:15 INFO [jordan] 11500/49410 top1=0.508 top5=0.902 ed=0.657 rr=0.645 (92s)
2026-09-16 05:22:20 INFO [jordan] 12000/49410 top1=0.511 top5=0.905 ed=0.652 rr=0.647 (96s)
2026-09-16 05:22:24 INFO [jordan] 12500/49410 top1=0.511 top5=0.906 ed=0.651 rr=0.648 (100s)
2026-09-16 05:22:27 INFO [jordan] 13000/49410 top1=0.513 top5=0.908 ed=0.648 rr=0.649 (103s)
2026-09-16 05:22:30 INFO [jordan] 13500/49410 top1=0.514 top5=0.909 ed=0.646 rr=0.650 (107s)
2026-09-16 05:22:33 INFO [jordan] 14000/49410 top1=0.514 top5=0.909 ed=0.645 rr=0.651 (110s)
2026-09-16 05:22:37 INFO [jordan] 14500/49410 top1=0.513 top5=0.908 ed=0.646 rr=0.650 (113s)
2026-09-16 05:22:40 INFO [jordan] 15000/49410 top1=0.512 top5=0.908 ed=0.649 rr=0.649 (117s)
2026-09-16 05:22:43 INFO [jordan] 15500/49410 top1=0.511 top5=0.907 ed=0.651 rr=0.648 (120s)
2026-09-16 05:22:47 INFO [jordan] 16000/49410 top1=0.510 top5=0.905 ed=0.653 rr=0.647 (123s)
2026-09-16 05:22:50 INFO [jordan] 16500/49410 top1=0.510 top5=0.904 ed=0.655 rr=0.646 (127s)
2026-09-16 05:22:54 INFO [jordan] 17000/49410 top1=0.509 top5=0.902 ed=0.657 rr=0.645 (130s)
2026-09-16 05:22:57 INFO [jordan] 17500/49410 top1=0.508 top5=0.900 ed=0.659 rr=0.643 (133s)
2026-09-16 05:23:00 INFO [jordan] 18000/49410 top1=0.506 top5=0.899 ed=0.660 rr=0.642 (137s)
2026-09-16 05:23:03 INFO [jordan] 18500/49410 top1=0.506 top5=0.898 ed=0.662 rr=0.641 (140s)
2026-09-16 05:23:07 INFO [jordan] 19000/49410 top1=0.504 top5=0.897 ed=0.665 rr=0.640 (143s)
2026-09-16 05:23:10 INFO [jordan] 19500/49410 top1=0.502 top5=0.895 ed=0.667 rr=0.638 (146s)
2026-09-16 05:23:13 INFO [jordan] 20000/49410 top1=0.501 top5=0.892 ed=0.672 rr=0.635 (150s)
2026-09-16 05:23:17 INFO [jordan] 20500/49410 top1=0.498 top5=0.888 ed=0.679 rr=0.632 (153s)
2026-09-16 05:23:20 INFO [jordan] 21000/49410 top1=0.498 top5=0.887 ed=0.680 rr=0.632 (156s)
2026-09-16 05:23:23 INFO [jordan] 21500/49410 top1=0.496 top5=0.885 ed=0.683 rr=0.630 (159s)
2026-09-16 05:23:26 INFO [jordan] 22000/49410 top1=0.497 top5=0.886 ed=0.681 rr=0.631 (163s)
2026-09-16 05:23:30 INFO [jordan] 22500/49410 top1=0.495 top5=0.884 ed=0.683 rr=0.630 (166s)
2026-09-16 05:23:33 INFO [jordan] 23000/49410 top1=0.494 top5=0.883 ed=0.686 rr=0.628 (169s)
2026-09-16 05:23:36 INFO [jordan] 23500/49410 top1=0.494 top5=0.883 ed=0.686 rr=0.629 (172s)
2026-09-16 05:23:39 INFO [jordan] 24000/49410 top1=0.495 top5=0.883 ed=0.685 rr=0.629 (176s)
2026-09-16 05:23:43 INFO [jordan] 24500/49410 top1=0.495 top5=0.882 ed=0.687 rr=0.628 (179s)
2026-09-16 05:23:46 INFO [jordan] 25000/49410 top1=0.494 top5=0.881 ed=0.688 rr=0.628 (182s)
2026-09-16 05:23:49 INFO [jordan] 25500/49410 top1=0.495 top5=0.880 ed=0.688 rr=0.628 (186s)
2026-09-16 05:23:53 INFO [jordan] 26000/49410 top1=0.497 top5=0.880 ed=0.686 rr=0.629 (189s)
2026-09-16 05:23:56 INFO [jordan] 26500/49410 top1=0.497 top5=0.880 ed=0.685 rr=0.630 (192s)
2026-09-16 05:23:59 INFO [jordan] 27000/49410 top1=0.498 top5=0.881 ed=0.684 rr=0.630 (196s)
2026-09-16 05:24:03 INFO [jordan] 27500/49410 top1=0.498 top5=0.882 ed=0.683 rr=0.630 (199s)
2026-09-16 05:24:06 INFO [jordan] 28000/49410 top1=0.497 top5=0.882 ed=0.683 rr=0.631 (202s)
2026-09-16 05:24:10 INFO [jordan] 28500/49410 top1=0.498 top5=0.883 ed=0.682 rr=0.631 (206s)
2026-09-16 05:24:13 INFO [jordan] 29000/49410 top1=0.499 top5=0.884 ed=0.679 rr=0.632 (209s)
2026-09-16 05:24:16 INFO [jordan] 29500/49410 top1=0.501 top5=0.884 ed=0.677 rr=0.633 (212s)
2026-09-16 05:24:19 INFO [jordan] 30000/49410 top1=0.501 top5=0.885 ed=0.675 rr=0.634 (216s)
2026-09-16 05:24:23 INFO [jordan] 30500/49410 top1=0.503 top5=0.886 ed=0.672 rr=0.635 (219s)
2026-09-16 05:24:26 INFO [jordan] 31000/49410 top1=0.504 top5=0.887 ed=0.670 rr=0.637 (222s)
2026-09-16 05:24:29 INFO [jordan] 31500/49410 top1=0.506 top5=0.888 ed=0.668 rr=0.638 (226s)
2026-09-16 05:24:33 INFO [jordan] 32000/49410 top1=0.505 top5=0.888 ed=0.669 rr=0.638 (229s)
2026-09-16 05:24:36 INFO [jordan] 32500/49410 top1=0.505 top5=0.888 ed=0.670 rr=0.637 (232s)
2026-09-16 05:24:39 INFO [jordan] 33000/49410 top1=0.506 top5=0.888 ed=0.668 rr=0.637 (236s)
2026-09-16 05:24:42 INFO [jordan] 33500/49410 top1=0.505 top5=0.887 ed=0.670 rr=0.637 (239s)
2026-09-16 05:24:46 INFO [jordan] 34000/49410 top1=0.505 top5=0.888 ed=0.669 rr=0.637 (242s)
2026-09-16 05:24:49 INFO [jordan] 34500/49410 top1=0.505 top5=0.889 ed=0.668 rr=0.637 (246s)
2026-09-16 05:24:53 INFO [jordan] 35000/49410 top1=0.506 top5=0.889 ed=0.668 rr=0.638 (249s)
2026-09-16 05:24:56 INFO [jordan] 35500/49410 top1=0.506 top5=0.889 ed=0.666 rr=0.638 (252s)
2026-09-16 05:24:59 INFO [jordan] 36000/49410 top1=0.507 top5=0.889 ed=0.665 rr=0.638 (255s)
2026-09-16 05:25:02 INFO [jordan] 36500/49410 top1=0.507 top5=0.890 ed=0.664 rr=0.639 (259s)
2026-09-16 05:25:06 INFO [jordan] 37000/49410 top1=0.508 top5=0.890 ed=0.664 rr=0.639 (262s)
2026-09-16 05:25:09 INFO [jordan] 37500/49410 top1=0.509 top5=0.890 ed=0.663 rr=0.640 (265s)
2026-09-16 05:25:12 INFO [jordan] 38000/49410 top1=0.509 top5=0.890 ed=0.662 rr=0.640 (269s)
2026-09-16 05:25:16 INFO [jordan] 38500/49410 top1=0.506 top5=0.885 ed=0.668 rr=0.637 (272s)
2026-09-16 05:25:19 INFO [jordan] 39000/49410 top1=0.506 top5=0.883 ed=0.671 rr=0.636 (276s)
2026-09-16 05:25:23 INFO [jordan] 39500/49410 top1=0.507 top5=0.883 ed=0.670 rr=0.636 (279s)
2026-09-16 05:25:26 INFO [jordan] 40000/49410 top1=0.508 top5=0.884 ed=0.668 rr=0.637 (282s)
2026-09-16 05:25:29 INFO [jordan] 40500/49410 top1=0.508 top5=0.885 ed=0.666 rr=0.638 (286s)
2026-09-16 05:25:33 INFO [jordan] 41000/49410 top1=0.509 top5=0.886 ed=0.664 rr=0.639 (289s)
2026-09-16 05:25:36 INFO [jordan] 41500/49410 top1=0.510 top5=0.887 ed=0.663 rr=0.639 (292s)
2026-09-16 05:25:39 INFO [jordan] 42000/49410 top1=0.510 top5=0.888 ed=0.662 rr=0.640 (295s)
2026-09-16 05:25:42 INFO [jordan] 42500/49410 top1=0.511 top5=0.889 ed=0.661 rr=0.641 (299s)
2026-09-16 05:25:46 INFO [jordan] 43000/49410 top1=0.511 top5=0.889 ed=0.660 rr=0.641 (302s)
2026-09-16 05:25:49 INFO [jordan] 43500/49410 top1=0.511 top5=0.890 ed=0.661 rr=0.641 (305s)
2026-09-16 05:25:52 INFO [jordan] 44000/49410 top1=0.511 top5=0.890 ed=0.660 rr=0.641 (309s)
2026-09-16 05:25:56 INFO [jordan] 44500/49410 top1=0.511 top5=0.890 ed=0.660 rr=0.641 (312s)
2026-09-16 05:25:59 INFO [jordan] 45000/49410 top1=0.511 top5=0.890 ed=0.660 rr=0.641 (315s)
2026-09-16 05:26:02 INFO [jordan] 45500/49410 top1=0.511 top5=0.890 ed=0.660 rr=0.641 (319s)
2026-09-16 05:26:06 INFO [jordan] 46000/49410 top1=0.511 top5=0.889 ed=0.660 rr=0.641 (322s)
2026-09-16 05:26:09 INFO [jordan] 46500/49410 top1=0.512 top5=0.889 ed=0.659 rr=0.642 (326s)
2026-09-16 05:26:12 INFO [jordan] 47000/49410 top1=0.511 top5=0.889 ed=0.661 rr=0.641 (329s)
2026-09-16 05:26:16 INFO [jordan] 47500/49410 top1=0.511 top5=0.889 ed=0.661 rr=0.641 (332s)
2026-09-16 05:26:19 INFO [jordan] 48000/49410 top1=0.511 top5=0.889 ed=0.661 rr=0.641 (336s)
2026-09-16 05:26:23 INFO [jordan] 48500/49410 top1=0.510 top5=0.889 ed=0.661 rr=0.641 (339s)
2026-09-16 05:26:26 INFO [jordan] 49000/49410 top1=0.510 top5=0.889 ed=0.661 rr=0.641 (343s)
2026-09-16 05:26:30 INFO RESULT powergrid jordan: top1=0.5104 top3=0.7903 top5=0.8889 ed=0.6614 rr=0.6408 fit=0.0s infer=0.00699s/inst
2026-09-16 05:26:30 INFO === method distance ===
2026-09-16 05:26:47 INFO [distance] 500/49410 top1=0.474 top5=0.852 ed=0.700 rr=0.612 (17s)
2026-09-16 05:26:50 INFO [distance] 1000/49410 top1=0.501 top5=0.887 ed=0.664 rr=0.640 (20s)
2026-09-16 05:26:53 INFO [distance] 1500/49410 top1=0.505 top5=0.895 ed=0.651 rr=0.648 (24s)
2026-09-16 05:26:56 INFO [distance] 2000/49410 top1=0.490 top5=0.891 ed=0.664 rr=0.638 (27s)
2026-09-16 05:27:00 INFO [distance] 2500/49410 top1=0.480 top5=0.892 ed=0.682 rr=0.632 (30s)
2026-09-16 05:27:03 INFO [distance] 3000/49410 top1=0.486 top5=0.893 ed=0.671 rr=0.638 (33s)
2026-09-16 05:27:06 INFO [distance] 3500/49410 top1=0.487 top5=0.897 ed=0.666 rr=0.638 (36s)
2026-09-16 05:27:09 INFO [distance] 4000/49410 top1=0.489 top5=0.897 ed=0.673 rr=0.638 (40s)
2026-09-16 05:27:13 INFO [distance] 4500/49410 top1=0.492 top5=0.894 ed=0.672 rr=0.638 (43s)
2026-09-16 05:27:16 INFO [distance] 5000/49410 top1=0.495 top5=0.897 ed=0.664 rr=0.642 (46s)
2026-09-16 05:27:19 INFO [distance] 5500/49410 top1=0.496 top5=0.898 ed=0.663 rr=0.643 (50s)
2026-09-16 05:27:23 INFO [distance] 6000/49410 top1=0.499 top5=0.902 ed=0.655 rr=0.647 (53s)
2026-09-16 05:27:26 INFO [distance] 6500/49410 top1=0.501 top5=0.904 ed=0.650 rr=0.648 (56s)
2026-09-16 05:27:29 INFO [distance] 7000/49410 top1=0.501 top5=0.903 ed=0.652 rr=0.648 (59s)
2026-09-16 05:27:32 INFO [distance] 7500/49410 top1=0.501 top5=0.903 ed=0.650 rr=0.648 (63s)
2026-09-16 05:27:35 INFO [distance] 8000/49410 top1=0.505 top5=0.903 ed=0.646 rr=0.650 (66s)
2026-09-16 05:27:39 INFO [distance] 8500/49410 top1=0.504 top5=0.903 ed=0.647 rr=0.650 (69s)
2026-09-16 05:27:42 INFO [distance] 9000/49410 top1=0.504 top5=0.903 ed=0.647 rr=0.650 (72s)
2026-09-16 05:27:45 INFO [distance] 9500/49410 top1=0.507 top5=0.905 ed=0.643 rr=0.652 (76s)
2026-09-16 05:27:49 INFO [distance] 10000/49410 top1=0.508 top5=0.906 ed=0.640 rr=0.653 (79s)
2026-09-16 05:27:52 INFO [distance] 10500/49410 top1=0.508 top5=0.908 ed=0.640 rr=0.654 (82s)
2026-09-16 05:27:55 INFO [distance] 11000/49410 top1=0.512 top5=0.910 ed=0.635 rr=0.657 (86s)
2026-09-16 05:27:58 INFO [distance] 11500/49410 top1=0.513 top5=0.911 ed=0.632 rr=0.658 (89s)
2026-09-16 05:28:02 INFO [distance] 12000/49410 top1=0.515 top5=0.913 ed=0.627 rr=0.660 (92s)
2026-09-16 05:28:05 INFO [distance] 12500/49410 top1=0.515 top5=0.914 ed=0.625 rr=0.660 (95s)
2026-09-16 05:28:08 INFO [distance] 13000/49410 top1=0.516 top5=0.916 ed=0.622 rr=0.662 (99s)
2026-09-16 05:28:12 INFO [distance] 13500/49410 top1=0.517 top5=0.916 ed=0.620 rr=0.662 (102s)
2026-09-16 05:28:15 INFO [distance] 14000/49410 top1=0.518 top5=0.916 ed=0.619 rr=0.663 (106s)
2026-09-16 05:28:19 INFO [distance] 14500/49410 top1=0.518 top5=0.916 ed=0.619 rr=0.663 (109s)
2026-09-16 05:28:22 INFO [distance] 15000/49410 top1=0.517 top5=0.916 ed=0.621 rr=0.662 (112s)
2026-09-16 05:28:25 INFO [distance] 15500/49410 top1=0.515 top5=0.915 ed=0.623 rr=0.661 (116s)
2026-09-16 05:28:29 INFO [distance] 16000/49410 top1=0.514 top5=0.914 ed=0.625 rr=0.660 (119s)
2026-09-16 05:28:32 INFO [distance] 16500/49410 top1=0.514 top5=0.913 ed=0.625 rr=0.660 (122s)
2026-09-16 05:28:35 INFO [distance] 17000/49410 top1=0.513 top5=0.911 ed=0.626 rr=0.659 (125s)
2026-09-16 05:28:38 INFO [distance] 17500/49410 top1=0.513 top5=0.910 ed=0.626 rr=0.658 (129s)
2026-09-16 05:28:42 INFO [distance] 18000/49410 top1=0.511 top5=0.909 ed=0.627 rr=0.657 (132s)
2026-09-16 05:28:45 INFO [distance] 18500/49410 top1=0.510 top5=0.908 ed=0.629 rr=0.657 (135s)
2026-09-16 05:28:48 INFO [distance] 19000/49410 top1=0.509 top5=0.907 ed=0.632 rr=0.655 (139s)
2026-09-16 05:28:52 INFO [distance] 19500/49410 top1=0.507 top5=0.905 ed=0.635 rr=0.654 (142s)
2026-09-16 05:28:55 INFO [distance] 20000/49410 top1=0.504 top5=0.902 ed=0.638 rr=0.651 (145s)
2026-09-16 05:28:58 INFO [distance] 20500/49410 top1=0.502 top5=0.899 ed=0.641 rr=0.648 (148s)
2026-09-16 05:29:01 INFO [distance] 21000/49410 top1=0.501 top5=0.898 ed=0.642 rr=0.648 (152s)
2026-09-16 05:29:04 INFO [distance] 21500/49410 top1=0.499 top5=0.896 ed=0.645 rr=0.646 (155s)
2026-09-16 05:29:08 INFO [distance] 22000/49410 top1=0.500 top5=0.896 ed=0.643 rr=0.647 (158s)
2026-09-16 05:29:11 INFO [distance] 22500/49410 top1=0.500 top5=0.895 ed=0.643 rr=0.646 (161s)
2026-09-16 05:29:14 INFO [distance] 23000/49410 top1=0.498 top5=0.894 ed=0.645 rr=0.645 (165s)
2026-09-16 05:29:18 INFO [distance] 23500/49410 top1=0.499 top5=0.894 ed=0.644 rr=0.645 (168s)
2026-09-16 05:29:21 INFO [distance] 24000/49410 top1=0.499 top5=0.894 ed=0.644 rr=0.645 (172s)
2026-09-16 05:29:24 INFO [distance] 24500/49410 top1=0.498 top5=0.892 ed=0.646 rr=0.644 (175s)
2026-09-16 05:29:28 INFO [distance] 25000/49410 top1=0.498 top5=0.891 ed=0.646 rr=0.644 (178s)
2026-09-16 05:29:31 INFO [distance] 25500/49410 top1=0.499 top5=0.890 ed=0.646 rr=0.644 (181s)
2026-09-16 05:29:34 INFO [distance] 26000/49410 top1=0.500 top5=0.890 ed=0.645 rr=0.645 (184s)
2026-09-16 05:29:37 INFO [distance] 26500/49410 top1=0.502 top5=0.890 ed=0.644 rr=0.645 (188s)
2026-09-16 05:29:41 INFO [distance] 27000/49410 top1=0.502 top5=0.891 ed=0.643 rr=0.646 (191s)
2026-09-16 05:29:44 INFO [distance] 27500/49410 top1=0.502 top5=0.891 ed=0.642 rr=0.646 (194s)
2026-09-16 05:29:47 INFO [distance] 28000/49410 top1=0.502 top5=0.892 ed=0.642 rr=0.646 (198s)
2026-09-16 05:29:51 INFO [distance] 28500/49410 top1=0.502 top5=0.892 ed=0.641 rr=0.646 (201s)
2026-09-16 05:29:54 INFO [distance] 29000/49410 top1=0.504 top5=0.893 ed=0.639 rr=0.647 (204s)
2026-09-16 05:29:57 INFO [distance] 29500/49410 top1=0.505 top5=0.894 ed=0.637 rr=0.648 (207s)
2026-09-16 05:30:00 INFO [distance] 30000/49410 top1=0.506 top5=0.895 ed=0.635 rr=0.649 (211s)
2026-09-16 05:30:04 INFO [distance] 30500/49410 top1=0.507 top5=0.896 ed=0.634 rr=0.650 (214s)
2026-09-16 05:30:07 INFO [distance] 31000/49410 top1=0.508 top5=0.897 ed=0.632 rr=0.651 (217s)
2026-09-16 05:30:10 INFO [distance] 31500/49410 top1=0.509 top5=0.897 ed=0.630 rr=0.652 (220s)
2026-09-16 05:30:13 INFO [distance] 32000/49410 top1=0.509 top5=0.897 ed=0.631 rr=0.652 (224s)
2026-09-16 05:30:17 INFO [distance] 32500/49410 top1=0.508 top5=0.897 ed=0.632 rr=0.652 (227s)
2026-09-16 05:30:20 INFO [distance] 33000/49410 top1=0.509 top5=0.897 ed=0.631 rr=0.652 (230s)
2026-09-16 05:30:23 INFO [distance] 33500/49410 top1=0.508 top5=0.897 ed=0.632 rr=0.651 (233s)
2026-09-16 05:30:26 INFO [distance] 34000/49410 top1=0.508 top5=0.898 ed=0.632 rr=0.651 (237s)
2026-09-16 05:30:30 INFO [distance] 34500/49410 top1=0.508 top5=0.898 ed=0.631 rr=0.652 (240s)
2026-09-16 05:30:33 INFO [distance] 35000/49410 top1=0.509 top5=0.898 ed=0.631 rr=0.652 (243s)
2026-09-16 05:30:36 INFO [distance] 35500/49410 top1=0.509 top5=0.899 ed=0.630 rr=0.652 (246s)
2026-09-16 05:30:39 INFO [distance] 36000/49410 top1=0.510 top5=0.899 ed=0.629 rr=0.653 (249s)
2026-09-16 05:30:42 INFO [distance] 36500/49410 top1=0.510 top5=0.899 ed=0.629 rr=0.653 (253s)
2026-09-16 05:30:45 INFO [distance] 37000/49410 top1=0.510 top5=0.899 ed=0.628 rr=0.653 (256s)
2026-09-16 05:30:49 INFO [distance] 37500/49410 top1=0.511 top5=0.899 ed=0.627 rr=0.654 (259s)
2026-09-16 05:30:52 INFO [distance] 38000/49410 top1=0.512 top5=0.899 ed=0.626 rr=0.654 (262s)
2026-09-16 05:30:55 INFO [distance] 38500/49410 top1=0.509 top5=0.895 ed=0.631 rr=0.651 (266s)
2026-09-16 05:30:59 INFO [distance] 39000/49410 top1=0.509 top5=0.893 ed=0.634 rr=0.650 (269s)
2026-09-16 05:31:02 INFO [distance] 39500/49410 top1=0.510 top5=0.893 ed=0.633 rr=0.651 (272s)
2026-09-16 05:31:05 INFO [distance] 40000/49410 top1=0.511 top5=0.894 ed=0.631 rr=0.651 (275s)
2026-09-16 05:31:08 INFO [distance] 40500/49410 top1=0.511 top5=0.895 ed=0.629 rr=0.652 (279s)
2026-09-16 05:31:12 INFO [distance] 41000/49410 top1=0.512 top5=0.895 ed=0.628 rr=0.653 (282s)
2026-09-16 05:31:15 INFO [distance] 41500/49410 top1=0.512 top5=0.896 ed=0.627 rr=0.653 (285s)
2026-09-16 05:31:18 INFO [distance] 42000/49410 top1=0.513 top5=0.896 ed=0.626 rr=0.654 (289s)
2026-09-16 05:31:22 INFO [distance] 42500/49410 top1=0.514 top5=0.897 ed=0.625 rr=0.654 (292s)
2026-09-16 05:31:25 INFO [distance] 43000/49410 top1=0.514 top5=0.897 ed=0.624 rr=0.655 (295s)
2026-09-16 05:31:28 INFO [distance] 43500/49410 top1=0.514 top5=0.898 ed=0.624 rr=0.655 (299s)
2026-09-16 05:31:32 INFO [distance] 44000/49410 top1=0.514 top5=0.898 ed=0.624 rr=0.655 (302s)
2026-09-16 05:31:35 INFO [distance] 44500/49410 top1=0.514 top5=0.898 ed=0.624 rr=0.655 (305s)
2026-09-16 05:31:38 INFO [distance] 45000/49410 top1=0.515 top5=0.898 ed=0.624 rr=0.655 (308s)
2026-09-16 05:31:41 INFO [distance] 45500/49410 top1=0.514 top5=0.898 ed=0.624 rr=0.655 (312s)
2026-09-16 05:31:45 INFO [distance] 46000/49410 top1=0.515 top5=0.897 ed=0.624 rr=0.655 (315s)
2026-09-16 05:31:48 INFO [distance] 46500/49410 top1=0.515 top5=0.897 ed=0.624 rr=0.655 (318s)
2026-09-16 05:31:51 INFO [distance] 47000/49410 top1=0.515 top5=0.897 ed=0.625 rr=0.655 (322s)
2026-09-16 05:31:55 INFO [distance] 47500/49410 top1=0.515 top5=0.897 ed=0.625 rr=0.655 (325s)
2026-09-16 05:31:58 INFO [distance] 48000/49410 top1=0.515 top5=0.897 ed=0.625 rr=0.655 (328s)
2026-09-16 05:32:01 INFO [distance] 48500/49410 top1=0.514 top5=0.897 ed=0.626 rr=0.654 (332s)
2026-09-16 05:32:05 INFO [distance] 49000/49410 top1=0.514 top5=0.897 ed=0.626 rr=0.654 (335s)
2026-09-16 05:32:08 INFO RESULT powergrid distance: top1=0.5140 top3=0.7968 top5=0.8969 ed=0.6264 rr=0.6542 fit=0.0s infer=0.00683s/inst
2026-09-16 05:32:08 INFO === method rumor ===
2026-09-16 05:32:24 INFO [rumor] 500/49410 top1=0.462 top5=0.850 ed=0.696 rr=0.613 (16s)
2026-09-16 05:32:28 INFO [rumor] 1000/49410 top1=0.483 top5=0.883 ed=0.660 rr=0.638 (19s)
2026-09-16 05:32:31 INFO [rumor] 1500/49410 top1=0.491 top5=0.889 ed=0.655 rr=0.644 (23s)
2026-09-16 05:32:34 INFO [rumor] 2000/49410 top1=0.477 top5=0.882 ed=0.676 rr=0.635 (26s)
2026-09-16 05:32:38 INFO [rumor] 2500/49410 top1=0.472 top5=0.884 ed=0.690 rr=0.630 (29s)
2026-09-16 05:32:41 INFO [rumor] 3000/49410 top1=0.479 top5=0.888 ed=0.676 rr=0.636 (33s)
2026-09-16 05:32:44 INFO [rumor] 3500/49410 top1=0.479 top5=0.892 ed=0.676 rr=0.637 (36s)
2026-09-16 05:32:47 INFO [rumor] 4000/49410 top1=0.478 top5=0.893 ed=0.677 rr=0.636 (39s)
2026-09-16 05:32:51 INFO [rumor] 4500/49410 top1=0.480 top5=0.889 ed=0.678 rr=0.636 (43s)
2026-09-16 05:32:54 INFO [rumor] 5000/49410 top1=0.486 top5=0.893 ed=0.669 rr=0.641 (46s)
2026-09-16 05:32:57 INFO [rumor] 5500/49410 top1=0.488 top5=0.895 ed=0.665 rr=0.642 (49s)
2026-09-16 05:33:01 INFO [rumor] 6000/49410 top1=0.492 top5=0.899 ed=0.658 rr=0.646 (52s)
2026-09-16 05:33:04 INFO [rumor] 6500/49410 top1=0.494 top5=0.901 ed=0.655 rr=0.647 (56s)
2026-09-16 05:33:07 INFO [rumor] 7000/49410 top1=0.494 top5=0.901 ed=0.655 rr=0.647 (59s)
2026-09-16 05:33:10 INFO [rumor] 7500/49410 top1=0.495 top5=0.900 ed=0.653 rr=0.648 (62s)
2026-09-16 05:33:14 INFO [rumor] 8000/49410 top1=0.498 top5=0.901 ed=0.650 rr=0.649 (66s)
2026-09-16 05:33:17 INFO [rumor] 8500/49410 top1=0.498 top5=0.900 ed=0.649 rr=0.650 (69s)
2026-09-16 05:33:21 INFO [rumor] 9000/49410 top1=0.499 top5=0.902 ed=0.647 rr=0.650 (72s)
2026-09-16 05:33:24 INFO [rumor] 9500/49410 top1=0.502 top5=0.903 ed=0.643 rr=0.652 (76s)
2026-09-16 05:33:27 INFO [rumor] 10000/49410 top1=0.504 top5=0.905 ed=0.641 rr=0.653 (79s)
2026-09-16 05:33:30 INFO [rumor] 10500/49410 top1=0.504 top5=0.907 ed=0.641 rr=0.654 (82s)
2026-09-16 05:33:34 INFO [rumor] 11000/49410 top1=0.507 top5=0.909 ed=0.636 rr=0.657 (85s)
2026-09-16 05:33:37 INFO [rumor] 11500/49410 top1=0.509 top5=0.911 ed=0.633 rr=0.658 (89s)
2026-09-16 05:33:40 INFO [rumor] 12000/49410 top1=0.511 top5=0.913 ed=0.628 rr=0.660 (92s)
2026-09-16 05:33:44 INFO [rumor] 12500/49410 top1=0.511 top5=0.914 ed=0.627 rr=0.660 (95s)
2026-09-16 05:33:47 INFO [rumor] 13000/49410 top1=0.513 top5=0.916 ed=0.624 rr=0.662 (99s)
2026-09-16 05:33:50 INFO [rumor] 13500/49410 top1=0.514 top5=0.917 ed=0.622 rr=0.663 (102s)
2026-09-16 05:33:54 INFO [rumor] 14000/49410 top1=0.516 top5=0.917 ed=0.622 rr=0.663 (105s)
2026-09-16 05:33:57 INFO [rumor] 14500/49410 top1=0.516 top5=0.917 ed=0.622 rr=0.663 (109s)
2026-09-16 05:34:00 INFO [rumor] 15000/49410 top1=0.515 top5=0.916 ed=0.625 rr=0.663 (112s)
2026-09-16 05:34:03 INFO [rumor] 15500/49410 top1=0.513 top5=0.916 ed=0.627 rr=0.661 (115s)
2026-09-16 05:34:07 INFO [rumor] 16000/49410 top1=0.512 top5=0.914 ed=0.629 rr=0.660 (118s)
2026-09-16 05:34:10 INFO [rumor] 16500/49410 top1=0.512 top5=0.913 ed=0.630 rr=0.660 (122s)
2026-09-16 05:34:13 INFO [rumor] 17000/49410 top1=0.511 top5=0.911 ed=0.631 rr=0.659 (125s)
2026-09-16 05:34:16 INFO [rumor] 17500/49410 top1=0.510 top5=0.910 ed=0.632 rr=0.658 (128s)
2026-09-16 05:34:20 INFO [rumor] 18000/49410 top1=0.509 top5=0.909 ed=0.634 rr=0.657 (132s)
2026-09-16 05:34:23 INFO [rumor] 18500/49410 top1=0.508 top5=0.908 ed=0.636 rr=0.657 (135s)
2026-09-16 05:34:26 INFO [rumor] 19000/49410 top1=0.506 top5=0.907 ed=0.639 rr=0.655 (138s)
2026-09-16 05:34:30 INFO [rumor] 19500/49410 top1=0.504 top5=0.906 ed=0.642 rr=0.653 (141s)
2026-09-16 05:34:33 INFO [rumor] 20000/49410 top1=0.501 top5=0.903 ed=0.646 rr=0.651 (145s)
2026-09-16 05:34:36 INFO [rumor] 20500/49410 top1=0.499 top5=0.899 ed=0.649 rr=0.648 (148s)
2026-09-16 05:34:40 INFO [rumor] 21000/49410 top1=0.498 top5=0.898 ed=0.650 rr=0.648 (151s)
2026-09-16 05:34:43 INFO [rumor] 21500/49410 top1=0.496 top5=0.896 ed=0.653 rr=0.646 (155s)
2026-09-16 05:34:46 INFO [rumor] 22000/49410 top1=0.498 top5=0.896 ed=0.651 rr=0.647 (158s)
2026-09-16 05:34:50 INFO [rumor] 22500/49410 top1=0.497 top5=0.895 ed=0.651 rr=0.646 (162s)
2026-09-16 05:34:53 INFO [rumor] 23000/49410 top1=0.496 top5=0.894 ed=0.652 rr=0.645 (165s)
2026-09-16 05:34:57 INFO [rumor] 23500/49410 top1=0.497 top5=0.894 ed=0.651 rr=0.646 (168s)
2026-09-16 05:35:00 INFO [rumor] 24000/49410 top1=0.497 top5=0.894 ed=0.651 rr=0.646 (172s)
2026-09-16 05:35:03 INFO [rumor] 24500/49410 top1=0.496 top5=0.893 ed=0.652 rr=0.645 (175s)
2026-09-16 05:35:07 INFO [rumor] 25000/49410 top1=0.496 top5=0.891 ed=0.652 rr=0.644 (178s)
2026-09-16 05:35:10 INFO [rumor] 25500/49410 top1=0.497 top5=0.890 ed=0.652 rr=0.644 (182s)
2026-09-16 05:35:13 INFO [rumor] 26000/49410 top1=0.499 top5=0.890 ed=0.651 rr=0.645 (185s)
2026-09-16 05:35:17 INFO [rumor] 26500/49410 top1=0.500 top5=0.890 ed=0.650 rr=0.646 (189s)
2026-09-16 05:35:20 INFO [rumor] 27000/49410 top1=0.500 top5=0.891 ed=0.648 rr=0.646 (192s)
2026-09-16 05:35:23 INFO [rumor] 27500/49410 top1=0.500 top5=0.891 ed=0.648 rr=0.646 (195s)
2026-09-16 05:35:27 INFO [rumor] 28000/49410 top1=0.500 top5=0.892 ed=0.648 rr=0.646 (199s)
2026-09-16 05:35:30 INFO [rumor] 28500/49410 top1=0.501 top5=0.892 ed=0.647 rr=0.647 (202s)
2026-09-16 05:35:33 INFO [rumor] 29000/49410 top1=0.502 top5=0.893 ed=0.645 rr=0.648 (205s)
2026-09-16 05:35:36 INFO [rumor] 29500/49410 top1=0.503 top5=0.894 ed=0.643 rr=0.649 (208s)
2026-09-16 05:35:40 INFO [rumor] 30000/49410 top1=0.504 top5=0.895 ed=0.641 rr=0.649 (211s)
2026-09-16 05:35:43 INFO [rumor] 30500/49410 top1=0.505 top5=0.896 ed=0.640 rr=0.650 (215s)
2026-09-16 05:35:46 INFO [rumor] 31000/49410 top1=0.507 top5=0.897 ed=0.638 rr=0.651 (218s)
2026-09-16 05:35:49 INFO [rumor] 31500/49410 top1=0.507 top5=0.897 ed=0.636 rr=0.652 (221s)
2026-09-16 05:35:53 INFO [rumor] 32000/49410 top1=0.507 top5=0.897 ed=0.637 rr=0.652 (225s)
2026-09-16 05:35:56 INFO [rumor] 32500/49410 top1=0.507 top5=0.897 ed=0.637 rr=0.652 (228s)
2026-09-16 05:35:59 INFO [rumor] 33000/49410 top1=0.507 top5=0.898 ed=0.636 rr=0.652 (231s)
2026-09-16 05:36:03 INFO [rumor] 33500/49410 top1=0.506 top5=0.897 ed=0.637 rr=0.652 (234s)
2026-09-16 05:36:06 INFO [rumor] 34000/49410 top1=0.506 top5=0.898 ed=0.637 rr=0.652 (238s)
2026-09-16 05:36:09 INFO [rumor] 34500/49410 top1=0.507 top5=0.898 ed=0.636 rr=0.652 (241s)
2026-09-16 05:36:13 INFO [rumor] 35000/49410 top1=0.507 top5=0.899 ed=0.636 rr=0.652 (244s)
2026-09-16 05:36:16 INFO [rumor] 35500/49410 top1=0.508 top5=0.899 ed=0.635 rr=0.653 (248s)
2026-09-16 05:36:20 INFO [rumor] 36000/49410 top1=0.508 top5=0.899 ed=0.635 rr=0.653 (251s)
2026-09-16 05:36:23 INFO [rumor] 36500/49410 top1=0.508 top5=0.900 ed=0.634 rr=0.653 (255s)
2026-09-16 05:36:26 INFO [rumor] 37000/49410 top1=0.509 top5=0.900 ed=0.634 rr=0.654 (258s)
2026-09-16 05:36:30 INFO [rumor] 37500/49410 top1=0.509 top5=0.900 ed=0.633 rr=0.654 (261s)
2026-09-16 05:36:33 INFO [rumor] 38000/49410 top1=0.510 top5=0.900 ed=0.632 rr=0.654 (265s)
2026-09-16 05:36:36 INFO [rumor] 38500/49410 top1=0.507 top5=0.895 ed=0.637 rr=0.652 (268s)
2026-09-16 05:36:39 INFO [rumor] 39000/49410 top1=0.507 top5=0.893 ed=0.640 rr=0.650 (271s)
2026-09-16 05:36:43 INFO [rumor] 39500/49410 top1=0.508 top5=0.893 ed=0.639 rr=0.651 (275s)
2026-09-16 05:36:46 INFO [rumor] 40000/49410 top1=0.509 top5=0.894 ed=0.637 rr=0.652 (278s)
2026-09-16 05:36:49 INFO [rumor] 40500/49410 top1=0.510 top5=0.895 ed=0.635 rr=0.653 (281s)
2026-09-16 05:36:53 INFO [rumor] 41000/49410 top1=0.510 top5=0.895 ed=0.634 rr=0.653 (284s)
2026-09-16 05:36:56 INFO [rumor] 41500/49410 top1=0.511 top5=0.896 ed=0.633 rr=0.654 (288s)
2026-09-16 05:36:59 INFO [rumor] 42000/49410 top1=0.512 top5=0.897 ed=0.632 rr=0.654 (291s)
2026-09-16 05:37:02 INFO [rumor] 42500/49410 top1=0.512 top5=0.897 ed=0.631 rr=0.655 (294s)
2026-09-16 05:37:06 INFO [rumor] 43000/49410 top1=0.512 top5=0.898 ed=0.631 rr=0.655 (298s)
2026-09-16 05:37:09 INFO [rumor] 43500/49410 top1=0.512 top5=0.898 ed=0.631 rr=0.655 (301s)
2026-09-16 05:37:12 INFO [rumor] 44000/49410 top1=0.512 top5=0.898 ed=0.630 rr=0.655 (304s)
2026-09-16 05:37:16 INFO [rumor] 44500/49410 top1=0.512 top5=0.898 ed=0.630 rr=0.655 (307s)
2026-09-16 05:37:19 INFO [rumor] 45000/49410 top1=0.512 top5=0.898 ed=0.630 rr=0.655 (311s)
2026-09-16 05:37:22 INFO [rumor] 45500/49410 top1=0.512 top5=0.898 ed=0.630 rr=0.655 (314s)
2026-09-16 05:37:26 INFO [rumor] 46000/49410 top1=0.512 top5=0.898 ed=0.630 rr=0.655 (317s)
2026-09-16 05:37:29 INFO [rumor] 46500/49410 top1=0.513 top5=0.897 ed=0.630 rr=0.656 (321s)
2026-09-16 05:37:32 INFO [rumor] 47000/49410 top1=0.512 top5=0.897 ed=0.631 rr=0.655 (324s)
2026-09-16 05:37:35 INFO [rumor] 47500/49410 top1=0.512 top5=0.898 ed=0.631 rr=0.655 (327s)
2026-09-16 05:37:39 INFO [rumor] 48000/49410 top1=0.512 top5=0.897 ed=0.632 rr=0.655 (331s)
2026-09-16 05:37:42 INFO [rumor] 48500/49410 top1=0.512 top5=0.897 ed=0.632 rr=0.655 (334s)
2026-09-16 05:37:46 INFO [rumor] 49000/49410 top1=0.512 top5=0.897 ed=0.632 rr=0.655 (337s)
2026-09-16 05:37:49 INFO RESULT powergrid rumor: top1=0.5117 top3=0.7979 top5=0.8971 ed=0.6325 rr=0.6548 fit=0.0s infer=0.00688s/inst
2026-09-16 05:37:49 INFO === method netsleuth ===
2026-09-16 05:38:27 INFO [netsleuth] 500/49410 top1=0.408 top5=0.844 ed=1.150 rr=0.578 (38s)
2026-09-16 05:38:30 INFO [netsleuth] 1000/49410 top1=0.445 top5=0.855 ed=1.084 rr=0.608 (41s)
2026-09-16 05:38:34 INFO [netsleuth] 1500/49410 top1=0.436 top5=0.840 ed=1.127 rr=0.598 (44s)
2026-09-16 05:38:37 INFO [netsleuth] 2000/49410 top1=0.423 top5=0.830 ed=1.169 rr=0.587 (48s)
2026-09-16 05:38:41 INFO [netsleuth] 2500/49410 top1=0.412 top5=0.823 ed=1.198 rr=0.578 (51s)
2026-09-16 05:38:44 INFO [netsleuth] 3000/49410 top1=0.414 top5=0.832 ed=1.174 rr=0.583 (55s)
2026-09-16 05:38:47 INFO [netsleuth] 3500/49410 top1=0.419 top5=0.835 ed=1.163 rr=0.587 (58s)
2026-09-16 05:38:50 INFO [netsleuth] 4000/49410 top1=0.418 top5=0.836 ed=1.159 rr=0.587 (61s)
2026-09-16 05:38:54 INFO [netsleuth] 4500/49410 top1=0.429 top5=0.840 ed=1.143 rr=0.595 (64s)
2026-09-16 05:38:57 INFO [netsleuth] 5000/49410 top1=0.439 top5=0.849 ed=1.112 rr=0.604 (68s)
2026-09-16 05:39:00 INFO [netsleuth] 5500/49410 top1=0.440 top5=0.854 ed=1.103 rr=0.606 (71s)
2026-09-16 05:39:04 INFO [netsleuth] 6000/49410 top1=0.447 top5=0.860 ed=1.085 rr=0.612 (74s)
2026-09-16 05:39:07 INFO [netsleuth] 6500/49410 top1=0.450 top5=0.862 ed=1.078 rr=0.614 (78s)
2026-09-16 05:39:10 INFO [netsleuth] 7000/49410 top1=0.452 top5=0.865 ed=1.073 rr=0.617 (81s)
2026-09-16 05:39:13 INFO [netsleuth] 7500/49410 top1=0.458 top5=0.867 ed=1.060 rr=0.622 (84s)
2026-09-16 05:39:17 INFO [netsleuth] 8000/49410 top1=0.462 top5=0.871 ed=1.046 rr=0.626 (87s)
2026-09-16 05:39:20 INFO [netsleuth] 8500/49410 top1=0.468 top5=0.875 ed=1.031 rr=0.631 (91s)
2026-09-16 05:39:23 INFO [netsleuth] 9000/49410 top1=0.469 top5=0.878 ed=1.023 rr=0.633 (94s)
2026-09-16 05:39:27 INFO [netsleuth] 9500/49410 top1=0.475 top5=0.881 ed=1.003 rr=0.638 (98s)
2026-09-16 05:39:30 INFO [netsleuth] 10000/49410 top1=0.481 top5=0.885 ed=0.985 rr=0.644 (101s)
2026-09-16 05:39:33 INFO [netsleuth] 10500/49410 top1=0.486 top5=0.889 ed=0.968 rr=0.648 (104s)
2026-09-16 05:39:37 INFO [netsleuth] 11000/49410 top1=0.491 top5=0.893 ed=0.952 rr=0.653 (107s)
2026-09-16 05:39:40 INFO [netsleuth] 11500/49410 top1=0.495 top5=0.896 ed=0.937 rr=0.657 (111s)
2026-09-16 05:39:43 INFO [netsleuth] 12000/49410 top1=0.499 top5=0.900 ed=0.924 rr=0.660 (114s)
2026-09-16 05:39:47 INFO [netsleuth] 12500/49410 top1=0.505 top5=0.902 ed=0.910 rr=0.665 (117s)
2026-09-16 05:39:50 INFO [netsleuth] 13000/49410 top1=0.509 top5=0.905 ed=0.899 rr=0.668 (121s)
2026-09-16 05:39:53 INFO [netsleuth] 13500/49410 top1=0.517 top5=0.908 ed=0.882 rr=0.674 (124s)
2026-09-16 05:39:56 INFO [netsleuth] 14000/49410 top1=0.519 top5=0.908 ed=0.876 rr=0.675 (127s)
2026-09-16 05:40:00 INFO [netsleuth] 14500/49410 top1=0.515 top5=0.905 ed=0.886 rr=0.672 (131s)
2026-09-16 05:40:03 INFO [netsleuth] 15000/49410 top1=0.513 top5=0.905 ed=0.889 rr=0.671 (134s)
2026-09-16 05:40:06 INFO [netsleuth] 15500/49410 top1=0.514 top5=0.906 ed=0.888 rr=0.672 (137s)
2026-09-16 05:40:10 INFO [netsleuth] 16000/49410 top1=0.515 top5=0.905 ed=0.890 rr=0.672 (140s)
2026-09-16 05:40:13 INFO [netsleuth] 16500/49410 top1=0.510 top5=0.902 ed=0.904 rr=0.669 (144s)
2026-09-16 05:40:16 INFO [netsleuth] 17000/49410 top1=0.507 top5=0.898 ed=0.919 rr=0.665 (147s)
2026-09-16 05:40:20 INFO [netsleuth] 17500/49410 top1=0.502 top5=0.894 ed=0.931 rr=0.661 (151s)
2026-09-16 05:40:23 INFO [netsleuth] 18000/49410 top1=0.500 top5=0.892 ed=0.942 rr=0.659 (154s)
2026-09-16 05:40:26 INFO [netsleuth] 18500/49410 top1=0.498 top5=0.891 ed=0.950 rr=0.657 (157s)
2026-09-16 05:40:30 INFO [netsleuth] 19000/49410 top1=0.495 top5=0.889 ed=0.956 rr=0.655 (160s)
2026-09-16 05:40:33 INFO [netsleuth] 19500/49410 top1=0.493 top5=0.887 ed=0.966 rr=0.653 (164s)
2026-09-16 05:40:36 INFO [netsleuth] 20000/49410 top1=0.490 top5=0.884 ed=0.977 rr=0.650 (167s)
2026-09-16 05:40:40 INFO [netsleuth] 20500/49410 top1=0.489 top5=0.879 ed=0.990 rr=0.648 (170s)
2026-09-16 05:40:43 INFO [netsleuth] 21000/49410 top1=0.489 top5=0.879 ed=0.992 rr=0.648 (174s)
2026-09-16 05:40:46 INFO [netsleuth] 21500/49410 top1=0.485 top5=0.877 ed=1.003 rr=0.646 (177s)
2026-09-16 05:40:50 INFO [netsleuth] 22000/49410 top1=0.487 top5=0.878 ed=0.999 rr=0.647 (180s)
2026-09-16 05:40:53 INFO [netsleuth] 22500/49410 top1=0.489 top5=0.877 ed=0.998 rr=0.648 (184s)
2026-09-16 05:40:56 INFO [netsleuth] 23000/49410 top1=0.489 top5=0.878 ed=0.995 rr=0.648 (187s)
2026-09-16 05:41:00 INFO [netsleuth] 23500/49410 top1=0.491 top5=0.878 ed=0.992 rr=0.650 (190s)
2026-09-16 05:41:03 INFO [netsleuth] 24000/49410 top1=0.495 top5=0.880 ed=0.985 rr=0.652 (194s)
2026-09-16 05:41:07 INFO [netsleuth] 24500/49410 top1=0.498 top5=0.880 ed=0.981 rr=0.655 (197s)
2026-09-16 05:41:10 INFO [netsleuth] 25000/49410 top1=0.500 top5=0.881 ed=0.977 rr=0.656 (201s)
2026-09-16 05:41:13 INFO [netsleuth] 25500/49410 top1=0.504 top5=0.882 ed=0.968 rr=0.659 (204s)
2026-09-16 05:41:16 INFO [netsleuth] 26000/49410 top1=0.507 top5=0.883 ed=0.961 rr=0.662 (207s)
2026-09-16 05:41:20 INFO [netsleuth] 26500/49410 top1=0.510 top5=0.884 ed=0.955 rr=0.664 (211s)
2026-09-16 05:41:23 INFO [netsleuth] 27000/49410 top1=0.509 top5=0.884 ed=0.958 rr=0.663 (214s)
2026-09-16 05:41:26 INFO [netsleuth] 27500/49410 top1=0.508 top5=0.884 ed=0.961 rr=0.662 (217s)
2026-09-16 05:41:30 INFO [netsleuth] 28000/49410 top1=0.506 top5=0.884 ed=0.964 rr=0.661 (221s)
2026-09-16 05:41:33 INFO [netsleuth] 28500/49410 top1=0.506 top5=0.885 ed=0.965 rr=0.661 (224s)
2026-09-16 05:41:36 INFO [netsleuth] 29000/49410 top1=0.506 top5=0.886 ed=0.961 rr=0.662 (227s)
2026-09-16 05:41:40 INFO [netsleuth] 29500/49410 top1=0.509 top5=0.887 ed=0.955 rr=0.663 (230s)
2026-09-16 05:41:43 INFO [netsleuth] 30000/49410 top1=0.511 top5=0.888 ed=0.948 rr=0.665 (234s)
2026-09-16 05:41:46 INFO [netsleuth] 30500/49410 top1=0.513 top5=0.890 ed=0.942 rr=0.667 (237s)
2026-09-16 05:41:50 INFO [netsleuth] 31000/49410 top1=0.516 top5=0.891 ed=0.936 rr=0.669 (240s)
2026-09-16 05:41:53 INFO [netsleuth] 31500/49410 top1=0.519 top5=0.892 ed=0.929 rr=0.672 (244s)
2026-09-16 05:41:56 INFO [netsleuth] 32000/49410 top1=0.518 top5=0.892 ed=0.930 rr=0.671 (247s)
2026-09-16 05:42:00 INFO [netsleuth] 32500/49410 top1=0.516 top5=0.891 ed=0.934 rr=0.670 (250s)
2026-09-16 05:42:03 INFO [netsleuth] 33000/49410 top1=0.516 top5=0.891 ed=0.933 rr=0.670 (254s)
2026-09-16 05:42:06 INFO [netsleuth] 33500/49410 top1=0.517 top5=0.891 ed=0.932 rr=0.670 (257s)
2026-09-16 05:42:10 INFO [netsleuth] 34000/49410 top1=0.516 top5=0.891 ed=0.932 rr=0.670 (260s)
2026-09-16 05:42:13 INFO [netsleuth] 34500/49410 top1=0.515 top5=0.892 ed=0.932 rr=0.670 (264s)
2026-09-16 05:42:16 INFO [netsleuth] 35000/49410 top1=0.516 top5=0.893 ed=0.931 rr=0.670 (267s)
2026-09-16 05:42:20 INFO [netsleuth] 35500/49410 top1=0.516 top5=0.893 ed=0.931 rr=0.670 (271s)
2026-09-16 05:42:23 INFO [netsleuth] 36000/49410 top1=0.516 top5=0.893 ed=0.932 rr=0.670 (274s)
2026-09-16 05:42:27 INFO [netsleuth] 36500/49410 top1=0.515 top5=0.893 ed=0.932 rr=0.670 (278s)
2026-09-16 05:42:30 INFO [netsleuth] 37000/49410 top1=0.516 top5=0.894 ed=0.930 rr=0.671 (281s)
2026-09-16 05:42:33 INFO [netsleuth] 37500/49410 top1=0.519 top5=0.895 ed=0.925 rr=0.673 (284s)
2026-09-16 05:42:37 INFO [netsleuth] 38000/49410 top1=0.521 top5=0.895 ed=0.922 rr=0.674 (287s)
2026-09-16 05:42:40 INFO [netsleuth] 38500/49410 top1=0.518 top5=0.890 ed=0.935 rr=0.670 (291s)
2026-09-16 05:42:43 INFO [netsleuth] 39000/49410 top1=0.518 top5=0.890 ed=0.937 rr=0.671 (294s)
2026-09-16 05:42:47 INFO [netsleuth] 39500/49410 top1=0.519 top5=0.890 ed=0.936 rr=0.671 (298s)
2026-09-16 05:42:50 INFO [netsleuth] 40000/49410 top1=0.519 top5=0.891 ed=0.934 rr=0.672 (301s)
2026-09-16 05:42:54 INFO [netsleuth] 40500/49410 top1=0.519 top5=0.892 ed=0.932 rr=0.672 (304s)
2026-09-16 05:42:57 INFO [netsleuth] 41000/49410 top1=0.519 top5=0.892 ed=0.930 rr=0.672 (308s)
2026-09-16 05:43:00 INFO [netsleuth] 41500/49410 top1=0.521 top5=0.893 ed=0.926 rr=0.673 (311s)
2026-09-16 05:43:04 INFO [netsleuth] 42000/49410 top1=0.523 top5=0.894 ed=0.922 rr=0.675 (314s)
2026-09-16 05:43:07 INFO [netsleuth] 42500/49410 top1=0.523 top5=0.895 ed=0.920 rr=0.675 (318s)
2026-09-16 05:43:10 INFO [netsleuth] 43000/49410 top1=0.524 top5=0.896 ed=0.917 rr=0.676 (321s)
2026-09-16 05:43:14 INFO [netsleuth] 43500/49410 top1=0.525 top5=0.896 ed=0.916 rr=0.677 (324s)
2026-09-16 05:43:17 INFO [netsleuth] 44000/49410 top1=0.525 top5=0.897 ed=0.915 rr=0.677 (328s)
2026-09-16 05:43:21 INFO [netsleuth] 44500/49410 top1=0.525 top5=0.897 ed=0.915 rr=0.677 (331s)
2026-09-16 05:43:24 INFO [netsleuth] 45000/49410 top1=0.524 top5=0.896 ed=0.917 rr=0.676 (335s)
2026-09-16 05:43:27 INFO [netsleuth] 45500/49410 top1=0.524 top5=0.896 ed=0.919 rr=0.676 (338s)
2026-09-16 05:43:31 INFO [netsleuth] 46000/49410 top1=0.524 top5=0.896 ed=0.920 rr=0.676 (341s)
2026-09-16 05:43:34 INFO [netsleuth] 46500/49410 top1=0.526 top5=0.896 ed=0.917 rr=0.677 (345s)
2026-09-16 05:43:37 INFO [netsleuth] 47000/49410 top1=0.525 top5=0.896 ed=0.920 rr=0.676 (348s)
2026-09-16 05:43:40 INFO [netsleuth] 47500/49410 top1=0.526 top5=0.897 ed=0.918 rr=0.677 (351s)
2026-09-16 05:43:44 INFO [netsleuth] 48000/49410 top1=0.526 top5=0.896 ed=0.919 rr=0.677 (354s)
2026-09-16 05:43:47 INFO [netsleuth] 48500/49410 top1=0.525 top5=0.896 ed=0.921 rr=0.676 (358s)
2026-09-16 05:43:50 INFO [netsleuth] 49000/49410 top1=0.525 top5=0.896 ed=0.920 rr=0.676 (361s)
2026-09-16 05:43:54 INFO RESULT powergrid netsleuth: top1=0.5256 top3=0.7957 top5=0.8961 ed=0.9194 rr=0.6767 fit=0.0s infer=0.00737s/inst
2026-09-16 05:43:54 INFO === method dmp ===
2026-09-16 05:51:02 INFO [dmp] 500/49410 top1=0.470 top5=0.874 ed=0.716 rr=0.643 (428s)
2026-09-16 05:51:05 INFO [dmp] 1000/49410 top1=0.498 top5=0.906 ed=0.679 rr=0.670 (431s)
2026-09-16 05:51:09 INFO [dmp] 1500/49410 top1=0.501 top5=0.904 ed=0.674 rr=0.673 (435s)
2026-09-16 05:51:12 INFO [dmp] 2000/49410 top1=0.484 top5=0.903 ed=0.700 rr=0.660 (438s)
2026-09-16 05:51:16 INFO [dmp] 2500/49410 top1=0.477 top5=0.899 ed=0.710 rr=0.654 (442s)
2026-09-16 05:51:19 INFO [dmp] 3000/49410 top1=0.488 top5=0.902 ed=0.695 rr=0.660 (445s)
2026-09-16 05:51:23 INFO [dmp] 3500/49410 top1=0.495 top5=0.904 ed=0.684 rr=0.665 (449s)
2026-09-16 05:51:26 INFO [dmp] 4000/49410 top1=0.494 top5=0.905 ed=0.685 rr=0.665 (452s)
2026-09-16 05:51:29 INFO [dmp] 4500/49410 top1=0.498 top5=0.905 ed=0.683 rr=0.668 (455s)
2026-09-16 05:51:33 INFO [dmp] 5000/49410 top1=0.506 top5=0.909 ed=0.671 rr=0.675 (459s)
2026-09-16 05:51:36 INFO [dmp] 5500/49410 top1=0.508 top5=0.911 ed=0.669 rr=0.677 (462s)
2026-09-16 05:51:40 INFO [dmp] 6000/49410 top1=0.514 top5=0.914 ed=0.659 rr=0.681 (465s)
2026-09-16 05:51:43 INFO [dmp] 6500/49410 top1=0.517 top5=0.917 ed=0.656 rr=0.683 (469s)
2026-09-16 05:51:46 INFO [dmp] 7000/49410 top1=0.519 top5=0.917 ed=0.654 rr=0.685 (472s)
2026-09-16 05:51:50 INFO [dmp] 7500/49410 top1=0.521 top5=0.917 ed=0.652 rr=0.686 (476s)
2026-09-16 05:51:53 INFO [dmp] 8000/49410 top1=0.523 top5=0.918 ed=0.647 rr=0.689 (479s)
2026-09-16 05:51:56 INFO [dmp] 8500/49410 top1=0.526 top5=0.919 ed=0.645 rr=0.690 (482s)
2026-09-16 05:52:00 INFO [dmp] 9000/49410 top1=0.527 top5=0.920 ed=0.642 rr=0.692 (486s)
2026-09-16 05:52:03 INFO [dmp] 9500/49410 top1=0.532 top5=0.922 ed=0.633 rr=0.695 (489s)
2026-09-16 05:52:07 INFO [dmp] 10000/49410 top1=0.536 top5=0.924 ed=0.627 rr=0.698 (492s)
2026-09-16 05:52:10 INFO [dmp] 10500/49410 top1=0.539 top5=0.926 ed=0.622 rr=0.701 (496s)
2026-09-16 05:52:13 INFO [dmp] 11000/49410 top1=0.543 top5=0.928 ed=0.615 rr=0.704 (499s)
2026-09-16 05:52:17 INFO [dmp] 11500/49410 top1=0.546 top5=0.929 ed=0.610 rr=0.707 (503s)
2026-09-16 05:52:20 INFO [dmp] 12000/49410 top1=0.548 top5=0.931 ed=0.603 rr=0.709 (506s)
2026-09-16 05:52:24 INFO [dmp] 12500/49410 top1=0.551 top5=0.932 ed=0.599 rr=0.711 (510s)
2026-09-16 05:52:27 INFO [dmp] 13000/49410 top1=0.552 top5=0.933 ed=0.595 rr=0.712 (513s)
2026-09-16 05:52:31 INFO [dmp] 13500/49410 top1=0.556 top5=0.934 ed=0.589 rr=0.715 (516s)
2026-09-16 05:52:34 INFO [dmp] 14000/49410 top1=0.558 top5=0.934 ed=0.586 rr=0.717 (520s)
2026-09-16 05:52:37 INFO [dmp] 14500/49410 top1=0.556 top5=0.934 ed=0.590 rr=0.715 (523s)
2026-09-16 05:52:41 INFO [dmp] 15000/49410 top1=0.555 top5=0.933 ed=0.592 rr=0.714 (527s)
2026-09-16 05:52:44 INFO [dmp] 15500/49410 top1=0.555 top5=0.933 ed=0.591 rr=0.715 (530s)
2026-09-16 05:52:48 INFO [dmp] 16000/49410 top1=0.556 top5=0.932 ed=0.593 rr=0.714 (534s)
2026-09-16 05:52:51 INFO [dmp] 16500/49410 top1=0.552 top5=0.931 ed=0.597 rr=0.712 (537s)
2026-09-16 05:52:54 INFO [dmp] 17000/49410 top1=0.550 top5=0.928 ed=0.601 rr=0.710 (540s)
2026-09-16 05:52:58 INFO [dmp] 17500/49410 top1=0.548 top5=0.927 ed=0.605 rr=0.708 (544s)
2026-09-16 05:53:01 INFO [dmp] 18000/49410 top1=0.546 top5=0.926 ed=0.608 rr=0.706 (547s)
2026-09-16 05:53:05 INFO [dmp] 18500/49410 top1=0.544 top5=0.926 ed=0.611 rr=0.705 (550s)
2026-09-16 05:53:08 INFO [dmp] 19000/49410 top1=0.543 top5=0.925 ed=0.614 rr=0.704 (554s)
2026-09-16 05:53:12 INFO [dmp] 19500/49410 top1=0.541 top5=0.923 ed=0.619 rr=0.702 (557s)
2026-09-16 05:53:15 INFO [dmp] 20000/49410 top1=0.539 top5=0.921 ed=0.623 rr=0.700 (561s)
2026-09-16 05:53:18 INFO [dmp] 20500/49410 top1=0.537 top5=0.917 ed=0.629 rr=0.697 (564s)
2026-09-16 05:53:22 INFO [dmp] 21000/49410 top1=0.537 top5=0.917 ed=0.630 rr=0.697 (568s)
2026-09-16 05:53:25 INFO [dmp] 21500/49410 top1=0.535 top5=0.915 ed=0.634 rr=0.695 (571s)
2026-09-16 05:53:29 INFO [dmp] 22000/49410 top1=0.536 top5=0.916 ed=0.631 rr=0.697 (575s)
2026-09-16 05:53:32 INFO [dmp] 22500/49410 top1=0.537 top5=0.915 ed=0.632 rr=0.697 (578s)
2026-09-16 05:53:35 INFO [dmp] 23000/49410 top1=0.538 top5=0.915 ed=0.631 rr=0.697 (581s)
2026-09-16 05:53:39 INFO [dmp] 23500/49410 top1=0.539 top5=0.915 ed=0.629 rr=0.698 (585s)
2026-09-16 05:53:42 INFO [dmp] 24000/49410 top1=0.541 top5=0.916 ed=0.626 rr=0.699 (588s)
2026-09-16 05:53:45 INFO [dmp] 24500/49410 top1=0.543 top5=0.915 ed=0.626 rr=0.700 (591s)
2026-09-16 05:53:49 INFO [dmp] 25000/49410 top1=0.544 top5=0.914 ed=0.624 rr=0.701 (595s)
2026-09-16 05:53:52 INFO [dmp] 25500/49410 top1=0.548 top5=0.914 ed=0.621 rr=0.702 (598s)
2026-09-16 05:53:56 INFO [dmp] 26000/49410 top1=0.550 top5=0.914 ed=0.618 rr=0.704 (601s)
2026-09-16 05:53:59 INFO [dmp] 26500/49410 top1=0.553 top5=0.915 ed=0.614 rr=0.706 (605s)
2026-09-16 05:54:02 INFO [dmp] 27000/49410 top1=0.552 top5=0.916 ed=0.615 rr=0.705 (608s)
2026-09-16 05:54:06 INFO [dmp] 27500/49410 top1=0.551 top5=0.916 ed=0.615 rr=0.705 (612s)
2026-09-16 05:54:09 INFO [dmp] 28000/49410 top1=0.550 top5=0.916 ed=0.617 rr=0.704 (615s)
2026-09-16 05:54:13 INFO [dmp] 28500/49410 top1=0.550 top5=0.917 ed=0.617 rr=0.704 (619s)
2026-09-16 05:54:16 INFO [dmp] 29000/49410 top1=0.550 top5=0.917 ed=0.615 rr=0.705 (622s)
2026-09-16 05:54:20 INFO [dmp] 29500/49410 top1=0.552 top5=0.918 ed=0.613 rr=0.706 (625s)
2026-09-16 05:54:23 INFO [dmp] 30000/49410 top1=0.554 top5=0.919 ed=0.610 rr=0.707 (629s)
2026-09-16 05:54:27 INFO [dmp] 30500/49410 top1=0.555 top5=0.919 ed=0.607 rr=0.709 (633s)
2026-09-16 05:54:30 INFO [dmp] 31000/49410 top1=0.557 top5=0.920 ed=0.605 rr=0.710 (636s)
2026-09-16 05:54:33 INFO [dmp] 31500/49410 top1=0.559 top5=0.921 ed=0.602 rr=0.711 (639s)
2026-09-16 05:54:37 INFO [dmp] 32000/49410 top1=0.558 top5=0.920 ed=0.602 rr=0.711 (643s)
2026-09-16 05:54:40 INFO [dmp] 32500/49410 top1=0.557 top5=0.920 ed=0.604 rr=0.710 (646s)
2026-09-16 05:54:43 INFO [dmp] 33000/49410 top1=0.558 top5=0.921 ed=0.603 rr=0.710 (649s)
2026-09-16 05:54:47 INFO [dmp] 33500/49410 top1=0.557 top5=0.920 ed=0.604 rr=0.710 (653s)
2026-09-16 05:54:50 INFO [dmp] 34000/49410 top1=0.557 top5=0.920 ed=0.603 rr=0.710 (656s)
2026-09-16 05:54:54 INFO [dmp] 34500/49410 top1=0.557 top5=0.921 ed=0.603 rr=0.711 (660s)
2026-09-16 05:54:57 INFO [dmp] 35000/49410 top1=0.558 top5=0.921 ed=0.602 rr=0.711 (663s)
2026-09-16 05:55:01 INFO [dmp] 35500/49410 top1=0.558 top5=0.922 ed=0.601 rr=0.711 (667s)
2026-09-16 05:55:04 INFO [dmp] 36000/49410 top1=0.558 top5=0.922 ed=0.601 rr=0.711 (670s)
2026-09-16 05:55:08 INFO [dmp] 36500/49410 top1=0.559 top5=0.922 ed=0.600 rr=0.711 (674s)
2026-09-16 05:55:11 INFO [dmp] 37000/49410 top1=0.559 top5=0.922 ed=0.599 rr=0.712 (677s)
2026-09-16 05:55:15 INFO [dmp] 37500/49410 top1=0.561 top5=0.922 ed=0.597 rr=0.713 (680s)
2026-09-16 05:55:18 INFO [dmp] 38000/49410 top1=0.562 top5=0.922 ed=0.596 rr=0.714 (684s)
2026-09-16 05:55:21 INFO [dmp] 38500/49410 top1=0.559 top5=0.919 ed=0.602 rr=0.711 (687s)
2026-09-16 05:55:25 INFO [dmp] 39000/49410 top1=0.560 top5=0.918 ed=0.603 rr=0.711 (691s)
2026-09-16 05:55:28 INFO [dmp] 39500/49410 top1=0.560 top5=0.918 ed=0.602 rr=0.711 (694s)
2026-09-16 05:55:31 INFO [dmp] 40000/49410 top1=0.561 top5=0.919 ed=0.601 rr=0.712 (697s)
2026-09-16 05:55:35 INFO [dmp] 40500/49410 top1=0.562 top5=0.919 ed=0.599 rr=0.712 (701s)
2026-09-16 05:55:38 INFO [dmp] 41000/49410 top1=0.562 top5=0.920 ed=0.598 rr=0.713 (704s)
2026-09-16 05:55:42 INFO [dmp] 41500/49410 top1=0.563 top5=0.920 ed=0.596 rr=0.713 (708s)
2026-09-16 05:55:45 INFO [dmp] 42000/49410 top1=0.564 top5=0.921 ed=0.595 rr=0.714 (711s)
2026-09-16 05:55:49 INFO [dmp] 42500/49410 top1=0.565 top5=0.921 ed=0.594 rr=0.715 (714s)
2026-09-16 05:55:52 INFO [dmp] 43000/49410 top1=0.565 top5=0.922 ed=0.593 rr=0.715 (718s)
2026-09-16 05:55:55 INFO [dmp] 43500/49410 top1=0.565 top5=0.922 ed=0.593 rr=0.715 (721s)
2026-09-16 05:55:59 INFO [dmp] 44000/49410 top1=0.565 top5=0.922 ed=0.592 rr=0.716 (725s)
2026-09-16 05:56:02 INFO [dmp] 44500/49410 top1=0.565 top5=0.922 ed=0.592 rr=0.715 (728s)
2026-09-16 05:56:06 INFO [dmp] 45000/49410 top1=0.565 top5=0.922 ed=0.593 rr=0.715 (731s)
2026-09-16 05:56:09 INFO [dmp] 45500/49410 top1=0.565 top5=0.922 ed=0.593 rr=0.715 (735s)
2026-09-16 05:56:12 INFO [dmp] 46000/49410 top1=0.565 top5=0.921 ed=0.594 rr=0.715 (738s)
2026-09-16 05:56:16 INFO [dmp] 46500/49410 top1=0.567 top5=0.921 ed=0.592 rr=0.716 (742s)
2026-09-16 05:56:19 INFO [dmp] 47000/49410 top1=0.566 top5=0.921 ed=0.593 rr=0.715 (745s)
2026-09-16 05:56:23 INFO [dmp] 47500/49410 top1=0.566 top5=0.921 ed=0.593 rr=0.716 (749s)
2026-09-16 05:56:26 INFO [dmp] 48000/49410 top1=0.566 top5=0.921 ed=0.593 rr=0.715 (752s)
2026-09-16 05:56:30 INFO [dmp] 48500/49410 top1=0.566 top5=0.921 ed=0.594 rr=0.715 (756s)
2026-09-16 05:56:33 INFO [dmp] 49000/49410 top1=0.566 top5=0.921 ed=0.594 rr=0.715 (759s)
2026-09-16 05:56:37 INFO RESULT powergrid dmp: top1=0.5664 top3=0.8389 top5=0.9209 ed=0.5934 rr=0.7154 css=1.78 fit=0.0s infer=0.01542s/inst
2026-09-16 05:56:37 INFO === method sme ===
2026-09-16 05:58:11 INFO [sme] 500/49410 top1=0.418 top5=0.814 ed=0.962 rr=0.587 (94s)
2026-09-16 05:58:14 INFO [sme] 1000/49410 top1=0.431 top5=0.847 ed=0.910 rr=0.605 (97s)
2026-09-16 05:58:18 INFO [sme] 1500/49410 top1=0.424 top5=0.835 ed=0.948 rr=0.597 (100s)
2026-09-16 05:58:21 INFO [sme] 2000/49410 top1=0.420 top5=0.835 ed=0.953 rr=0.595 (104s)
2026-09-16 05:58:24 INFO [sme] 2500/49410 top1=0.414 top5=0.834 ed=0.968 rr=0.591 (107s)
2026-09-16 05:58:28 INFO [sme] 3000/49410 top1=0.422 top5=0.840 ed=0.954 rr=0.598 (111s)
2026-09-16 05:58:31 INFO [sme] 3500/49410 top1=0.428 top5=0.841 ed=0.948 rr=0.602 (114s)
2026-09-16 05:58:35 INFO [sme] 4000/49410 top1=0.428 top5=0.842 ed=0.948 rr=0.602 (118s)
2026-09-16 05:58:38 INFO [sme] 4500/49410 top1=0.436 top5=0.842 ed=0.943 rr=0.608 (121s)
2026-09-16 05:58:41 INFO [sme] 5000/49410 top1=0.441 top5=0.851 ed=0.928 rr=0.613 (124s)
2026-09-16 05:58:45 INFO [sme] 5500/49410 top1=0.443 top5=0.857 ed=0.927 rr=0.616 (128s)
2026-09-16 05:58:48 INFO [sme] 6000/49410 top1=0.447 top5=0.862 ed=0.917 rr=0.620 (131s)
2026-09-16 05:58:52 INFO [sme] 6500/49410 top1=0.449 top5=0.865 ed=0.908 rr=0.623 (135s)
2026-09-16 05:58:55 INFO [sme] 7000/49410 top1=0.453 top5=0.865 ed=0.904 rr=0.625 (138s)
2026-09-16 05:58:58 INFO [sme] 7500/49410 top1=0.459 top5=0.867 ed=0.897 rr=0.629 (141s)
2026-09-16 05:59:02 INFO [sme] 8000/49410 top1=0.463 top5=0.871 ed=0.890 rr=0.633 (145s)
2026-09-16 05:59:05 INFO [sme] 8500/49410 top1=0.466 top5=0.872 ed=0.884 rr=0.636 (148s)
2026-09-16 05:59:08 INFO [sme] 9000/49410 top1=0.470 top5=0.874 ed=0.878 rr=0.639 (151s)
2026-09-16 05:59:12 INFO [sme] 9500/49410 top1=0.473 top5=0.877 ed=0.871 rr=0.642 (155s)
2026-09-16 05:59:15 INFO [sme] 10000/49410 top1=0.477 top5=0.880 ed=0.861 rr=0.646 (158s)
2026-09-16 05:59:18 INFO [sme] 10500/49410 top1=0.480 top5=0.884 ed=0.852 rr=0.649 (161s)
2026-09-16 05:59:22 INFO [sme] 11000/49410 top1=0.485 top5=0.887 ed=0.841 rr=0.653 (165s)
2026-09-16 05:59:25 INFO [sme] 11500/49410 top1=0.488 top5=0.890 ed=0.832 rr=0.656 (168s)
2026-09-16 05:59:28 INFO [sme] 12000/49410 top1=0.489 top5=0.893 ed=0.826 rr=0.658 (171s)
2026-09-16 05:59:32 INFO [sme] 12500/49410 top1=0.493 top5=0.896 ed=0.817 rr=0.661 (175s)
2026-09-16 05:59:35 INFO [sme] 13000/49410 top1=0.495 top5=0.898 ed=0.812 rr=0.663 (178s)
2026-09-16 05:59:38 INFO [sme] 13500/49410 top1=0.500 top5=0.900 ed=0.803 rr=0.667 (181s)
2026-09-16 05:59:42 INFO [sme] 14000/49410 top1=0.501 top5=0.901 ed=0.799 rr=0.668 (185s)
2026-09-16 05:59:45 INFO [sme] 14500/49410 top1=0.498 top5=0.901 ed=0.802 rr=0.666 (188s)
2026-09-16 05:59:49 INFO [sme] 15000/49410 top1=0.498 top5=0.901 ed=0.804 rr=0.666 (192s)
2026-09-16 05:59:52 INFO [sme] 15500/49410 top1=0.499 top5=0.901 ed=0.802 rr=0.666 (195s)
2026-09-16 05:59:55 INFO [sme] 16000/49410 top1=0.499 top5=0.899 ed=0.804 rr=0.666 (198s)
2026-09-16 05:59:59 INFO [sme] 16500/49410 top1=0.495 top5=0.897 ed=0.813 rr=0.663 (202s)
2026-09-16 06:00:02 INFO [sme] 17000/49410 top1=0.494 top5=0.893 ed=0.819 rr=0.660 (205s)
2026-09-16 06:00:06 INFO [sme] 17500/49410 top1=0.491 top5=0.890 ed=0.824 rr=0.658 (209s)
2026-09-16 06:00:09 INFO [sme] 18000/49410 top1=0.490 top5=0.889 ed=0.827 rr=0.657 (212s)
2026-09-16 06:00:12 INFO [sme] 18500/49410 top1=0.489 top5=0.888 ed=0.831 rr=0.656 (215s)
2026-09-16 06:00:16 INFO [sme] 19000/49410 top1=0.489 top5=0.886 ed=0.832 rr=0.655 (219s)
2026-09-16 06:00:19 INFO [sme] 19500/49410 top1=0.487 top5=0.884 ed=0.837 rr=0.653 (222s)
2026-09-16 06:00:23 INFO [sme] 20000/49410 top1=0.486 top5=0.882 ed=0.843 rr=0.651 (226s)
2026-09-16 06:00:26 INFO [sme] 20500/49410 top1=0.484 top5=0.878 ed=0.850 rr=0.649 (229s)
2026-09-16 06:00:30 INFO [sme] 21000/49410 top1=0.484 top5=0.877 ed=0.850 rr=0.649 (233s)
2026-09-16 06:00:33 INFO [sme] 21500/49410 top1=0.482 top5=0.875 ed=0.856 rr=0.647 (236s)
2026-09-16 06:00:37 INFO [sme] 22000/49410 top1=0.485 top5=0.876 ed=0.851 rr=0.649 (240s)
2026-09-16 06:00:40 INFO [sme] 22500/49410 top1=0.486 top5=0.876 ed=0.849 rr=0.650 (243s)
2026-09-16 06:00:43 INFO [sme] 23000/49410 top1=0.487 top5=0.876 ed=0.848 rr=0.650 (246s)
2026-09-16 06:00:47 INFO [sme] 23500/49410 top1=0.487 top5=0.876 ed=0.846 rr=0.650 (250s)
2026-09-16 06:00:50 INFO [sme] 24000/49410 top1=0.489 top5=0.877 ed=0.841 rr=0.652 (253s)
2026-09-16 06:00:53 INFO [sme] 24500/49410 top1=0.491 top5=0.877 ed=0.839 rr=0.653 (256s)
2026-09-16 06:00:57 INFO [sme] 25000/49410 top1=0.492 top5=0.877 ed=0.837 rr=0.654 (260s)
2026-09-16 06:01:00 INFO [sme] 25500/49410 top1=0.495 top5=0.877 ed=0.832 rr=0.656 (263s)
2026-09-16 06:01:03 INFO [sme] 26000/49410 top1=0.496 top5=0.878 ed=0.829 rr=0.657 (266s)
2026-09-16 06:01:07 INFO [sme] 26500/49410 top1=0.498 top5=0.879 ed=0.826 rr=0.658 (270s)
2026-09-16 06:01:11 INFO [sme] 27000/49410 top1=0.497 top5=0.879 ed=0.828 rr=0.658 (274s)
2026-09-16 06:01:14 INFO [sme] 27500/49410 top1=0.496 top5=0.879 ed=0.831 rr=0.657 (277s)
2026-09-16 06:01:17 INFO [sme] 28000/49410 top1=0.494 top5=0.879 ed=0.833 rr=0.656 (280s)
2026-09-16 06:01:21 INFO [sme] 28500/49410 top1=0.495 top5=0.879 ed=0.831 rr=0.657 (284s)
2026-09-16 06:01:24 INFO [sme] 29000/49410 top1=0.496 top5=0.880 ed=0.828 rr=0.658 (287s)
2026-09-16 06:01:27 INFO [sme] 29500/49410 top1=0.498 top5=0.882 ed=0.824 rr=0.659 (290s)
2026-09-16 06:01:31 INFO [sme] 30000/49410 top1=0.500 top5=0.883 ed=0.821 rr=0.661 (294s)
2026-09-16 06:01:34 INFO [sme] 30500/49410 top1=0.502 top5=0.884 ed=0.817 rr=0.662 (297s)
2026-09-16 06:01:38 INFO [sme] 31000/49410 top1=0.504 top5=0.886 ed=0.812 rr=0.664 (301s)
2026-09-16 06:01:41 INFO [sme] 31500/49410 top1=0.506 top5=0.887 ed=0.808 rr=0.666 (304s)
2026-09-16 06:01:45 INFO [sme] 32000/49410 top1=0.505 top5=0.886 ed=0.810 rr=0.665 (308s)
2026-09-16 06:01:48 INFO [sme] 32500/49410 top1=0.503 top5=0.885 ed=0.813 rr=0.664 (311s)
2026-09-16 06:01:52 INFO [sme] 33000/49410 top1=0.504 top5=0.886 ed=0.810 rr=0.664 (314s)
2026-09-16 06:01:55 INFO [sme] 33500/49410 top1=0.504 top5=0.886 ed=0.811 rr=0.664 (318s)
2026-09-16 06:01:58 INFO [sme] 34000/49410 top1=0.503 top5=0.886 ed=0.811 rr=0.664 (321s)
2026-09-16 06:02:02 INFO [sme] 34500/49410 top1=0.504 top5=0.886 ed=0.810 rr=0.664 (325s)
2026-09-16 06:02:05 INFO [sme] 35000/49410 top1=0.504 top5=0.886 ed=0.810 rr=0.665 (328s)
2026-09-16 06:02:09 INFO [sme] 35500/49410 top1=0.504 top5=0.887 ed=0.808 rr=0.665 (332s)
2026-09-16 06:02:12 INFO [sme] 36000/49410 top1=0.503 top5=0.887 ed=0.809 rr=0.665 (335s)
2026-09-16 06:02:16 INFO [sme] 36500/49410 top1=0.504 top5=0.887 ed=0.808 rr=0.665 (339s)
2026-09-16 06:02:19 INFO [sme] 37000/49410 top1=0.505 top5=0.887 ed=0.807 rr=0.666 (342s)
2026-09-16 06:02:23 INFO [sme] 37500/49410 top1=0.507 top5=0.888 ed=0.804 rr=0.667 (346s)
2026-09-16 06:02:26 INFO [sme] 38000/49410 top1=0.508 top5=0.888 ed=0.801 rr=0.668 (349s)
2026-09-16 06:02:30 INFO [sme] 38500/49410 top1=0.506 top5=0.884 ed=0.809 rr=0.665 (353s)
2026-09-16 06:02:33 INFO [sme] 39000/49410 top1=0.506 top5=0.882 ed=0.812 rr=0.664 (356s)
2026-09-16 06:02:37 INFO [sme] 39500/49410 top1=0.507 top5=0.882 ed=0.810 rr=0.665 (360s)
2026-09-16 06:02:40 INFO [sme] 40000/49410 top1=0.507 top5=0.883 ed=0.809 rr=0.665 (363s)
2026-09-16 06:02:44 INFO [sme] 40500/49410 top1=0.507 top5=0.884 ed=0.807 rr=0.666 (367s)
2026-09-16 06:02:47 INFO [sme] 41000/49410 top1=0.508 top5=0.885 ed=0.805 rr=0.667 (370s)
2026-09-16 06:02:51 INFO [sme] 41500/49410 top1=0.509 top5=0.886 ed=0.803 rr=0.668 (374s)
2026-09-16 06:02:54 INFO [sme] 42000/49410 top1=0.510 top5=0.886 ed=0.801 rr=0.669 (377s)
2026-09-16 06:02:58 INFO [sme] 42500/49410 top1=0.511 top5=0.887 ed=0.799 rr=0.669 (381s)
2026-09-16 06:03:01 INFO [sme] 43000/49410 top1=0.511 top5=0.888 ed=0.798 rr=0.670 (384s)
2026-09-16 06:03:04 INFO [sme] 43500/49410 top1=0.511 top5=0.888 ed=0.798 rr=0.670 (387s)
2026-09-16 06:03:08 INFO [sme] 44000/49410 top1=0.512 top5=0.889 ed=0.797 rr=0.670 (391s)
2026-09-16 06:03:11 INFO [sme] 44500/49410 top1=0.512 top5=0.889 ed=0.798 rr=0.670 (394s)
2026-09-16 06:03:14 INFO [sme] 45000/49410 top1=0.511 top5=0.888 ed=0.798 rr=0.670 (397s)
2026-09-16 06:03:18 INFO [sme] 45500/49410 top1=0.511 top5=0.888 ed=0.799 rr=0.670 (401s)
2026-09-16 06:03:21 INFO [sme] 46000/49410 top1=0.512 top5=0.888 ed=0.799 rr=0.670 (404s)
2026-09-16 06:03:25 INFO [sme] 46500/49410 top1=0.513 top5=0.888 ed=0.797 rr=0.671 (408s)
2026-09-16 06:03:28 INFO [sme] 47000/49410 top1=0.513 top5=0.888 ed=0.798 rr=0.670 (411s)
2026-09-16 06:03:32 INFO [sme] 47500/49410 top1=0.513 top5=0.889 ed=0.798 rr=0.670 (415s)
2026-09-16 06:03:35 INFO [sme] 48000/49410 top1=0.512 top5=0.888 ed=0.798 rr=0.670 (418s)
2026-09-16 06:03:38 INFO [sme] 48500/49410 top1=0.512 top5=0.888 ed=0.799 rr=0.670 (421s)
2026-09-16 06:03:42 INFO [sme] 49000/49410 top1=0.512 top5=0.888 ed=0.799 rr=0.670 (425s)
2026-09-16 06:03:46 INFO RESULT powergrid sme: top1=0.5126 top3=0.7899 top5=0.8881 ed=0.7986 rr=0.6704 css=3.98 fit=0.2s infer=0.00865s/inst
2026-09-16 06:03:46 INFO === method mcs ===
2026-09-16 06:52:15 INFO [mcs] 500/49410 top1=0.434 top5=0.808 ed=0.922 rr=0.592 (2903s)
2026-09-16 06:52:19 INFO [mcs] 1000/49410 top1=0.449 top5=0.838 ed=0.909 rr=0.613 (2907s)
2026-09-16 06:52:23 INFO [mcs] 1500/49410 top1=0.427 top5=0.813 ed=0.969 rr=0.592 (2910s)
2026-09-16 06:52:26 INFO [mcs] 2000/49410 top1=0.421 top5=0.804 ed=0.987 rr=0.584 (2914s)
2026-09-16 06:52:30 INFO [mcs] 2500/49410 top1=0.411 top5=0.804 ed=1.012 rr=0.577 (2917s)
2026-09-16 06:52:33 INFO [mcs] 3000/49410 top1=0.417 top5=0.810 ed=1.007 rr=0.583 (2921s)
2026-09-16 06:52:37 INFO [mcs] 3500/49410 top1=0.422 top5=0.812 ed=1.003 rr=0.586 (2924s)
2026-09-16 06:52:40 INFO [mcs] 4000/49410 top1=0.423 top5=0.814 ed=0.994 rr=0.589 (2927s)
2026-09-16 06:52:43 INFO [mcs] 4500/49410 top1=0.429 top5=0.814 ed=0.998 rr=0.593 (2931s)
2026-09-16 06:52:47 INFO [mcs] 5000/49410 top1=0.435 top5=0.826 ed=0.977 rr=0.601 (2934s)
2026-09-16 06:52:50 INFO [mcs] 5500/49410 top1=0.441 top5=0.834 ed=0.965 rr=0.607 (2938s)
2026-09-16 06:52:54 INFO [mcs] 6000/49410 top1=0.442 top5=0.836 ed=0.958 rr=0.608 (2941s)
2026-09-16 06:52:57 INFO [mcs] 6500/49410 top1=0.445 top5=0.838 ed=0.949 rr=0.610 (2945s)
2026-09-16 06:53:01 INFO [mcs] 7000/49410 top1=0.450 top5=0.838 ed=0.944 rr=0.613 (2948s)
2026-09-16 06:53:04 INFO [mcs] 7500/49410 top1=0.454 top5=0.841 ed=0.933 rr=0.617 (2952s)
2026-09-16 06:53:08 INFO [mcs] 8000/49410 top1=0.457 top5=0.846 ed=0.928 rr=0.621 (2955s)
2026-09-16 06:53:11 INFO [mcs] 8500/49410 top1=0.461 top5=0.850 ed=0.920 rr=0.625 (2959s)
2026-09-16 06:53:14 INFO [mcs] 9000/49410 top1=0.463 top5=0.853 ed=0.914 rr=0.627 (2962s)
2026-09-16 06:53:18 INFO [mcs] 9500/49410 top1=0.468 top5=0.857 ed=0.902 rr=0.631 (2965s)
2026-09-16 06:53:21 INFO [mcs] 10000/49410 top1=0.472 top5=0.861 ed=0.888 rr=0.636 (2969s)
2026-09-16 06:53:25 INFO [mcs] 10500/49410 top1=0.475 top5=0.866 ed=0.878 rr=0.639 (2972s)
2026-09-16 06:53:28 INFO [mcs] 11000/49410 top1=0.480 top5=0.870 ed=0.865 rr=0.644 (2976s)
2026-09-16 06:53:32 INFO [mcs] 11500/49410 top1=0.484 top5=0.875 ed=0.855 rr=0.647 (2979s)
2026-09-16 06:53:35 INFO [mcs] 12000/49410 top1=0.485 top5=0.879 ed=0.845 rr=0.650 (2983s)
2026-09-16 06:53:39 INFO [mcs] 12500/49410 top1=0.490 top5=0.882 ed=0.836 rr=0.654 (2986s)
2026-09-16 06:53:42 INFO [mcs] 13000/49410 top1=0.493 top5=0.884 ed=0.827 rr=0.657 (2990s)
2026-09-16 06:53:46 INFO [mcs] 13500/49410 top1=0.499 top5=0.888 ed=0.815 rr=0.662 (2993s)
2026-09-16 06:53:49 INFO [mcs] 14000/49410 top1=0.499 top5=0.888 ed=0.814 rr=0.662 (2997s)
2026-09-16 06:53:53 INFO [mcs] 14500/49410 top1=0.496 top5=0.885 ed=0.819 rr=0.660 (3000s)
2026-09-16 06:53:56 INFO [mcs] 15000/49410 top1=0.497 top5=0.886 ed=0.817 rr=0.661 (3004s)
2026-09-16 06:54:00 INFO [mcs] 15500/49410 top1=0.499 top5=0.887 ed=0.815 rr=0.662 (3008s)
2026-09-16 06:54:03 INFO [mcs] 16000/49410 top1=0.501 top5=0.887 ed=0.815 rr=0.663 (3011s)
2026-09-16 06:54:07 INFO [mcs] 16500/49410 top1=0.498 top5=0.883 ed=0.822 rr=0.660 (3014s)
2026-09-16 06:54:10 INFO [mcs] 17000/49410 top1=0.495 top5=0.878 ed=0.832 rr=0.656 (3018s)
2026-09-16 06:54:14 INFO [mcs] 17500/49410 top1=0.492 top5=0.875 ed=0.839 rr=0.654 (3021s)
2026-09-16 06:54:17 INFO [mcs] 18000/49410 top1=0.491 top5=0.873 ed=0.842 rr=0.653 (3025s)
2026-09-16 06:54:21 INFO [mcs] 18500/49410 top1=0.491 top5=0.872 ed=0.844 rr=0.652 (3028s)
2026-09-16 06:54:24 INFO [mcs] 19000/49410 top1=0.490 top5=0.871 ed=0.846 rr=0.651 (3032s)
2026-09-16 06:54:28 INFO [mcs] 19500/49410 top1=0.487 top5=0.868 ed=0.852 rr=0.649 (3035s)
2026-09-16 06:54:31 INFO [mcs] 20000/49410 top1=0.485 top5=0.864 ed=0.861 rr=0.646 (3038s)
2026-09-16 06:54:34 INFO [mcs] 20500/49410 top1=0.484 top5=0.860 ed=0.868 rr=0.644 (3042s)
2026-09-16 06:54:38 INFO [mcs] 21000/49410 top1=0.484 top5=0.860 ed=0.868 rr=0.644 (3045s)
2026-09-16 06:54:41 INFO [mcs] 21500/49410 top1=0.481 top5=0.858 ed=0.875 rr=0.641 (3049s)
2026-09-16 06:54:45 INFO [mcs] 22000/49410 top1=0.484 top5=0.859 ed=0.871 rr=0.643 (3052s)
2026-09-16 06:54:48 INFO [mcs] 22500/49410 top1=0.485 top5=0.859 ed=0.869 rr=0.644 (3056s)
2026-09-16 06:54:52 INFO [mcs] 23000/49410 top1=0.486 top5=0.860 ed=0.866 rr=0.645 (3059s)
2026-09-16 06:54:55 INFO [mcs] 23500/49410 top1=0.487 top5=0.860 ed=0.863 rr=0.645 (3063s)
2026-09-16 06:54:59 INFO [mcs] 24000/49410 top1=0.490 top5=0.861 ed=0.857 rr=0.648 (3066s)
2026-09-16 06:55:02 INFO [mcs] 24500/49410 top1=0.492 top5=0.862 ed=0.855 rr=0.649 (3070s)
2026-09-16 06:55:05 INFO [mcs] 25000/49410 top1=0.494 top5=0.863 ed=0.851 rr=0.651 (3073s)
2026-09-16 06:55:09 INFO [mcs] 25500/49410 top1=0.497 top5=0.864 ed=0.847 rr=0.653 (3077s)
2026-09-16 06:55:13 INFO [mcs] 26000/49410 top1=0.500 top5=0.865 ed=0.841 rr=0.655 (3080s)
2026-09-16 06:55:16 INFO [mcs] 26500/49410 top1=0.502 top5=0.866 ed=0.837 rr=0.657 (3084s)
2026-09-16 06:55:20 INFO [mcs] 27000/49410 top1=0.501 top5=0.866 ed=0.837 rr=0.656 (3087s)
2026-09-16 06:55:23 INFO [mcs] 27500/49410 top1=0.500 top5=0.866 ed=0.840 rr=0.656 (3091s)
2026-09-16 06:55:27 INFO [mcs] 28000/49410 top1=0.499 top5=0.866 ed=0.842 rr=0.655 (3094s)
2026-09-16 06:55:30 INFO [mcs] 28500/49410 top1=0.498 top5=0.866 ed=0.842 rr=0.654 (3098s)
2026-09-16 06:55:34 INFO [mcs] 29000/49410 top1=0.500 top5=0.867 ed=0.839 rr=0.655 (3101s)
2026-09-16 06:55:37 INFO [mcs] 29500/49410 top1=0.502 top5=0.869 ed=0.833 rr=0.657 (3105s)
2026-09-16 06:55:40 INFO [mcs] 30000/49410 top1=0.504 top5=0.870 ed=0.829 rr=0.659 (3108s)
2026-09-16 06:55:44 INFO [mcs] 30500/49410 top1=0.505 top5=0.872 ed=0.825 rr=0.661 (3111s)
2026-09-16 06:55:47 INFO [mcs] 31000/49410 top1=0.508 top5=0.873 ed=0.820 rr=0.663 (3115s)
2026-09-16 06:55:51 INFO [mcs] 31500/49410 top1=0.510 top5=0.875 ed=0.815 rr=0.665 (3118s)
2026-09-16 06:55:54 INFO [mcs] 32000/49410 top1=0.510 top5=0.874 ed=0.817 rr=0.664 (3122s)
2026-09-16 06:55:58 INFO [mcs] 32500/49410 top1=0.509 top5=0.873 ed=0.819 rr=0.664 (3125s)
2026-09-16 06:56:01 INFO [mcs] 33000/49410 top1=0.509 top5=0.873 ed=0.817 rr=0.664 (3129s)
2026-09-16 06:56:05 INFO [mcs] 33500/49410 top1=0.509 top5=0.873 ed=0.817 rr=0.664 (3132s)
2026-09-16 06:56:08 INFO [mcs] 34000/49410 top1=0.509 top5=0.874 ed=0.816 rr=0.664 (3136s)
2026-09-16 06:56:12 INFO [mcs] 34500/49410 top1=0.509 top5=0.874 ed=0.816 rr=0.664 (3139s)
2026-09-16 06:56:15 INFO [mcs] 35000/49410 top1=0.510 top5=0.875 ed=0.814 rr=0.665 (3143s)
2026-09-16 06:56:19 INFO [mcs] 35500/49410 top1=0.510 top5=0.875 ed=0.812 rr=0.665 (3146s)
2026-09-16 06:56:22 INFO [mcs] 36000/49410 top1=0.510 top5=0.875 ed=0.813 rr=0.665 (3150s)
2026-09-16 06:56:25 INFO [mcs] 36500/49410 top1=0.510 top5=0.875 ed=0.813 rr=0.665 (3153s)
2026-09-16 06:56:29 INFO [mcs] 37000/49410 top1=0.511 top5=0.876 ed=0.813 rr=0.666 (3156s)
2026-09-16 06:56:33 INFO [mcs] 37500/49410 top1=0.513 top5=0.877 ed=0.810 rr=0.667 (3160s)
2026-09-16 06:56:36 INFO [mcs] 38000/49410 top1=0.514 top5=0.877 ed=0.807 rr=0.668 (3164s)
2026-09-16 06:56:39 INFO [mcs] 38500/49410 top1=0.512 top5=0.873 ed=0.814 rr=0.665 (3167s)
2026-09-16 06:56:43 INFO [mcs] 39000/49410 top1=0.512 top5=0.873 ed=0.815 rr=0.665 (3170s)
2026-09-16 06:56:46 INFO [mcs] 39500/49410 top1=0.513 top5=0.873 ed=0.814 rr=0.666 (3174s)
2026-09-16 06:56:50 INFO [mcs] 40000/49410 top1=0.513 top5=0.874 ed=0.812 rr=0.667 (3177s)
2026-09-16 06:56:53 INFO [mcs] 40500/49410 top1=0.514 top5=0.876 ed=0.809 rr=0.667 (3181s)
2026-09-16 06:56:57 INFO [mcs] 41000/49410 top1=0.515 top5=0.877 ed=0.807 rr=0.668 (3184s)
2026-09-16 06:57:00 INFO [mcs] 41500/49410 top1=0.515 top5=0.877 ed=0.806 rr=0.669 (3188s)
2026-09-16 06:57:04 INFO [mcs] 42000/49410 top1=0.517 top5=0.878 ed=0.803 rr=0.670 (3191s)
2026-09-16 06:57:07 INFO [mcs] 42500/49410 top1=0.517 top5=0.879 ed=0.801 rr=0.671 (3195s)
2026-09-16 06:57:11 INFO [mcs] 43000/49410 top1=0.518 top5=0.880 ed=0.799 rr=0.671 (3198s)
2026-09-16 06:57:14 INFO [mcs] 43500/49410 top1=0.518 top5=0.880 ed=0.799 rr=0.671 (3202s)
2026-09-16 06:57:18 INFO [mcs] 44000/49410 top1=0.518 top5=0.880 ed=0.799 rr=0.672 (3205s)
2026-09-16 06:57:21 INFO [mcs] 44500/49410 top1=0.518 top5=0.880 ed=0.799 rr=0.671 (3209s)
2026-09-16 06:57:25 INFO [mcs] 45000/49410 top1=0.518 top5=0.880 ed=0.799 rr=0.671 (3212s)
2026-09-16 06:57:28 INFO [mcs] 45500/49410 top1=0.518 top5=0.880 ed=0.800 rr=0.671 (3216s)
2026-09-16 06:57:32 INFO [mcs] 46000/49410 top1=0.518 top5=0.880 ed=0.801 rr=0.671 (3219s)
2026-09-16 06:57:35 INFO [mcs] 46500/49410 top1=0.519 top5=0.880 ed=0.799 rr=0.672 (3223s)
2026-09-16 06:57:38 INFO [mcs] 47000/49410 top1=0.519 top5=0.880 ed=0.800 rr=0.672 (3226s)
2026-09-16 06:57:42 INFO [mcs] 47500/49410 top1=0.519 top5=0.880 ed=0.799 rr=0.672 (3229s)
2026-09-16 06:57:45 INFO [mcs] 48000/49410 top1=0.519 top5=0.880 ed=0.800 rr=0.672 (3233s)
2026-09-16 06:57:49 INFO [mcs] 48500/49410 top1=0.519 top5=0.879 ed=0.801 rr=0.672 (3236s)
2026-09-16 06:57:52 INFO [mcs] 49000/49410 top1=0.519 top5=0.880 ed=0.800 rr=0.672 (3240s)
2026-09-16 06:57:56 INFO RESULT powergrid mcs: top1=0.5194 top3=0.7858 top5=0.8800 ed=0.8000 rr=0.6723 css=1.88 fit=6.9s infer=0.06563s/inst
2026-09-16 06:57:56 INFO === method mlp ===
2026-09-16 07:00:51 INFO [mlp] epoch 1 val_loss=1.2945 val_acc=0.4693 (174s)
2026-09-16 07:29:51 INFO [mlp] epoch 10 val_loss=1.2747 val_acc=0.4693 (1914s)
2026-09-16 08:01:43 INFO [mlp] epoch 20 val_loss=1.2737 val_acc=0.4693 (3826s)
2026-09-16 08:01:43 INFO [mlp] trained 20 epochs, best val_loss=1.2735, 3826s
2026-09-16 08:02:33 INFO [mlp] 500/49410 top1=0.420 top5=0.788 ed=1.064 rr=0.529 (50s)
2026-09-16 08:02:37 INFO [mlp] 1000/49410 top1=0.442 top5=0.821 ed=0.993 rr=0.559 (54s)
2026-09-16 08:02:40 INFO [mlp] 1500/49410 top1=0.435 top5=0.811 ed=1.001 rr=0.553 (57s)
2026-09-16 08:02:44 INFO [mlp] 2000/49410 top1=0.431 top5=0.814 ed=1.024 rr=0.549 (61s)
2026-09-16 08:02:47 INFO [mlp] 2500/49410 top1=0.421 top5=0.809 ed=1.038 rr=0.539 (64s)
2026-09-16 08:02:51 INFO [mlp] 3000/49410 top1=0.434 top5=0.822 ed=1.000 rr=0.550 (68s)
2026-09-16 08:02:54 INFO [mlp] 3500/49410 top1=0.440 top5=0.823 ed=0.995 rr=0.554 (71s)
2026-09-16 08:02:58 INFO [mlp] 4000/49410 top1=0.439 top5=0.825 ed=0.996 rr=0.554 (75s)
2026-09-16 08:03:02 INFO [mlp] 4500/49410 top1=0.443 top5=0.825 ed=0.985 rr=0.558 (79s)
2026-09-16 08:03:05 INFO [mlp] 5000/49410 top1=0.449 top5=0.832 ed=0.972 rr=0.563 (82s)
2026-09-16 08:03:09 INFO [mlp] 5500/49410 top1=0.454 top5=0.837 ed=0.964 rr=0.568 (85s)
2026-09-16 08:03:12 INFO [mlp] 6000/49410 top1=0.456 top5=0.841 ed=0.952 rr=0.571 (89s)
2026-09-16 08:03:16 INFO [mlp] 6500/49410 top1=0.456 top5=0.842 ed=0.946 rr=0.572 (92s)
2026-09-16 08:03:19 INFO [mlp] 7000/49410 top1=0.460 top5=0.845 ed=0.940 rr=0.575 (96s)
2026-09-16 08:03:23 INFO [mlp] 7500/49410 top1=0.464 top5=0.848 ed=0.931 rr=0.578 (99s)
2026-09-16 08:03:26 INFO [mlp] 8000/49410 top1=0.464 top5=0.851 ed=0.929 rr=0.580 (103s)
2026-09-16 08:03:30 INFO [mlp] 8500/49410 top1=0.465 top5=0.854 ed=0.922 rr=0.583 (106s)
2026-09-16 08:03:33 INFO [mlp] 9000/49410 top1=0.467 top5=0.856 ed=0.919 rr=0.584 (110s)
2026-09-16 08:03:36 INFO [mlp] 9500/49410 top1=0.470 top5=0.859 ed=0.908 rr=0.588 (113s)
2026-09-16 08:03:40 INFO [mlp] 10000/49410 top1=0.471 top5=0.862 ed=0.900 rr=0.591 (117s)
2026-09-16 08:03:43 INFO [mlp] 10500/49410 top1=0.473 top5=0.864 ed=0.894 rr=0.593 (120s)
2026-09-16 08:03:47 INFO [mlp] 11000/49410 top1=0.476 top5=0.868 ed=0.886 rr=0.596 (124s)
2026-09-16 08:03:50 INFO [mlp] 11500/49410 top1=0.478 top5=0.871 ed=0.879 rr=0.599 (127s)
2026-09-16 08:03:54 INFO [mlp] 12000/49410 top1=0.479 top5=0.875 ed=0.873 rr=0.602 (131s)
2026-09-16 08:03:57 INFO [mlp] 12500/49410 top1=0.481 top5=0.878 ed=0.868 rr=0.604 (134s)
2026-09-16 08:04:00 INFO [mlp] 13000/49410 top1=0.483 top5=0.880 ed=0.860 rr=0.607 (137s)
2026-09-16 08:04:04 INFO [mlp] 13500/49410 top1=0.486 top5=0.883 ed=0.850 rr=0.610 (141s)
2026-09-16 08:04:07 INFO [mlp] 14000/49410 top1=0.488 top5=0.883 ed=0.846 rr=0.611 (144s)
2026-09-16 08:04:11 INFO [mlp] 14500/49410 top1=0.487 top5=0.882 ed=0.847 rr=0.610 (148s)
2026-09-16 08:04:14 INFO [mlp] 15000/49410 top1=0.487 top5=0.882 ed=0.846 rr=0.609 (151s)
2026-09-16 08:04:18 INFO [mlp] 15500/49410 top1=0.488 top5=0.882 ed=0.846 rr=0.610 (155s)
2026-09-16 08:04:21 INFO [mlp] 16000/49410 top1=0.489 top5=0.883 ed=0.846 rr=0.611 (158s)
2026-09-16 08:04:25 INFO [mlp] 16500/49410 top1=0.487 top5=0.880 ed=0.852 rr=0.608 (162s)
2026-09-16 08:04:28 INFO [mlp] 17000/49410 top1=0.485 top5=0.876 ed=0.859 rr=0.606 (165s)
2026-09-16 08:04:32 INFO [mlp] 17500/49410 top1=0.483 top5=0.873 ed=0.863 rr=0.604 (169s)
2026-09-16 08:04:35 INFO [mlp] 18000/49410 top1=0.481 top5=0.871 ed=0.867 rr=0.602 (172s)
2026-09-16 08:04:39 INFO [mlp] 18500/49410 top1=0.480 top5=0.870 ed=0.869 rr=0.601 (176s)
2026-09-16 08:04:42 INFO [mlp] 19000/49410 top1=0.479 top5=0.869 ed=0.871 rr=0.600 (179s)
2026-09-16 08:04:46 INFO [mlp] 19500/49410 top1=0.477 top5=0.867 ed=0.876 rr=0.598 (183s)
2026-09-16 08:04:49 INFO [mlp] 20000/49410 top1=0.476 top5=0.864 ed=0.880 rr=0.597 (186s)
2026-09-16 08:04:53 INFO [mlp] 20500/49410 top1=0.474 top5=0.859 ed=0.886 rr=0.594 (190s)
2026-09-16 08:04:56 INFO [mlp] 21000/49410 top1=0.475 top5=0.859 ed=0.886 rr=0.595 (193s)
2026-09-16 08:05:00 INFO [mlp] 21500/49410 top1=0.473 top5=0.857 ed=0.891 rr=0.593 (197s)
2026-09-16 08:05:03 INFO [mlp] 22000/49410 top1=0.474 top5=0.858 ed=0.889 rr=0.594 (200s)
2026-09-16 08:05:07 INFO [mlp] 22500/49410 top1=0.474 top5=0.857 ed=0.889 rr=0.594 (204s)
2026-09-16 08:05:10 INFO [mlp] 23000/49410 top1=0.474 top5=0.857 ed=0.889 rr=0.594 (207s)
2026-09-16 08:05:14 INFO [mlp] 23500/49410 top1=0.475 top5=0.858 ed=0.887 rr=0.595 (211s)
2026-09-16 08:05:17 INFO [mlp] 24000/49410 top1=0.477 top5=0.859 ed=0.883 rr=0.597 (214s)
2026-09-16 08:05:21 INFO [mlp] 24500/49410 top1=0.478 top5=0.859 ed=0.881 rr=0.597 (218s)
2026-09-16 08:05:24 INFO [mlp] 25000/49410 top1=0.478 top5=0.859 ed=0.881 rr=0.598 (221s)
2026-09-16 08:05:28 INFO [mlp] 25500/49410 top1=0.480 top5=0.860 ed=0.876 rr=0.600 (225s)
2026-09-16 08:05:32 INFO [mlp] 26000/49410 top1=0.482 top5=0.862 ed=0.873 rr=0.601 (228s)
2026-09-16 08:05:35 INFO [mlp] 26500/49410 top1=0.483 top5=0.863 ed=0.871 rr=0.603 (232s)
2026-09-16 08:05:38 INFO [mlp] 27000/49410 top1=0.483 top5=0.863 ed=0.871 rr=0.602 (235s)
2026-09-16 08:05:42 INFO [mlp] 27500/49410 top1=0.483 top5=0.863 ed=0.872 rr=0.602 (239s)
2026-09-16 08:05:45 INFO [mlp] 28000/49410 top1=0.482 top5=0.863 ed=0.872 rr=0.602 (242s)
2026-09-16 08:05:49 INFO [mlp] 28500/49410 top1=0.482 top5=0.863 ed=0.871 rr=0.602 (246s)
2026-09-16 08:05:52 INFO [mlp] 29000/49410 top1=0.483 top5=0.864 ed=0.868 rr=0.603 (249s)
2026-09-16 08:05:56 INFO [mlp] 29500/49410 top1=0.484 top5=0.866 ed=0.864 rr=0.604 (253s)
2026-09-16 08:05:59 INFO [mlp] 30000/49410 top1=0.485 top5=0.867 ed=0.860 rr=0.606 (256s)
2026-09-16 08:06:03 INFO [mlp] 30500/49410 top1=0.487 top5=0.868 ed=0.858 rr=0.607 (260s)
2026-09-16 08:06:06 INFO [mlp] 31000/49410 top1=0.489 top5=0.870 ed=0.854 rr=0.609 (263s)
2026-09-16 08:06:10 INFO [mlp] 31500/49410 top1=0.490 top5=0.871 ed=0.850 rr=0.610 (267s)
2026-09-16 08:06:13 INFO [mlp] 32000/49410 top1=0.490 top5=0.871 ed=0.852 rr=0.610 (270s)
2026-09-16 08:06:17 INFO [mlp] 32500/49410 top1=0.489 top5=0.870 ed=0.854 rr=0.609 (274s)
2026-09-16 08:06:21 INFO [mlp] 33000/49410 top1=0.490 top5=0.870 ed=0.853 rr=0.609 (277s)
2026-09-16 08:06:24 INFO [mlp] 33500/49410 top1=0.490 top5=0.870 ed=0.852 rr=0.609 (281s)
2026-09-16 08:06:28 INFO [mlp] 34000/49410 top1=0.490 top5=0.871 ed=0.851 rr=0.609 (285s)
2026-09-16 08:06:31 INFO [mlp] 34500/49410 top1=0.490 top5=0.871 ed=0.851 rr=0.609 (288s)
2026-09-16 08:06:35 INFO [mlp] 35000/49410 top1=0.491 top5=0.872 ed=0.850 rr=0.610 (292s)
2026-09-16 08:06:38 INFO [mlp] 35500/49410 top1=0.491 top5=0.872 ed=0.848 rr=0.610 (295s)
2026-09-16 08:06:42 INFO [mlp] 36000/49410 top1=0.491 top5=0.872 ed=0.847 rr=0.610 (299s)
2026-09-16 08:06:45 INFO [mlp] 36500/49410 top1=0.492 top5=0.872 ed=0.846 rr=0.610 (302s)
2026-09-16 08:06:49 INFO [mlp] 37000/49410 top1=0.492 top5=0.872 ed=0.845 rr=0.611 (306s)
2026-09-16 08:06:53 INFO [mlp] 37500/49410 top1=0.494 top5=0.873 ed=0.842 rr=0.613 (310s)
2026-09-16 08:06:56 INFO [mlp] 38000/49410 top1=0.495 top5=0.874 ed=0.841 rr=0.613 (313s)
2026-09-16 08:07:00 INFO [mlp] 38500/49410 top1=0.493 top5=0.870 ed=0.848 rr=0.611 (317s)
2026-09-16 08:07:03 INFO [mlp] 39000/49410 top1=0.493 top5=0.869 ed=0.849 rr=0.610 (320s)
2026-09-16 08:07:07 INFO [mlp] 39500/49410 top1=0.494 top5=0.869 ed=0.848 rr=0.611 (324s)
2026-09-16 08:07:10 INFO [mlp] 40000/49410 top1=0.494 top5=0.870 ed=0.846 rr=0.612 (327s)
2026-09-16 08:07:14 INFO [mlp] 40500/49410 top1=0.495 top5=0.871 ed=0.845 rr=0.612 (331s)
2026-09-16 08:07:17 INFO [mlp] 41000/49410 top1=0.495 top5=0.872 ed=0.842 rr=0.613 (334s)
2026-09-16 08:07:21 INFO [mlp] 41500/49410 top1=0.496 top5=0.873 ed=0.839 rr=0.614 (338s)
2026-09-16 08:07:24 INFO [mlp] 42000/49410 top1=0.497 top5=0.873 ed=0.838 rr=0.615 (341s)
2026-09-16 08:07:28 INFO [mlp] 42500/49410 top1=0.498 top5=0.874 ed=0.836 rr=0.615 (345s)
2026-09-16 08:07:31 INFO [mlp] 43000/49410 top1=0.498 top5=0.875 ed=0.835 rr=0.616 (348s)
2026-09-16 08:07:35 INFO [mlp] 43500/49410 top1=0.498 top5=0.875 ed=0.835 rr=0.616 (352s)
2026-09-16 08:07:38 INFO [mlp] 44000/49410 top1=0.498 top5=0.875 ed=0.835 rr=0.616 (355s)
2026-09-16 08:07:42 INFO [mlp] 44500/49410 top1=0.499 top5=0.875 ed=0.835 rr=0.616 (359s)
2026-09-16 08:07:45 INFO [mlp] 45000/49410 top1=0.498 top5=0.875 ed=0.835 rr=0.616 (362s)
2026-09-16 08:07:49 INFO [mlp] 45500/49410 top1=0.498 top5=0.875 ed=0.836 rr=0.616 (366s)
2026-09-16 08:07:52 INFO [mlp] 46000/49410 top1=0.498 top5=0.875 ed=0.836 rr=0.616 (369s)
2026-09-16 08:07:56 INFO [mlp] 46500/49410 top1=0.499 top5=0.875 ed=0.835 rr=0.617 (373s)
2026-09-16 08:07:59 INFO [mlp] 47000/49410 top1=0.499 top5=0.874 ed=0.836 rr=0.616 (376s)
2026-09-16 08:08:03 INFO [mlp] 47500/49410 top1=0.499 top5=0.875 ed=0.835 rr=0.617 (380s)
2026-09-16 08:08:07 INFO [mlp] 48000/49410 top1=0.499 top5=0.875 ed=0.835 rr=0.616 (383s)
2026-09-16 08:08:10 INFO [mlp] 48500/49410 top1=0.499 top5=0.874 ed=0.836 rr=0.616 (387s)
2026-09-16 08:08:14 INFO [mlp] 49000/49410 top1=0.499 top5=0.874 ed=0.835 rr=0.616 (391s)
2026-09-16 08:08:17 INFO RESULT powergrid mlp: top1=0.4987 top3=0.7769 top5=0.8744 ed=0.8353 rr=0.6164 css=5.24 fit=3827.1s infer=0.00797s/inst
2026-09-16 08:08:17 INFO === method gcn ===
2026-09-16 08:12:25 INFO [gcn] epoch 1 val_loss=1.8273 val_acc=0.3851 (248s)
2026-09-16 08:49:14 INFO [gcn] epoch 10 val_loss=1.6775 val_acc=0.4177 (2457s)
2026-09-16 09:32:32 INFO [gcn] epoch 20 val_loss=1.6490 val_acc=0.4225 (5055s)
2026-09-16 10:12:44 INFO [gcn] epoch 30 val_loss=1.5880 val_acc=0.4486 (7467s)
2026-09-16 10:53:39 INFO [gcn] epoch 40 val_loss=1.5250 val_acc=0.4627 (9922s)
2026-09-16 11:33:35 INFO [gcn] epoch 50 val_loss=1.4898 val_acc=0.4805 (12317s)
2026-09-16 12:15:03 INFO [gcn] epoch 60 val_loss=1.4848 val_acc=0.4842 (14805s)
2026-09-16 12:28:16 INFO [gcn] trained 62 epochs, best val_loss=1.4756, 15598s
2026-09-16 12:31:35 INFO [gcn] 500/49410 top1=0.462 top5=0.876 ed=0.750 rr=0.632 (200s)
2026-09-16 12:31:39 INFO [gcn] 1000/49410 top1=0.484 top5=0.899 ed=0.736 rr=0.656 (203s)
2026-09-16 12:31:42 INFO [gcn] 1500/49410 top1=0.487 top5=0.897 ed=0.751 rr=0.657 (207s)
2026-09-16 12:31:46 INFO [gcn] 2000/49410 top1=0.479 top5=0.889 ed=0.777 rr=0.650 (210s)
2026-09-16 12:31:50 INFO [gcn] 2500/49410 top1=0.467 top5=0.886 ed=0.805 rr=0.640 (214s)
2026-09-16 12:31:53 INFO [gcn] 3000/49410 top1=0.477 top5=0.888 ed=0.784 rr=0.648 (218s)
2026-09-16 12:31:57 INFO [gcn] 3500/49410 top1=0.481 top5=0.889 ed=0.776 rr=0.651 (221s)
2026-09-16 12:32:00 INFO [gcn] 4000/49410 top1=0.484 top5=0.891 ed=0.767 rr=0.654 (225s)
2026-09-16 12:32:04 INFO [gcn] 4500/49410 top1=0.490 top5=0.896 ed=0.764 rr=0.659 (228s)
2026-09-16 12:32:07 INFO [gcn] 5000/49410 top1=0.498 top5=0.901 ed=0.744 rr=0.666 (232s)
2026-09-16 12:32:11 INFO [gcn] 5500/49410 top1=0.501 top5=0.904 ed=0.737 rr=0.668 (235s)
2026-09-16 12:32:14 INFO [gcn] 6000/49410 top1=0.502 top5=0.907 ed=0.731 rr=0.670 (239s)
2026-09-16 12:32:18 INFO [gcn] 6500/49410 top1=0.504 top5=0.909 ed=0.723 rr=0.672 (243s)
2026-09-16 12:32:22 INFO [gcn] 7000/49410 top1=0.505 top5=0.910 ed=0.722 rr=0.673 (246s)
2026-09-16 12:32:25 INFO [gcn] 7500/49410 top1=0.507 top5=0.911 ed=0.716 rr=0.675 (250s)
2026-09-16 12:32:29 INFO [gcn] 8000/49410 top1=0.511 top5=0.914 ed=0.709 rr=0.678 (253s)
2026-09-16 12:32:32 INFO [gcn] 8500/49410 top1=0.514 top5=0.917 ed=0.705 rr=0.681 (257s)
2026-09-16 12:32:36 INFO [gcn] 9000/49410 top1=0.515 top5=0.919 ed=0.701 rr=0.683 (260s)
2026-09-16 12:32:39 INFO [gcn] 9500/49410 top1=0.517 top5=0.921 ed=0.694 rr=0.685 (264s)
2026-09-16 12:32:42 INFO [gcn] 10000/49410 top1=0.520 top5=0.924 ed=0.685 rr=0.688 (267s)
2026-09-16 12:32:46 INFO [gcn] 10500/49410 top1=0.524 top5=0.926 ed=0.676 rr=0.691 (270s)
2026-09-16 12:32:50 INFO [gcn] 11000/49410 top1=0.528 top5=0.929 ed=0.667 rr=0.695 (274s)
2026-09-16 12:32:54 INFO [gcn] 11500/49410 top1=0.532 top5=0.931 ed=0.659 rr=0.698 (278s)
2026-09-16 12:32:57 INFO [gcn] 12000/49410 top1=0.535 top5=0.933 ed=0.651 rr=0.701 (282s)
2026-09-16 12:33:01 INFO [gcn] 12500/49410 top1=0.535 top5=0.935 ed=0.648 rr=0.702 (285s)
2026-09-16 12:33:04 INFO [gcn] 13000/49410 top1=0.536 top5=0.937 ed=0.642 rr=0.703 (288s)
2026-09-16 12:33:08 INFO [gcn] 13500/49410 top1=0.540 top5=0.939 ed=0.634 rr=0.706 (292s)
2026-09-16 12:33:11 INFO [gcn] 14000/49410 top1=0.543 top5=0.940 ed=0.630 rr=0.709 (295s)
2026-09-16 12:33:15 INFO [gcn] 14500/49410 top1=0.541 top5=0.939 ed=0.633 rr=0.707 (299s)
2026-09-16 12:33:18 INFO [gcn] 15000/49410 top1=0.540 top5=0.939 ed=0.634 rr=0.707 (303s)
2026-09-16 12:33:22 INFO [gcn] 15500/49410 top1=0.540 top5=0.938 ed=0.633 rr=0.706 (306s)
2026-09-16 12:33:25 INFO [gcn] 16000/49410 top1=0.539 top5=0.938 ed=0.634 rr=0.705 (310s)
2026-09-16 12:33:29 INFO [gcn] 16500/49410 top1=0.537 top5=0.936 ed=0.639 rr=0.703 (313s)
2026-09-16 12:33:32 INFO [gcn] 17000/49410 top1=0.534 top5=0.932 ed=0.646 rr=0.701 (317s)
2026-09-16 12:33:36 INFO [gcn] 17500/49410 top1=0.533 top5=0.931 ed=0.650 rr=0.699 (320s)
2026-09-16 12:33:40 INFO [gcn] 18000/49410 top1=0.532 top5=0.930 ed=0.654 rr=0.698 (324s)
2026-09-16 12:33:43 INFO [gcn] 18500/49410 top1=0.531 top5=0.929 ed=0.657 rr=0.697 (328s)
2026-09-16 12:33:47 INFO [gcn] 19000/49410 top1=0.530 top5=0.928 ed=0.659 rr=0.696 (331s)
2026-09-16 12:33:50 INFO [gcn] 19500/49410 top1=0.528 top5=0.926 ed=0.662 rr=0.694 (335s)
2026-09-16 12:33:54 INFO [gcn] 20000/49410 top1=0.526 top5=0.924 ed=0.666 rr=0.692 (339s)
2026-09-16 12:33:58 INFO [gcn] 20500/49410 top1=0.523 top5=0.921 ed=0.670 rr=0.689 (342s)
2026-09-16 12:34:01 INFO [gcn] 21000/49410 top1=0.523 top5=0.921 ed=0.670 rr=0.689 (346s)
2026-09-16 12:34:05 INFO [gcn] 21500/49410 top1=0.521 top5=0.919 ed=0.675 rr=0.687 (349s)
2026-09-16 12:34:08 INFO [gcn] 22000/49410 top1=0.523 top5=0.919 ed=0.671 rr=0.689 (352s)
2026-09-16 12:34:11 INFO [gcn] 22500/49410 top1=0.523 top5=0.919 ed=0.670 rr=0.689 (356s)
2026-09-16 12:34:15 INFO [gcn] 23000/49410 top1=0.523 top5=0.920 ed=0.669 rr=0.688 (359s)
2026-09-16 12:34:19 INFO [gcn] 23500/49410 top1=0.524 top5=0.920 ed=0.667 rr=0.689 (363s)
2026-09-16 12:34:22 INFO [gcn] 24000/49410 top1=0.526 top5=0.921 ed=0.663 rr=0.691 (367s)
2026-09-16 12:34:26 INFO [gcn] 24500/49410 top1=0.526 top5=0.920 ed=0.660 rr=0.691 (370s)
2026-09-16 12:34:29 INFO [gcn] 25000/49410 top1=0.527 top5=0.920 ed=0.658 rr=0.691 (374s)
2026-09-16 12:34:33 INFO [gcn] 25500/49410 top1=0.530 top5=0.921 ed=0.655 rr=0.693 (377s)
2026-09-16 12:34:37 INFO [gcn] 26000/49410 top1=0.531 top5=0.921 ed=0.652 rr=0.694 (381s)
2026-09-16 12:34:40 INFO [gcn] 26500/49410 top1=0.533 top5=0.922 ed=0.649 rr=0.695 (385s)
2026-09-16 12:34:44 INFO [gcn] 27000/49410 top1=0.533 top5=0.922 ed=0.650 rr=0.695 (388s)
2026-09-16 12:34:47 INFO [gcn] 27500/49410 top1=0.532 top5=0.922 ed=0.651 rr=0.694 (392s)
2026-09-16 12:34:51 INFO [gcn] 28000/49410 top1=0.531 top5=0.922 ed=0.653 rr=0.694 (395s)
2026-09-16 12:34:54 INFO [gcn] 28500/49410 top1=0.531 top5=0.922 ed=0.653 rr=0.693 (399s)
2026-09-16 12:34:58 INFO [gcn] 29000/49410 top1=0.532 top5=0.922 ed=0.650 rr=0.694 (402s)
2026-09-16 12:35:01 INFO [gcn] 29500/49410 top1=0.533 top5=0.923 ed=0.647 rr=0.696 (406s)
2026-09-16 12:35:05 INFO [gcn] 30000/49410 top1=0.535 top5=0.924 ed=0.644 rr=0.697 (409s)
2026-09-16 12:35:08 INFO [gcn] 30500/49410 top1=0.536 top5=0.925 ed=0.641 rr=0.698 (413s)
2026-09-16 12:35:12 INFO [gcn] 31000/49410 top1=0.538 top5=0.926 ed=0.638 rr=0.700 (417s)
2026-09-16 12:35:16 INFO [gcn] 31500/49410 top1=0.540 top5=0.927 ed=0.634 rr=0.701 (420s)
2026-09-16 12:35:19 INFO [gcn] 32000/49410 top1=0.539 top5=0.927 ed=0.635 rr=0.701 (424s)
2026-09-16 12:35:23 INFO [gcn] 32500/49410 top1=0.539 top5=0.926 ed=0.637 rr=0.700 (427s)
2026-09-16 12:35:26 INFO [gcn] 33000/49410 top1=0.539 top5=0.927 ed=0.635 rr=0.701 (431s)
2026-09-16 12:35:30 INFO [gcn] 33500/49410 top1=0.539 top5=0.927 ed=0.636 rr=0.700 (434s)
2026-09-16 12:35:33 INFO [gcn] 34000/49410 top1=0.538 top5=0.927 ed=0.636 rr=0.700 (438s)
2026-09-16 12:35:37 INFO [gcn] 34500/49410 top1=0.538 top5=0.927 ed=0.636 rr=0.700 (441s)
2026-09-16 12:35:40 INFO [gcn] 35000/49410 top1=0.539 top5=0.928 ed=0.635 rr=0.701 (445s)
2026-09-16 12:35:44 INFO [gcn] 35500/49410 top1=0.539 top5=0.928 ed=0.635 rr=0.701 (448s)
2026-09-16 12:35:47 INFO [gcn] 36000/49410 top1=0.538 top5=0.928 ed=0.635 rr=0.700 (452s)
2026-09-16 12:35:51 INFO [gcn] 36500/49410 top1=0.539 top5=0.928 ed=0.633 rr=0.701 (456s)
2026-09-16 12:35:55 INFO [gcn] 37000/49410 top1=0.540 top5=0.929 ed=0.632 rr=0.702 (459s)
2026-09-16 12:35:58 INFO [gcn] 37500/49410 top1=0.541 top5=0.929 ed=0.630 rr=0.703 (463s)
2026-09-16 12:36:02 INFO [gcn] 38000/49410 top1=0.542 top5=0.930 ed=0.628 rr=0.704 (466s)
2026-09-16 12:36:05 INFO [gcn] 38500/49410 top1=0.540 top5=0.926 ed=0.632 rr=0.701 (470s)
2026-09-16 12:36:09 INFO [gcn] 39000/49410 top1=0.540 top5=0.924 ed=0.634 rr=0.700 (474s)
2026-09-16 12:36:13 INFO [gcn] 39500/49410 top1=0.540 top5=0.924 ed=0.633 rr=0.701 (477s)
2026-09-16 12:36:16 INFO [gcn] 40000/49410 top1=0.541 top5=0.925 ed=0.632 rr=0.701 (481s)
2026-09-16 12:36:20 INFO [gcn] 40500/49410 top1=0.541 top5=0.925 ed=0.631 rr=0.702 (484s)
2026-09-16 12:36:24 INFO [gcn] 41000/49410 top1=0.542 top5=0.926 ed=0.630 rr=0.702 (488s)
2026-09-16 12:36:28 INFO [gcn] 41500/49410 top1=0.543 top5=0.927 ed=0.628 rr=0.703 (492s)
2026-09-16 12:36:31 INFO [gcn] 42000/49410 top1=0.544 top5=0.927 ed=0.627 rr=0.704 (496s)
2026-09-16 12:36:35 INFO [gcn] 42500/49410 top1=0.544 top5=0.928 ed=0.626 rr=0.704 (500s)
2026-09-16 12:36:39 INFO [gcn] 43000/49410 top1=0.545 top5=0.928 ed=0.624 rr=0.705 (503s)
2026-09-16 12:36:43 INFO [gcn] 43500/49410 top1=0.545 top5=0.928 ed=0.625 rr=0.705 (507s)
2026-09-16 12:36:46 INFO [gcn] 44000/49410 top1=0.545 top5=0.929 ed=0.624 rr=0.705 (511s)
2026-09-16 12:36:50 INFO [gcn] 44500/49410 top1=0.545 top5=0.929 ed=0.625 rr=0.705 (514s)
2026-09-16 12:36:54 INFO [gcn] 45000/49410 top1=0.545 top5=0.929 ed=0.625 rr=0.705 (518s)
2026-09-16 12:36:57 INFO [gcn] 45500/49410 top1=0.545 top5=0.929 ed=0.625 rr=0.705 (522s)
2026-09-16 12:37:01 INFO [gcn] 46000/49410 top1=0.545 top5=0.929 ed=0.625 rr=0.705 (525s)
2026-09-16 12:37:05 INFO [gcn] 46500/49410 top1=0.547 top5=0.929 ed=0.624 rr=0.706 (529s)
2026-09-16 12:37:08 INFO [gcn] 47000/49410 top1=0.546 top5=0.929 ed=0.625 rr=0.705 (533s)
2026-09-16 12:37:12 INFO [gcn] 47500/49410 top1=0.546 top5=0.929 ed=0.624 rr=0.706 (536s)
2026-09-16 12:37:15 INFO [gcn] 48000/49410 top1=0.546 top5=0.929 ed=0.624 rr=0.706 (540s)
2026-09-16 12:37:19 INFO [gcn] 48500/49410 top1=0.546 top5=0.929 ed=0.625 rr=0.705 (543s)
2026-09-16 12:37:23 INFO [gcn] 49000/49410 top1=0.546 top5=0.929 ed=0.625 rr=0.705 (547s)
2026-09-16 12:37:26 INFO RESULT powergrid gcn: top1=0.5462 top3=0.8422 top5=0.9288 ed=0.6246 rr=0.7056 css=3.97 fit=15598.5s infer=0.01113s/inst
2026-09-16 12:37:26 INFO === method gcn_skip ===
scripts/run_source_all.sh: line 13: 19118 Killed                  python3 -m trace_e.eval.run_source --network "$NET" --methods "$METHODS" --test-sims "$TS" $EXTRA
=== ba:2000:m=2 ===
2026-09-16 12:41:55 INFO run source_ba-2000-m=2_20260916T124155Z_3939 started, dir=/home/user/trace_e/results/runs/source_ba-2000-m=2_20260916T124155Z_3939
2026-09-16 12:41:55 INFO network ba:2000:m=2: {'n_nodes': 2000, 'n_edges': 3996, 'avg_degree': 3.996, 'n_components': 1, 'lcc_size': 2000}
2026-09-16 12:42:05 INFO train: 20000 outbreaks, avg size 325.42, singletons 4936 (10.0s)
2026-09-16 12:42:10 INFO test: 20000 outbreaks, avg size 160.63, singletons 4677 (5.7s)
2026-09-16 12:42:10 INFO === method random ===
2026-09-16 12:42:14 INFO [random] 500/20000 top1=0.100 top5=0.136 ed=2.674 rr=0.102 (4s)
2026-09-16 12:42:16 INFO [random] 1000/20000 top1=0.113 top5=0.164 ed=2.694 rr=0.120 (5s)
2026-09-16 12:42:17 INFO [random] 1500/20000 top1=0.135 top5=0.198 ed=2.679 rr=0.146 (7s)
2026-09-16 12:42:19 INFO [random] 2000/20000 top1=0.157 top5=0.237 ed=2.615 rr=0.173 (9s)
2026-09-16 12:42:21 INFO [random] 2500/20000 top1=0.166 top5=0.245 ed=2.597 rr=0.183 (11s)
2026-09-16 12:42:23 INFO [random] 3000/20000 top1=0.175 top5=0.262 ed=2.580 rr=0.195 (12s)
2026-09-16 12:42:25 INFO [random] 3500/20000 top1=0.178 top5=0.274 ed=2.577 rr=0.201 (14s)
2026-09-16 12:42:26 INFO [random] 4000/20000 top1=0.183 top5=0.284 ed=2.567 rr=0.209 (16s)
2026-09-16 12:42:28 INFO [random] 4500/20000 top1=0.192 top5=0.296 ed=2.554 rr=0.217 (18s)
2026-09-16 12:42:30 INFO [random] 5000/20000 top1=0.197 top5=0.307 ed=2.524 rr=0.225 (19s)
2026-09-16 12:42:31 INFO [random] 5500/20000 top1=0.204 top5=0.315 ed=2.517 rr=0.231 (21s)
2026-09-16 12:42:33 INFO [random] 6000/20000 top1=0.209 top5=0.325 ed=2.497 rr=0.237 (23s)
2026-09-16 12:42:35 INFO [random] 6500/20000 top1=0.213 top5=0.332 ed=2.485 rr=0.242 (24s)
2026-09-16 12:42:37 INFO [random] 7000/20000 top1=0.219 top5=0.341 ed=2.469 rr=0.248 (26s)
2026-09-16 12:42:38 INFO [random] 7500/20000 top1=0.221 top5=0.345 ed=2.458 rr=0.252 (28s)
2026-09-16 12:42:40 INFO [random] 8000/20000 top1=0.227 top5=0.354 ed=2.441 rr=0.258 (30s)
2026-09-16 12:42:42 INFO [random] 8500/20000 top1=0.229 top5=0.358 ed=2.439 rr=0.260 (31s)
2026-09-16 12:42:43 INFO [random] 9000/20000 top1=0.235 top5=0.365 ed=2.423 rr=0.267 (33s)
2026-09-16 12:42:45 INFO [random] 9500/20000 top1=0.239 top5=0.372 ed=2.408 rr=0.271 (34s)
2026-09-16 12:42:47 INFO [random] 10000/20000 top1=0.245 top5=0.379 ed=2.397 rr=0.277 (36s)
2026-09-16 12:42:48 INFO [random] 10500/20000 top1=0.250 top5=0.385 ed=2.381 rr=0.283 (38s)
2026-09-16 12:42:50 INFO [random] 11000/20000 top1=0.254 top5=0.390 ed=2.367 rr=0.287 (39s)
2026-09-16 12:42:52 INFO [random] 11500/20000 top1=0.258 top5=0.396 ed=2.351 rr=0.291 (41s)
2026-09-16 12:42:53 INFO [random] 12000/20000 top1=0.263 top5=0.402 ed=2.333 rr=0.296 (43s)
2026-09-16 12:42:55 INFO [random] 12500/20000 top1=0.265 top5=0.405 ed=2.327 rr=0.299 (45s)
2026-09-16 12:42:56 INFO [random] 13000/20000 top1=0.268 top5=0.409 ed=2.314 rr=0.302 (46s)
2026-09-16 12:42:58 INFO [random] 13500/20000 top1=0.270 top5=0.413 ed=2.307 rr=0.305 (48s)
2026-09-16 12:43:00 INFO [random] 14000/20000 top1=0.274 top5=0.417 ed=2.295 rr=0.309 (49s)
2026-09-16 12:43:01 INFO [random] 14500/20000 top1=0.277 top5=0.422 ed=2.287 rr=0.312 (51s)
2026-09-16 12:43:03 INFO [random] 15000/20000 top1=0.279 top5=0.425 ed=2.280 rr=0.315 (53s)
2026-09-16 12:43:05 INFO [random] 15500/20000 top1=0.282 top5=0.430 ed=2.268 rr=0.318 (54s)
2026-09-16 12:43:06 INFO [random] 16000/20000 top1=0.285 top5=0.433 ed=2.261 rr=0.320 (56s)
2026-09-16 12:43:08 INFO [random] 16500/20000 top1=0.287 top5=0.436 ed=2.255 rr=0.323 (58s)
2026-09-16 12:43:10 INFO [random] 17000/20000 top1=0.290 top5=0.440 ed=2.245 rr=0.326 (59s)
2026-09-16 12:43:11 INFO [random] 17500/20000 top1=0.293 top5=0.444 ed=2.233 rr=0.329 (61s)
2026-09-16 12:43:13 INFO [random] 18000/20000 top1=0.295 top5=0.447 ed=2.224 rr=0.332 (63s)
2026-09-16 12:43:14 INFO [random] 18500/20000 top1=0.297 top5=0.450 ed=2.219 rr=0.334 (64s)
2026-09-16 12:43:16 INFO [random] 19000/20000 top1=0.299 top5=0.453 ed=2.213 rr=0.337 (66s)
2026-09-16 12:43:18 INFO [random] 19500/20000 top1=0.301 top5=0.457 ed=2.204 rr=0.340 (67s)
2026-09-16 12:43:19 INFO [random] 20000/20000 top1=0.304 top5=0.460 ed=2.196 rr=0.342 (69s)
2026-09-16 12:43:20 INFO RESULT ba:2000:m=2 random: top1=0.3036 top3=0.4116 top5=0.4595 ed=2.1963 rr=0.3418 css=144.92 fit=0.0s infer=0.00345s/inst
2026-09-16 12:43:20 INFO === method degree ===
2026-09-16 12:43:24 INFO [degree] 500/20000 top1=0.128 top5=0.340 ed=1.524 rr=0.239 (5s)
2026-09-16 12:43:26 INFO [degree] 1000/20000 top1=0.144 top5=0.289 ed=1.610 rr=0.228 (6s)
2026-09-16 12:43:28 INFO [degree] 1500/20000 top1=0.165 top5=0.307 ed=1.635 rr=0.245 (8s)
2026-09-16 12:43:29 INFO [degree] 2000/20000 top1=0.186 top5=0.324 ed=1.629 rr=0.260 (10s)
2026-09-16 12:43:31 INFO [degree] 2500/20000 top1=0.192 top5=0.328 ed=1.630 rr=0.266 (11s)
2026-09-16 12:43:33 INFO [degree] 3000/20000 top1=0.204 top5=0.342 ed=1.627 rr=0.276 (13s)
2026-09-16 12:43:34 INFO [degree] 3500/20000 top1=0.206 top5=0.344 ed=1.644 rr=0.277 (15s)
2026-09-16 12:43:36 INFO [degree] 4000/20000 top1=0.210 top5=0.349 ed=1.641 rr=0.282 (16s)
2026-09-16 12:43:37 INFO [degree] 4500/20000 top1=0.216 top5=0.356 ed=1.644 rr=0.288 (18s)
2026-09-16 12:43:39 INFO [degree] 5000/20000 top1=0.223 top5=0.365 ed=1.626 rr=0.295 (19s)
2026-09-16 12:43:41 INFO [degree] 5500/20000 top1=0.227 top5=0.370 ed=1.628 rr=0.299 (21s)
2026-09-16 12:43:42 INFO [degree] 6000/20000 top1=0.230 top5=0.376 ed=1.623 rr=0.303 (23s)
2026-09-16 12:43:44 INFO [degree] 6500/20000 top1=0.234 top5=0.380 ed=1.620 rr=0.306 (24s)
2026-09-16 12:43:46 INFO [degree] 7000/20000 top1=0.239 top5=0.387 ed=1.615 rr=0.312 (26s)
2026-09-16 12:43:47 INFO [degree] 7500/20000 top1=0.241 top5=0.391 ed=1.613 rr=0.314 (28s)
2026-09-16 12:43:49 INFO [degree] 8000/20000 top1=0.246 top5=0.399 ed=1.602 rr=0.319 (29s)
2026-09-16 12:43:50 INFO [degree] 8500/20000 top1=0.247 top5=0.400 ed=1.599 rr=0.320 (31s)
2026-09-16 12:43:52 INFO [degree] 9000/20000 top1=0.252 top5=0.404 ed=1.593 rr=0.324 (33s)
2026-09-16 12:43:54 INFO [degree] 9500/20000 top1=0.256 top5=0.410 ed=1.585 rr=0.329 (34s)
2026-09-16 12:43:55 INFO [degree] 10000/20000 top1=0.260 top5=0.416 ed=1.579 rr=0.333 (36s)
2026-09-16 12:43:57 INFO [degree] 10500/20000 top1=0.264 top5=0.420 ed=1.572 rr=0.337 (37s)
2026-09-16 12:43:59 INFO [degree] 11000/20000 top1=0.266 top5=0.424 ed=1.570 rr=0.340 (39s)
2026-09-16 12:44:00 INFO [degree] 11500/20000 top1=0.270 top5=0.429 ed=1.562 rr=0.344 (41s)
2026-09-16 12:44:02 INFO [degree] 12000/20000 top1=0.274 top5=0.433 ed=1.554 rr=0.348 (42s)
2026-09-16 12:44:04 INFO [degree] 12500/20000 top1=0.275 top5=0.435 ed=1.553 rr=0.349 (44s)
2026-09-16 12:44:05 INFO [degree] 13000/20000 top1=0.278 top5=0.439 ed=1.546 rr=0.351 (46s)
2026-09-16 12:44:07 INFO [degree] 13500/20000 top1=0.279 top5=0.441 ed=1.546 rr=0.353 (47s)
2026-09-16 12:44:09 INFO [degree] 14000/20000 top1=0.282 top5=0.445 ed=1.540 rr=0.356 (49s)
2026-09-16 12:44:10 INFO [degree] 14500/20000 top1=0.284 top5=0.447 ed=1.538 rr=0.358 (51s)
2026-09-16 12:44:12 INFO [degree] 15000/20000 top1=0.286 top5=0.450 ed=1.537 rr=0.360 (52s)
2026-09-16 12:44:13 INFO [degree] 15500/20000 top1=0.289 top5=0.453 ed=1.533 rr=0.362 (54s)
2026-09-16 12:44:15 INFO [degree] 16000/20000 top1=0.290 top5=0.455 ed=1.531 rr=0.364 (55s)
2026-09-16 12:44:17 INFO [degree] 16500/20000 top1=0.292 top5=0.457 ed=1.529 rr=0.366 (57s)
2026-09-16 12:44:18 INFO [degree] 17000/20000 top1=0.294 top5=0.459 ed=1.526 rr=0.368 (59s)
2026-09-16 12:44:20 INFO [degree] 17500/20000 top1=0.297 top5=0.463 ed=1.520 rr=0.371 (60s)
2026-09-16 12:44:22 INFO [degree] 18000/20000 top1=0.299 top5=0.465 ed=1.514 rr=0.373 (62s)
2026-09-16 12:44:23 INFO [degree] 18500/20000 top1=0.300 top5=0.466 ed=1.513 rr=0.374 (64s)
2026-09-16 12:44:25 INFO [degree] 19000/20000 top1=0.302 top5=0.468 ed=1.511 rr=0.376 (65s)
2026-09-16 12:44:27 INFO [degree] 19500/20000 top1=0.304 top5=0.471 ed=1.507 rr=0.378 (67s)
2026-09-16 12:44:28 INFO [degree] 20000/20000 top1=0.306 top5=0.473 ed=1.504 rr=0.379 (69s)
2026-09-16 12:44:29 INFO RESULT ba:2000:m=2 degree: top1=0.3055 top3=0.4209 top5=0.4726 ed=1.5036 rr=0.3791 fit=0.0s infer=0.00344s/inst
2026-09-16 12:44:29 INFO === method jordan ===
2026-09-16 13:00:28 INFO [jordan] 500/20000 top1=0.140 top5=0.294 ed=1.690 rr=0.185 (960s)
2026-09-16 13:00:30 INFO [jordan] 1000/20000 top1=0.152 top5=0.268 ed=1.738 rr=0.190 (961s)
2026-09-16 13:00:31 INFO [jordan] 1500/20000 top1=0.170 top5=0.293 ed=1.743 rr=0.214 (963s)
2026-09-16 13:00:33 INFO [jordan] 2000/20000 top1=0.190 top5=0.315 ed=1.727 rr=0.235 (965s)
2026-09-16 13:00:35 INFO [jordan] 2500/20000 top1=0.203 top5=0.327 ed=1.732 rr=0.246 (966s)
2026-09-16 13:00:36 INFO [jordan] 3000/20000 top1=0.211 top5=0.340 ed=1.718 rr=0.257 (968s)
2026-09-16 13:00:38 INFO [jordan] 3500/20000 top1=0.215 top5=0.345 ed=1.727 rr=0.262 (969s)
2026-09-16 13:00:39 INFO [jordan] 4000/20000 top1=0.219 top5=0.352 ed=1.722 rr=0.269 (971s)
2026-09-16 13:00:41 INFO [jordan] 4500/20000 top1=0.225 top5=0.359 ed=1.721 rr=0.275 (973s)
2026-09-16 13:00:43 INFO [jordan] 5000/20000 top1=0.232 top5=0.370 ed=1.699 rr=0.285 (974s)
2026-09-16 13:00:44 INFO [jordan] 5500/20000 top1=0.235 top5=0.374 ed=1.700 rr=0.289 (976s)
2026-09-16 13:00:46 INFO [jordan] 6000/20000 top1=0.240 top5=0.381 ed=1.693 rr=0.294 (977s)
2026-09-16 13:00:48 INFO [jordan] 6500/20000 top1=0.243 top5=0.386 ed=1.687 rr=0.298 (979s)
2026-09-16 13:00:49 INFO [jordan] 7000/20000 top1=0.249 top5=0.393 ed=1.680 rr=0.304 (981s)
2026-09-16 13:00:51 INFO [jordan] 7500/20000 top1=0.252 top5=0.398 ed=1.671 rr=0.308 (982s)
2026-09-16 13:00:52 INFO [jordan] 8000/20000 top1=0.257 top5=0.406 ed=1.659 rr=0.313 (984s)
2026-09-16 13:00:54 INFO [jordan] 8500/20000 top1=0.258 top5=0.406 ed=1.660 rr=0.314 (985s)
2026-09-16 13:00:56 INFO [jordan] 9000/20000 top1=0.263 top5=0.412 ed=1.652 rr=0.320 (987s)
2026-09-16 13:00:57 INFO [jordan] 9500/20000 top1=0.267 top5=0.417 ed=1.643 rr=0.325 (989s)
2026-09-16 13:00:59 INFO [jordan] 10000/20000 top1=0.271 top5=0.422 ed=1.635 rr=0.329 (990s)
2026-09-16 13:01:01 INFO [jordan] 10500/20000 top1=0.275 top5=0.428 ed=1.625 rr=0.334 (992s)
2026-09-16 13:01:02 INFO [jordan] 11000/20000 top1=0.279 top5=0.432 ed=1.619 rr=0.338 (994s)
2026-09-16 13:01:04 INFO [jordan] 11500/20000 top1=0.283 top5=0.438 ed=1.609 rr=0.342 (995s)
2026-09-16 13:01:05 INFO [jordan] 12000/20000 top1=0.286 top5=0.442 ed=1.602 rr=0.346 (997s)
2026-09-16 13:01:07 INFO [jordan] 12500/20000 top1=0.288 top5=0.445 ed=1.601 rr=0.348 (998s)
2026-09-16 13:01:09 INFO [jordan] 13000/20000 top1=0.292 top5=0.449 ed=1.593 rr=0.352 (1000s)
2026-09-16 13:01:10 INFO [jordan] 13500/20000 top1=0.293 top5=0.452 ed=1.590 rr=0.354 (1002s)
2026-09-16 13:01:12 INFO [jordan] 14000/20000 top1=0.296 top5=0.456 ed=1.582 rr=0.357 (1003s)
2026-09-16 13:01:14 INFO [jordan] 14500/20000 top1=0.298 top5=0.459 ed=1.579 rr=0.359 (1005s)
2026-09-16 13:01:15 INFO [jordan] 15000/20000 top1=0.300 top5=0.462 ed=1.572 rr=0.362 (1007s)
2026-09-16 13:01:17 INFO [jordan] 15500/20000 top1=0.302 top5=0.466 ed=1.567 rr=0.365 (1008s)
2026-09-16 13:01:18 INFO [jordan] 16000/20000 top1=0.304 top5=0.468 ed=1.565 rr=0.367 (1010s)
2026-09-16 13:01:20 INFO [jordan] 16500/20000 top1=0.305 top5=0.470 ed=1.561 rr=0.369 (1012s)
2026-09-16 13:01:22 INFO [jordan] 17000/20000 top1=0.307 top5=0.472 ed=1.556 rr=0.371 (1013s)
2026-09-16 13:01:23 INFO [jordan] 17500/20000 top1=0.311 top5=0.476 ed=1.549 rr=0.375 (1015s)
2026-09-16 13:01:25 INFO [jordan] 18000/20000 top1=0.313 top5=0.478 ed=1.544 rr=0.377 (1017s)
2026-09-16 13:01:27 INFO [jordan] 18500/20000 top1=0.315 top5=0.480 ed=1.542 rr=0.379 (1018s)
2026-09-16 13:01:28 INFO [jordan] 19000/20000 top1=0.316 top5=0.483 ed=1.538 rr=0.381 (1020s)
2026-09-16 13:01:30 INFO [jordan] 19500/20000 top1=0.318 top5=0.486 ed=1.534 rr=0.383 (1021s)
2026-09-16 13:01:32 INFO [jordan] 20000/20000 top1=0.320 top5=0.488 ed=1.530 rr=0.385 (1023s)
2026-09-16 13:01:32 INFO RESULT ba:2000:m=2 jordan: top1=0.3196 top3=0.4404 top5=0.4878 ed=1.5296 rr=0.3846 fit=0.0s infer=0.05115s/inst
2026-09-16 13:01:32 INFO === method distance ===
Terminated
=== er:2000 ===
2026-09-16 13:11:20 INFO run source_er-2000_20260916T131120Z_5082 started, dir=/home/user/trace_e/results/runs/source_er-2000_20260916T131120Z_5082
2026-09-16 13:11:20 INFO network er:2000: {'n_nodes': 2000, 'n_edges': 4086, 'avg_degree': 4.086, 'n_components': 50, 'lcc_size': 1947}
2026-09-16 13:11:24 INFO train: 20000 outbreaks, avg size 108.71, singletons 4602 (4.0s)
2026-09-16 13:11:25 INFO test: 20000 outbreaks, avg size 21.87, singletons 4381 (1.2s)
2026-09-16 13:11:25 INFO === method random ===
2026-09-16 13:11:29 INFO [random] 500/20000 top1=0.330 top5=0.570 ed=1.872 rr=0.398 (4s)
2026-09-16 13:11:30 INFO [random] 1000/20000 top1=0.316 top5=0.559 ed=1.912 rr=0.377 (5s)
2026-09-16 13:11:32 INFO [random] 1500/20000 top1=0.320 top5=0.557 ed=1.937 rr=0.378 (7s)
2026-09-16 13:11:33 INFO [random] 2000/20000 top1=0.322 top5=0.561 ed=1.950 rr=0.381 (9s)
2026-09-16 13:11:35 INFO [random] 2500/20000 top1=0.324 top5=0.565 ed=1.963 rr=0.380 (10s)
2026-09-16 13:11:37 INFO [random] 3000/20000 top1=0.323 top5=0.561 ed=1.971 rr=0.379 (12s)
2026-09-16 13:11:38 INFO [random] 3500/20000 top1=0.319 top5=0.555 ed=1.981 rr=0.374 (14s)
2026-09-16 13:11:40 INFO [random] 4000/20000 top1=0.313 top5=0.556 ed=1.984 rr=0.370 (15s)
2026-09-16 13:11:42 INFO [random] 4500/20000 top1=0.316 top5=0.554 ed=1.996 rr=0.370 (17s)
2026-09-16 13:11:43 INFO [random] 5000/20000 top1=0.311 top5=0.550 ed=2.014 rr=0.365 (19s)
2026-09-16 13:11:45 INFO [random] 5500/20000 top1=0.305 top5=0.544 ed=2.034 rr=0.359 (20s)
2026-09-16 13:11:47 INFO [random] 6000/20000 top1=0.306 top5=0.547 ed=2.030 rr=0.361 (22s)
2026-09-16 13:11:48 INFO [random] 6500/20000 top1=0.307 top5=0.549 ed=2.028 rr=0.362 (23s)
2026-09-16 13:11:50 INFO [random] 7000/20000 top1=0.309 top5=0.550 ed=2.021 rr=0.364 (25s)
2026-09-16 13:11:52 INFO [random] 7500/20000 top1=0.307 top5=0.548 ed=2.031 rr=0.362 (27s)
2026-09-16 13:11:53 INFO [random] 8000/20000 top1=0.308 top5=0.552 ed=2.022 rr=0.363 (28s)
2026-09-16 13:11:55 INFO [random] 8500/20000 top1=0.307 top5=0.548 ed=2.027 rr=0.362 (30s)
2026-09-16 13:11:56 INFO [random] 9000/20000 top1=0.308 top5=0.546 ed=2.020 rr=0.363 (32s)
2026-09-16 13:11:58 INFO [random] 9500/20000 top1=0.310 top5=0.547 ed=2.019 rr=0.365 (33s)
2026-09-16 13:12:00 INFO [random] 10000/20000 top1=0.310 top5=0.547 ed=2.012 rr=0.365 (35s)
2026-09-16 13:12:01 INFO [random] 10500/20000 top1=0.310 top5=0.547 ed=2.009 rr=0.365 (37s)
2026-09-16 13:12:03 INFO [random] 11000/20000 top1=0.312 top5=0.548 ed=2.004 rr=0.366 (38s)
2026-09-16 13:12:05 INFO [random] 11500/20000 top1=0.311 top5=0.548 ed=2.008 rr=0.367 (40s)
2026-09-16 13:12:06 INFO [random] 12000/20000 top1=0.311 top5=0.548 ed=2.012 rr=0.366 (41s)
2026-09-16 13:12:08 INFO [random] 12500/20000 top1=0.308 top5=0.545 ed=2.024 rr=0.364 (43s)
2026-09-16 13:12:09 INFO [random] 13000/20000 top1=0.308 top5=0.545 ed=2.023 rr=0.364 (45s)
2026-09-16 13:12:11 INFO [random] 13500/20000 top1=0.309 top5=0.546 ed=2.017 rr=0.365 (46s)
2026-09-16 13:12:13 INFO [random] 14000/20000 top1=0.309 top5=0.546 ed=2.016 rr=0.365 (48s)
2026-09-16 13:12:14 INFO [random] 14500/20000 top1=0.308 top5=0.546 ed=2.014 rr=0.365 (50s)
2026-09-16 13:12:16 INFO [random] 15000/20000 top1=0.308 top5=0.547 ed=2.011 rr=0.365 (51s)
2026-09-16 13:12:18 INFO [random] 15500/20000 top1=0.309 top5=0.547 ed=2.005 rr=0.365 (53s)
2026-09-16 13:12:19 INFO [random] 16000/20000 top1=0.308 top5=0.545 ed=2.013 rr=0.364 (55s)
2026-09-16 13:12:21 INFO [random] 16500/20000 top1=0.306 top5=0.544 ed=2.020 rr=0.362 (56s)
2026-09-16 13:12:23 INFO [random] 17000/20000 top1=0.307 top5=0.544 ed=2.020 rr=0.362 (58s)
2026-09-16 13:12:24 INFO [random] 17500/20000 top1=0.308 top5=0.545 ed=2.015 rr=0.363 (60s)
2026-09-16 13:12:26 INFO [random] 18000/20000 top1=0.307 top5=0.545 ed=2.013 rr=0.362 (61s)
2026-09-16 13:12:28 INFO [random] 18500/20000 top1=0.307 top5=0.545 ed=2.013 rr=0.362 (63s)
2026-09-16 13:12:30 INFO [random] 19000/20000 top1=0.308 top5=0.546 ed=2.008 rr=0.363 (65s)
2026-09-16 13:12:31 INFO [random] 19500/20000 top1=0.307 top5=0.545 ed=2.011 rr=0.362 (67s)
2026-09-16 13:12:33 INFO [random] 20000/20000 top1=0.307 top5=0.544 ed=2.011 rr=0.362 (68s)
2026-09-16 13:12:33 INFO RESULT er:2000 random: top1=0.3075 top3=0.4586 top5=0.5445 ed=2.0107 rr=0.3622 css=20.05 fit=0.0s infer=0.00341s/inst
2026-09-16 13:12:33 INFO === method degree ===
2026-09-16 13:12:37 INFO [degree] 500/20000 top1=0.420 top5=0.714 ed=1.136 rr=0.534 (4s)
2026-09-16 13:12:39 INFO [degree] 1000/20000 top1=0.399 top5=0.694 ed=1.184 rr=0.518 (5s)
2026-09-16 13:12:40 INFO [degree] 1500/20000 top1=0.397 top5=0.687 ed=1.186 rr=0.514 (7s)
2026-09-16 13:12:42 INFO [degree] 2000/20000 top1=0.392 top5=0.690 ed=1.196 rr=0.510 (8s)
2026-09-16 13:12:43 INFO [degree] 2500/20000 top1=0.384 top5=0.695 ed=1.205 rr=0.507 (10s)
2026-09-16 13:12:45 INFO [degree] 3000/20000 top1=0.384 top5=0.695 ed=1.205 rr=0.505 (12s)
2026-09-16 13:12:46 INFO [degree] 3500/20000 top1=0.376 top5=0.685 ed=1.219 rr=0.500 (13s)
2026-09-16 13:12:48 INFO [degree] 4000/20000 top1=0.373 top5=0.687 ed=1.220 rr=0.498 (15s)
2026-09-16 13:12:50 INFO [degree] 4500/20000 top1=0.374 top5=0.686 ed=1.218 rr=0.498 (16s)
2026-09-16 13:12:51 INFO [degree] 5000/20000 top1=0.373 top5=0.684 ed=1.226 rr=0.496 (18s)
2026-09-16 13:12:53 INFO [degree] 5500/20000 top1=0.370 top5=0.686 ed=1.231 rr=0.495 (20s)
2026-09-16 13:12:55 INFO [degree] 6000/20000 top1=0.372 top5=0.690 ed=1.231 rr=0.497 (21s)
2026-09-16 13:12:56 INFO [degree] 6500/20000 top1=0.370 top5=0.689 ed=1.239 rr=0.496 (23s)
2026-09-16 13:12:58 INFO [degree] 7000/20000 top1=0.370 top5=0.687 ed=1.241 rr=0.495 (25s)
2026-09-16 13:13:00 INFO [degree] 7500/20000 top1=0.370 top5=0.687 ed=1.247 rr=0.494 (26s)
2026-09-16 13:13:01 INFO [degree] 8000/20000 top1=0.372 top5=0.689 ed=1.243 rr=0.495 (28s)
2026-09-16 13:13:03 INFO [degree] 8500/20000 top1=0.373 top5=0.689 ed=1.240 rr=0.495 (30s)
2026-09-16 13:13:04 INFO [degree] 9000/20000 top1=0.375 top5=0.690 ed=1.235 rr=0.497 (31s)
2026-09-16 13:13:06 INFO [degree] 9500/20000 top1=0.377 top5=0.690 ed=1.233 rr=0.499 (33s)
2026-09-16 13:13:08 INFO [degree] 10000/20000 top1=0.378 top5=0.691 ed=1.228 rr=0.500 (35s)
2026-09-16 13:13:09 INFO [degree] 10500/20000 top1=0.378 top5=0.692 ed=1.229 rr=0.500 (36s)
2026-09-16 13:13:11 INFO [degree] 11000/20000 top1=0.379 top5=0.693 ed=1.228 rr=0.502 (38s)
2026-09-16 13:13:13 INFO [degree] 11500/20000 top1=0.380 top5=0.691 ed=1.229 rr=0.502 (39s)
2026-09-16 13:13:14 INFO [degree] 12000/20000 top1=0.378 top5=0.689 ed=1.233 rr=0.500 (41s)
2026-09-16 13:13:16 INFO [degree] 12500/20000 top1=0.377 top5=0.687 ed=1.235 rr=0.499 (43s)
2026-09-16 13:13:17 INFO [degree] 13000/20000 top1=0.375 top5=0.687 ed=1.238 rr=0.498 (44s)
2026-09-16 13:13:19 INFO [degree] 13500/20000 top1=0.376 top5=0.689 ed=1.234 rr=0.499 (46s)
2026-09-16 13:13:20 INFO [degree] 14000/20000 top1=0.377 top5=0.689 ed=1.235 rr=0.499 (47s)
2026-09-16 13:13:22 INFO [degree] 14500/20000 top1=0.375 top5=0.687 ed=1.236 rr=0.498 (49s)
2026-09-16 13:13:24 INFO [degree] 15000/20000 top1=0.375 top5=0.687 ed=1.236 rr=0.498 (51s)
2026-09-16 13:13:25 INFO [degree] 15500/20000 top1=0.375 top5=0.687 ed=1.236 rr=0.498 (52s)
2026-09-16 13:13:27 INFO [degree] 16000/20000 top1=0.373 top5=0.685 ed=1.239 rr=0.497 (54s)
2026-09-16 13:13:29 INFO [degree] 16500/20000 top1=0.370 top5=0.685 ed=1.244 rr=0.495 (55s)
2026-09-16 13:13:30 INFO [degree] 17000/20000 top1=0.370 top5=0.685 ed=1.243 rr=0.495 (57s)
2026-09-16 13:13:32 INFO [degree] 17500/20000 top1=0.370 top5=0.685 ed=1.243 rr=0.495 (59s)
2026-09-16 13:13:33 INFO [degree] 18000/20000 top1=0.370 top5=0.686 ed=1.244 rr=0.495 (60s)
2026-09-16 13:13:35 INFO [degree] 18500/20000 top1=0.370 top5=0.686 ed=1.244 rr=0.495 (62s)
2026-09-16 13:13:37 INFO [degree] 19000/20000 top1=0.370 top5=0.686 ed=1.243 rr=0.495 (64s)
2026-09-16 13:13:38 INFO [degree] 19500/20000 top1=0.369 top5=0.685 ed=1.246 rr=0.494 (65s)
2026-09-16 13:13:40 INFO [degree] 20000/20000 top1=0.369 top5=0.685 ed=1.248 rr=0.494 (67s)
2026-09-16 13:13:40 INFO RESULT er:2000 degree: top1=0.3689 top3=0.5766 top5=0.6852 ed=1.2484 rr=0.4943 fit=0.0s infer=0.00334s/inst
2026-09-16 13:13:40 INFO === method jordan ===
2026-09-16 13:13:57 INFO [jordan] 500/20000 top1=0.440 top5=0.776 ed=0.956 rr=0.556 (17s)
2026-09-16 13:13:59 INFO [jordan] 1000/20000 top1=0.408 top5=0.755 ed=1.027 rr=0.533 (19s)
2026-09-16 13:14:01 INFO [jordan] 1500/20000 top1=0.411 top5=0.751 ed=1.029 rr=0.534 (20s)
2026-09-16 13:14:02 INFO [jordan] 2000/20000 top1=0.399 top5=0.745 ed=1.038 rr=0.529 (22s)
2026-09-16 13:14:04 INFO [jordan] 2500/20000 top1=0.400 top5=0.745 ed=1.037 rr=0.529 (24s)
2026-09-16 13:14:05 INFO [jordan] 3000/20000 top1=0.398 top5=0.743 ed=1.051 rr=0.527 (25s)
2026-09-16 13:14:07 INFO [jordan] 3500/20000 top1=0.392 top5=0.739 ed=1.060 rr=0.522 (27s)
2026-09-16 13:14:09 INFO [jordan] 4000/20000 top1=0.389 top5=0.738 ed=1.064 rr=0.520 (28s)
2026-09-16 13:14:10 INFO [jordan] 4500/20000 top1=0.386 top5=0.738 ed=1.062 rr=0.519 (30s)
2026-09-16 13:14:12 INFO [jordan] 5000/20000 top1=0.383 top5=0.738 ed=1.071 rr=0.516 (32s)
2026-09-16 13:14:14 INFO [jordan] 5500/20000 top1=0.380 top5=0.736 ed=1.078 rr=0.513 (33s)
2026-09-16 13:14:15 INFO [jordan] 6000/20000 top1=0.382 top5=0.737 ed=1.080 rr=0.514 (35s)
2026-09-16 13:14:17 INFO [jordan] 6500/20000 top1=0.382 top5=0.735 ed=1.083 rr=0.514 (37s)
2026-09-16 13:14:18 INFO [jordan] 7000/20000 top1=0.384 top5=0.735 ed=1.080 rr=0.516 (38s)
2026-09-16 13:14:20 INFO [jordan] 7500/20000 top1=0.383 top5=0.734 ed=1.078 rr=0.515 (40s)
2026-09-16 13:14:22 INFO [jordan] 8000/20000 top1=0.384 top5=0.734 ed=1.075 rr=0.516 (42s)
2026-09-16 13:14:23 INFO [jordan] 8500/20000 top1=0.385 top5=0.735 ed=1.075 rr=0.516 (43s)
2026-09-16 13:14:25 INFO [jordan] 9000/20000 top1=0.388 top5=0.735 ed=1.071 rr=0.518 (45s)
2026-09-16 13:14:27 INFO [jordan] 9500/20000 top1=0.389 top5=0.737 ed=1.066 rr=0.519 (46s)
2026-09-16 13:14:28 INFO [jordan] 10000/20000 top1=0.390 top5=0.738 ed=1.062 rr=0.520 (48s)
2026-09-16 13:14:30 INFO [jordan] 10500/20000 top1=0.391 top5=0.739 ed=1.061 rr=0.520 (50s)
2026-09-16 13:14:32 INFO [jordan] 11000/20000 top1=0.391 top5=0.740 ed=1.060 rr=0.521 (51s)
2026-09-16 13:14:33 INFO [jordan] 11500/20000 top1=0.393 top5=0.738 ed=1.062 rr=0.521 (53s)
2026-09-16 13:14:35 INFO [jordan] 12000/20000 top1=0.391 top5=0.737 ed=1.065 rr=0.520 (55s)
2026-09-16 13:14:36 INFO [jordan] 12500/20000 top1=0.389 top5=0.734 ed=1.069 rr=0.518 (56s)
2026-09-16 13:14:38 INFO [jordan] 13000/20000 top1=0.388 top5=0.735 ed=1.069 rr=0.518 (58s)
2026-09-16 13:14:40 INFO [jordan] 13500/20000 top1=0.390 top5=0.736 ed=1.065 rr=0.519 (59s)
2026-09-16 13:14:41 INFO [jordan] 14000/20000 top1=0.391 top5=0.735 ed=1.065 rr=0.519 (61s)
2026-09-16 13:14:43 INFO [jordan] 14500/20000 top1=0.392 top5=0.735 ed=1.065 rr=0.519 (63s)
2026-09-16 13:14:45 INFO [jordan] 15000/20000 top1=0.390 top5=0.735 ed=1.066 rr=0.519 (64s)
2026-09-16 13:14:46 INFO [jordan] 15500/20000 top1=0.391 top5=0.735 ed=1.065 rr=0.519 (66s)
2026-09-16 13:14:48 INFO [jordan] 16000/20000 top1=0.389 top5=0.734 ed=1.069 rr=0.518 (68s)
2026-09-16 13:14:50 INFO [jordan] 16500/20000 top1=0.388 top5=0.732 ed=1.072 rr=0.516 (70s)
2026-09-16 13:14:52 INFO [jordan] 17000/20000 top1=0.387 top5=0.732 ed=1.070 rr=0.517 (72s)
2026-09-16 13:14:54 INFO [jordan] 17500/20000 top1=0.387 top5=0.732 ed=1.068 rr=0.517 (73s)
2026-09-16 13:14:55 INFO [jordan] 18000/20000 top1=0.387 top5=0.733 ed=1.070 rr=0.517 (75s)
2026-09-16 13:14:57 INFO [jordan] 18500/20000 top1=0.388 top5=0.733 ed=1.070 rr=0.517 (77s)
2026-09-16 13:14:59 INFO [jordan] 19000/20000 top1=0.389 top5=0.733 ed=1.069 rr=0.517 (78s)
2026-09-16 13:15:00 INFO [jordan] 19500/20000 top1=0.388 top5=0.734 ed=1.068 rr=0.517 (80s)
2026-09-16 13:15:02 INFO [jordan] 20000/20000 top1=0.388 top5=0.733 ed=1.070 rr=0.517 (82s)
2026-09-16 13:15:02 INFO RESULT er:2000 jordan: top1=0.3882 top3=0.6129 top5=0.7328 ed=1.0696 rr=0.5166 fit=0.0s infer=0.00409s/inst
2026-09-16 13:15:02 INFO === method distance ===
2026-09-16 13:15:19 INFO [distance] 500/20000 top1=0.462 top5=0.794 ed=0.878 rr=0.595 (17s)
2026-09-16 13:15:21 INFO [distance] 1000/20000 top1=0.437 top5=0.779 ed=0.937 rr=0.572 (18s)
2026-09-16 13:15:22 INFO [distance] 1500/20000 top1=0.430 top5=0.783 ed=0.937 rr=0.569 (20s)
2026-09-16 13:15:24 INFO [distance] 2000/20000 top1=0.425 top5=0.778 ed=0.943 rr=0.565 (21s)
2026-09-16 13:15:25 INFO [distance] 2500/20000 top1=0.422 top5=0.778 ed=0.951 rr=0.563 (23s)
2026-09-16 13:15:27 INFO [distance] 3000/20000 top1=0.419 top5=0.774 ed=0.957 rr=0.562 (25s)
2026-09-16 13:15:28 INFO [distance] 3500/20000 top1=0.410 top5=0.770 ed=0.965 rr=0.556 (26s)
2026-09-16 13:15:30 INFO [distance] 4000/20000 top1=0.408 top5=0.773 ed=0.971 rr=0.555 (28s)
2026-09-16 13:15:32 INFO [distance] 4500/20000 top1=0.406 top5=0.771 ed=0.972 rr=0.553 (29s)
2026-09-16 13:15:33 INFO [distance] 5000/20000 top1=0.404 top5=0.771 ed=0.979 rr=0.552 (31s)
2026-09-16 13:15:35 INFO [distance] 5500/20000 top1=0.402 top5=0.772 ed=0.982 rr=0.550 (33s)
2026-09-16 13:15:36 INFO [distance] 6000/20000 top1=0.403 top5=0.774 ed=0.982 rr=0.551 (34s)
2026-09-16 13:15:38 INFO [distance] 6500/20000 top1=0.401 top5=0.772 ed=0.987 rr=0.549 (36s)
2026-09-16 13:15:40 INFO [distance] 7000/20000 top1=0.400 top5=0.771 ed=0.988 rr=0.548 (37s)
2026-09-16 13:15:41 INFO [distance] 7500/20000 top1=0.399 top5=0.769 ed=0.992 rr=0.547 (39s)
2026-09-16 13:15:43 INFO [distance] 8000/20000 top1=0.400 top5=0.769 ed=0.990 rr=0.548 (41s)
2026-09-16 13:15:44 INFO [distance] 8500/20000 top1=0.403 top5=0.769 ed=0.989 rr=0.549 (42s)
2026-09-16 13:15:46 INFO [distance] 9000/20000 top1=0.405 top5=0.769 ed=0.987 rr=0.551 (44s)
2026-09-16 13:15:47 INFO [distance] 9500/20000 top1=0.406 top5=0.770 ed=0.984 rr=0.552 (45s)
2026-09-16 13:15:49 INFO [distance] 10000/20000 top1=0.407 top5=0.771 ed=0.981 rr=0.553 (47s)
2026-09-16 13:15:51 INFO [distance] 10500/20000 top1=0.407 top5=0.772 ed=0.980 rr=0.553 (49s)
2026-09-16 13:15:52 INFO [distance] 11000/20000 top1=0.407 top5=0.772 ed=0.979 rr=0.554 (50s)
2026-09-16 13:15:54 INFO [distance] 11500/20000 top1=0.408 top5=0.770 ed=0.979 rr=0.554 (52s)
2026-09-16 13:15:55 INFO [distance] 12000/20000 top1=0.406 top5=0.768 ed=0.983 rr=0.552 (53s)
2026-09-16 13:15:57 INFO [distance] 12500/20000 top1=0.404 top5=0.767 ed=0.985 rr=0.551 (55s)
2026-09-16 13:15:59 INFO [distance] 13000/20000 top1=0.404 top5=0.767 ed=0.986 rr=0.551 (56s)
2026-09-16 13:16:00 INFO [distance] 13500/20000 top1=0.405 top5=0.769 ed=0.984 rr=0.552 (58s)
2026-09-16 13:16:02 INFO [distance] 14000/20000 top1=0.404 top5=0.768 ed=0.985 rr=0.551 (60s)
2026-09-16 13:16:04 INFO [distance] 14500/20000 top1=0.404 top5=0.768 ed=0.985 rr=0.551 (61s)
2026-09-16 13:16:05 INFO [distance] 15000/20000 top1=0.403 top5=0.766 ed=0.986 rr=0.550 (63s)
2026-09-16 13:16:07 INFO [distance] 15500/20000 top1=0.403 top5=0.767 ed=0.986 rr=0.551 (65s)
2026-09-16 13:16:08 INFO [distance] 16000/20000 top1=0.402 top5=0.766 ed=0.989 rr=0.550 (66s)
2026-09-16 13:16:10 INFO [distance] 16500/20000 top1=0.400 top5=0.765 ed=0.992 rr=0.548 (68s)
2026-09-16 13:16:12 INFO [distance] 17000/20000 top1=0.400 top5=0.766 ed=0.989 rr=0.549 (70s)
2026-09-16 13:16:13 INFO [distance] 17500/20000 top1=0.400 top5=0.766 ed=0.988 rr=0.549 (71s)
2026-09-16 13:16:15 INFO [distance] 18000/20000 top1=0.401 top5=0.766 ed=0.987 rr=0.549 (73s)
2026-09-16 13:16:17 INFO [distance] 18500/20000 top1=0.401 top5=0.766 ed=0.987 rr=0.549 (74s)
2026-09-16 13:16:18 INFO [distance] 19000/20000 top1=0.402 top5=0.767 ed=0.986 rr=0.550 (76s)
2026-09-16 13:16:20 INFO [distance] 19500/20000 top1=0.401 top5=0.766 ed=0.986 rr=0.549 (78s)
2026-09-16 13:16:21 INFO [distance] 20000/20000 top1=0.401 top5=0.766 ed=0.986 rr=0.549 (79s)
2026-09-16 13:16:22 INFO RESULT er:2000 distance: top1=0.4009 top3=0.6497 top5=0.7663 ed=0.9861 rr=0.5491 fit=0.0s infer=0.00396s/inst
2026-09-16 13:16:22 INFO === method rumor ===
2026-09-16 13:16:36 INFO [rumor] 500/20000 top1=0.460 top5=0.790 ed=0.890 rr=0.590 (14s)
2026-09-16 13:16:37 INFO [rumor] 1000/20000 top1=0.415 top5=0.782 ed=0.955 rr=0.565 (16s)
2026-09-16 13:16:39 INFO [rumor] 1500/20000 top1=0.411 top5=0.782 ed=0.964 rr=0.560 (17s)
2026-09-16 13:16:40 INFO [rumor] 2000/20000 top1=0.409 top5=0.778 ed=0.973 rr=0.557 (19s)
2026-09-16 13:16:42 INFO [rumor] 2500/20000 top1=0.407 top5=0.776 ed=0.981 rr=0.555 (20s)
2026-09-16 13:16:43 INFO [rumor] 3000/20000 top1=0.406 top5=0.773 ed=0.989 rr=0.555 (22s)
2026-09-16 13:16:45 INFO [rumor] 3500/20000 top1=0.399 top5=0.769 ed=0.996 rr=0.550 (23s)
2026-09-16 13:16:47 INFO [rumor] 4000/20000 top1=0.396 top5=0.771 ed=0.998 rr=0.548 (25s)
2026-09-16 13:16:48 INFO [rumor] 4500/20000 top1=0.397 top5=0.769 ed=0.997 rr=0.548 (27s)
2026-09-16 13:16:50 INFO [rumor] 5000/20000 top1=0.395 top5=0.766 ed=1.003 rr=0.546 (28s)
2026-09-16 13:16:52 INFO [rumor] 5500/20000 top1=0.391 top5=0.766 ed=1.009 rr=0.543 (30s)
2026-09-16 13:16:53 INFO [rumor] 6000/20000 top1=0.391 top5=0.767 ed=1.009 rr=0.543 (32s)
2026-09-16 13:16:55 INFO [rumor] 6500/20000 top1=0.391 top5=0.764 ed=1.017 rr=0.542 (33s)
2026-09-16 13:16:56 INFO [rumor] 7000/20000 top1=0.392 top5=0.764 ed=1.018 rr=0.542 (35s)
2026-09-16 13:16:58 INFO [rumor] 7500/20000 top1=0.391 top5=0.763 ed=1.021 rr=0.542 (37s)
2026-09-16 13:17:00 INFO [rumor] 8000/20000 top1=0.393 top5=0.763 ed=1.017 rr=0.543 (38s)
2026-09-16 13:17:01 INFO [rumor] 8500/20000 top1=0.394 top5=0.763 ed=1.016 rr=0.544 (40s)
2026-09-16 13:17:03 INFO [rumor] 9000/20000 top1=0.395 top5=0.763 ed=1.014 rr=0.545 (42s)
2026-09-16 13:17:05 INFO [rumor] 9500/20000 top1=0.398 top5=0.764 ed=1.009 rr=0.547 (43s)
2026-09-16 13:17:06 INFO [rumor] 10000/20000 top1=0.400 top5=0.766 ed=1.004 rr=0.549 (45s)
2026-09-16 13:17:08 INFO [rumor] 10500/20000 top1=0.401 top5=0.766 ed=1.002 rr=0.549 (46s)
2026-09-16 13:17:10 INFO [rumor] 11000/20000 top1=0.401 top5=0.766 ed=1.002 rr=0.549 (48s)
2026-09-16 13:17:11 INFO [rumor] 11500/20000 top1=0.402 top5=0.765 ed=1.000 rr=0.550 (50s)
2026-09-16 13:17:13 INFO [rumor] 12000/20000 top1=0.400 top5=0.763 ed=1.004 rr=0.548 (51s)
2026-09-16 13:17:15 INFO [rumor] 12500/20000 top1=0.399 top5=0.762 ed=1.006 rr=0.548 (53s)
2026-09-16 13:17:16 INFO [rumor] 13000/20000 top1=0.399 top5=0.761 ed=1.007 rr=0.547 (55s)
2026-09-16 13:17:18 INFO [rumor] 13500/20000 top1=0.400 top5=0.763 ed=1.005 rr=0.548 (56s)
2026-09-16 13:17:19 INFO [rumor] 14000/20000 top1=0.400 top5=0.763 ed=1.005 rr=0.549 (58s)
2026-09-16 13:17:21 INFO [rumor] 14500/20000 top1=0.399 top5=0.762 ed=1.006 rr=0.549 (60s)
2026-09-16 13:17:23 INFO [rumor] 15000/20000 top1=0.399 top5=0.761 ed=1.007 rr=0.548 (61s)
2026-09-16 13:17:24 INFO [rumor] 15500/20000 top1=0.399 top5=0.762 ed=1.006 rr=0.548 (63s)
2026-09-16 13:17:26 INFO [rumor] 16000/20000 top1=0.398 top5=0.761 ed=1.009 rr=0.547 (64s)
2026-09-16 13:17:28 INFO [rumor] 16500/20000 top1=0.396 top5=0.760 ed=1.012 rr=0.546 (66s)
2026-09-16 13:17:29 INFO [rumor] 17000/20000 top1=0.397 top5=0.760 ed=1.010 rr=0.546 (68s)
2026-09-16 13:17:31 INFO [rumor] 17500/20000 top1=0.397 top5=0.760 ed=1.008 rr=0.547 (69s)
2026-09-16 13:17:33 INFO [rumor] 18000/20000 top1=0.397 top5=0.760 ed=1.008 rr=0.547 (71s)
2026-09-16 13:17:34 INFO [rumor] 18500/20000 top1=0.398 top5=0.761 ed=1.006 rr=0.547 (73s)
2026-09-16 13:17:36 INFO [rumor] 19000/20000 top1=0.398 top5=0.761 ed=1.005 rr=0.548 (74s)
2026-09-16 13:17:37 INFO [rumor] 19500/20000 top1=0.398 top5=0.761 ed=1.004 rr=0.547 (76s)
2026-09-16 13:17:39 INFO [rumor] 20000/20000 top1=0.398 top5=0.761 ed=1.004 rr=0.547 (77s)
2026-09-16 13:17:39 INFO RESULT er:2000 rumor: top1=0.3982 top3=0.6458 top5=0.7614 ed=1.0041 rr=0.5474 fit=0.0s infer=0.00387s/inst
2026-09-16 13:17:39 INFO === method netsleuth ===
2026-09-16 13:20:18 INFO [netsleuth] 500/20000 top1=0.426 top5=0.706 ed=1.718 rr=0.545 (159s)
2026-09-16 13:20:20 INFO [netsleuth] 1000/20000 top1=0.409 top5=0.685 ed=1.768 rr=0.534 (161s)
2026-09-16 13:20:21 INFO [netsleuth] 1500/20000 top1=0.407 top5=0.673 ed=1.797 rr=0.529 (162s)
2026-09-16 13:20:23 INFO [netsleuth] 2000/20000 top1=0.407 top5=0.681 ed=1.789 rr=0.532 (164s)
2026-09-16 13:20:24 INFO [netsleuth] 2500/20000 top1=0.402 top5=0.691 ed=1.783 rr=0.532 (165s)
2026-09-16 13:20:26 INFO [netsleuth] 3000/20000 top1=0.400 top5=0.682 ed=1.810 rr=0.529 (167s)
2026-09-16 13:20:28 INFO [netsleuth] 3500/20000 top1=0.396 top5=0.679 ed=1.827 rr=0.526 (168s)
2026-09-16 13:20:29 INFO [netsleuth] 4000/20000 top1=0.391 top5=0.676 ed=1.836 rr=0.523 (170s)
2026-09-16 13:20:31 INFO [netsleuth] 4500/20000 top1=0.389 top5=0.676 ed=1.841 rr=0.522 (172s)
2026-09-16 13:20:33 INFO [netsleuth] 5000/20000 top1=0.384 top5=0.669 ed=1.868 rr=0.516 (173s)
2026-09-16 13:20:34 INFO [netsleuth] 5500/20000 top1=0.372 top5=0.662 ed=1.904 rr=0.506 (175s)
2026-09-16 13:20:36 INFO [netsleuth] 6000/20000 top1=0.372 top5=0.662 ed=1.907 rr=0.507 (176s)
2026-09-16 13:20:37 INFO [netsleuth] 6500/20000 top1=0.376 top5=0.666 ed=1.900 rr=0.511 (178s)
2026-09-16 13:20:39 INFO [netsleuth] 7000/20000 top1=0.376 top5=0.669 ed=1.896 rr=0.511 (180s)
2026-09-16 13:20:40 INFO [netsleuth] 7500/20000 top1=0.374 top5=0.669 ed=1.904 rr=0.510 (181s)
2026-09-16 13:20:42 INFO [netsleuth] 8000/20000 top1=0.375 top5=0.670 ed=1.895 rr=0.511 (183s)
2026-09-16 13:20:43 INFO [netsleuth] 8500/20000 top1=0.373 top5=0.669 ed=1.896 rr=0.510 (184s)
2026-09-16 13:20:45 INFO [netsleuth] 9000/20000 top1=0.374 top5=0.671 ed=1.888 rr=0.511 (186s)
2026-09-16 13:20:47 INFO [netsleuth] 9500/20000 top1=0.375 top5=0.671 ed=1.883 rr=0.512 (187s)
2026-09-16 13:20:48 INFO [netsleuth] 10000/20000 top1=0.375 top5=0.671 ed=1.881 rr=0.512 (189s)
2026-09-16 13:20:50 INFO [netsleuth] 10500/20000 top1=0.374 top5=0.671 ed=1.883 rr=0.511 (191s)
2026-09-16 13:20:52 INFO [netsleuth] 11000/20000 top1=0.375 top5=0.673 ed=1.878 rr=0.512 (192s)
2026-09-16 13:20:53 INFO [netsleuth] 11500/20000 top1=0.374 top5=0.673 ed=1.879 rr=0.512 (194s)
2026-09-16 13:20:55 INFO [netsleuth] 12000/20000 top1=0.375 top5=0.672 ed=1.882 rr=0.512 (196s)
2026-09-16 13:20:56 INFO [netsleuth] 12500/20000 top1=0.372 top5=0.670 ed=1.888 rr=0.510 (197s)
2026-09-16 13:20:58 INFO [netsleuth] 13000/20000 top1=0.372 top5=0.671 ed=1.889 rr=0.510 (199s)
2026-09-16 13:21:00 INFO [netsleuth] 13500/20000 top1=0.375 top5=0.673 ed=1.878 rr=0.513 (200s)
2026-09-16 13:21:01 INFO [netsleuth] 14000/20000 top1=0.375 top5=0.672 ed=1.880 rr=0.512 (202s)
2026-09-16 13:21:03 INFO [netsleuth] 14500/20000 top1=0.374 top5=0.672 ed=1.880 rr=0.512 (204s)
2026-09-16 13:21:05 INFO [netsleuth] 15000/20000 top1=0.374 top5=0.674 ed=1.875 rr=0.512 (205s)
2026-09-16 13:21:06 INFO [netsleuth] 15500/20000 top1=0.373 top5=0.674 ed=1.877 rr=0.512 (207s)
2026-09-16 13:21:08 INFO [netsleuth] 16000/20000 top1=0.371 top5=0.672 ed=1.887 rr=0.510 (208s)
2026-09-16 13:21:09 INFO [netsleuth] 16500/20000 top1=0.368 top5=0.671 ed=1.894 rr=0.507 (210s)
2026-09-16 13:21:11 INFO [netsleuth] 17000/20000 top1=0.368 top5=0.671 ed=1.892 rr=0.508 (212s)
2026-09-16 13:21:12 INFO [netsleuth] 17500/20000 top1=0.370 top5=0.673 ed=1.886 rr=0.510 (213s)
2026-09-16 13:21:14 INFO [netsleuth] 18000/20000 top1=0.369 top5=0.673 ed=1.885 rr=0.509 (215s)
2026-09-16 13:21:16 INFO [netsleuth] 18500/20000 top1=0.368 top5=0.673 ed=1.887 rr=0.508 (217s)
2026-09-16 13:21:17 INFO [netsleuth] 19000/20000 top1=0.368 top5=0.674 ed=1.885 rr=0.509 (218s)
2026-09-16 13:21:19 INFO [netsleuth] 19500/20000 top1=0.368 top5=0.673 ed=1.889 rr=0.508 (220s)
2026-09-16 13:21:21 INFO [netsleuth] 20000/20000 top1=0.368 top5=0.673 ed=1.891 rr=0.508 (222s)
2026-09-16 13:21:21 INFO RESULT er:2000 netsleuth: top1=0.3684 top3=0.5655 top5=0.6731 ed=1.8914 rr=0.5083 fit=0.0s infer=0.01108s/inst
2026-09-16 13:21:21 INFO === method dmp ===
2026-09-16 13:25:36 INFO [dmp] 500/20000 top1=0.500 top5=0.786 ed=0.884 rr=0.625 (255s)
2026-09-16 13:25:38 INFO [dmp] 1000/20000 top1=0.481 top5=0.790 ed=0.921 rr=0.617 (257s)
2026-09-16 13:25:39 INFO [dmp] 1500/20000 top1=0.472 top5=0.789 ed=0.925 rr=0.611 (258s)
2026-09-16 13:25:41 INFO [dmp] 2000/20000 top1=0.471 top5=0.789 ed=0.924 rr=0.611 (260s)
2026-09-16 13:25:42 INFO [dmp] 2500/20000 top1=0.469 top5=0.794 ed=0.923 rr=0.611 (261s)
2026-09-16 13:25:44 INFO [dmp] 3000/20000 top1=0.467 top5=0.795 ed=0.925 rr=0.609 (263s)
2026-09-16 13:25:46 INFO [dmp] 3500/20000 top1=0.457 top5=0.793 ed=0.936 rr=0.603 (265s)
2026-09-16 13:25:47 INFO [dmp] 4000/20000 top1=0.459 top5=0.796 ed=0.938 rr=0.605 (266s)
2026-09-16 13:25:49 INFO [dmp] 4500/20000 top1=0.458 top5=0.793 ed=0.937 rr=0.604 (268s)
2026-09-16 13:25:51 INFO [dmp] 5000/20000 top1=0.452 top5=0.789 ed=0.949 rr=0.600 (270s)
2026-09-16 13:25:52 INFO [dmp] 5500/20000 top1=0.443 top5=0.788 ed=0.963 rr=0.594 (271s)
2026-09-16 13:25:54 INFO [dmp] 6000/20000 top1=0.447 top5=0.790 ed=0.961 rr=0.596 (273s)
2026-09-16 13:25:55 INFO [dmp] 6500/20000 top1=0.448 top5=0.789 ed=0.961 rr=0.596 (274s)
2026-09-16 13:25:57 INFO [dmp] 7000/20000 top1=0.448 top5=0.789 ed=0.964 rr=0.596 (276s)
2026-09-16 13:25:59 INFO [dmp] 7500/20000 top1=0.445 top5=0.788 ed=0.969 rr=0.594 (278s)
2026-09-16 13:26:00 INFO [dmp] 8000/20000 top1=0.445 top5=0.788 ed=0.971 rr=0.595 (279s)
2026-09-16 13:26:02 INFO [dmp] 8500/20000 top1=0.445 top5=0.788 ed=0.971 rr=0.594 (281s)
2026-09-16 13:26:03 INFO [dmp] 9000/20000 top1=0.445 top5=0.788 ed=0.972 rr=0.595 (282s)
2026-09-16 13:26:05 INFO [dmp] 9500/20000 top1=0.446 top5=0.788 ed=0.969 rr=0.595 (284s)
2026-09-16 13:26:07 INFO [dmp] 10000/20000 top1=0.446 top5=0.788 ed=0.969 rr=0.595 (286s)
2026-09-16 13:26:08 INFO [dmp] 10500/20000 top1=0.446 top5=0.789 ed=0.967 rr=0.595 (287s)
2026-09-16 13:26:10 INFO [dmp] 11000/20000 top1=0.446 top5=0.788 ed=0.968 rr=0.595 (289s)
2026-09-16 13:26:11 INFO [dmp] 11500/20000 top1=0.444 top5=0.787 ed=0.969 rr=0.594 (290s)
2026-09-16 13:26:13 INFO [dmp] 12000/20000 top1=0.444 top5=0.786 ed=0.971 rr=0.593 (292s)
2026-09-16 13:26:15 INFO [dmp] 12500/20000 top1=0.441 top5=0.785 ed=0.974 rr=0.591 (294s)
2026-09-16 13:26:16 INFO [dmp] 13000/20000 top1=0.441 top5=0.786 ed=0.975 rr=0.591 (295s)
2026-09-16 13:26:18 INFO [dmp] 13500/20000 top1=0.443 top5=0.787 ed=0.971 rr=0.593 (297s)
2026-09-16 13:26:19 INFO [dmp] 14000/20000 top1=0.442 top5=0.786 ed=0.974 rr=0.592 (299s)
2026-09-16 13:26:21 INFO [dmp] 14500/20000 top1=0.441 top5=0.786 ed=0.974 rr=0.592 (300s)
2026-09-16 13:26:24 INFO [dmp] 15000/20000 top1=0.440 top5=0.785 ed=0.977 rr=0.590 (303s)
2026-09-16 13:26:25 INFO [dmp] 15500/20000 top1=0.439 top5=0.784 ed=0.977 rr=0.590 (304s)
2026-09-16 13:26:27 INFO [dmp] 16000/20000 top1=0.439 top5=0.784 ed=0.980 rr=0.590 (306s)
2026-09-16 13:26:28 INFO [dmp] 16500/20000 top1=0.437 top5=0.782 ed=0.983 rr=0.588 (307s)
2026-09-16 13:26:30 INFO [dmp] 17000/20000 top1=0.437 top5=0.784 ed=0.981 rr=0.588 (309s)
2026-09-16 13:26:32 INFO [dmp] 17500/20000 top1=0.438 top5=0.784 ed=0.980 rr=0.589 (311s)
2026-09-16 13:26:33 INFO [dmp] 18000/20000 top1=0.437 top5=0.785 ed=0.980 rr=0.589 (312s)
2026-09-16 13:26:35 INFO [dmp] 18500/20000 top1=0.436 top5=0.785 ed=0.981 rr=0.588 (314s)
2026-09-16 13:26:37 INFO [dmp] 19000/20000 top1=0.436 top5=0.785 ed=0.981 rr=0.588 (316s)
2026-09-16 13:26:38 INFO [dmp] 19500/20000 top1=0.436 top5=0.785 ed=0.982 rr=0.588 (317s)
2026-09-16 13:26:40 INFO [dmp] 20000/20000 top1=0.435 top5=0.785 ed=0.983 rr=0.588 (319s)
2026-09-16 13:26:40 INFO RESULT er:2000 dmp: top1=0.4352 top3=0.6809 top5=0.7850 ed=0.9828 rr=0.5876 css=1.28 fit=0.0s infer=0.01595s/inst
2026-09-16 13:26:40 INFO === method sme ===
2026-09-16 13:26:54 INFO [sme] 500/20000 top1=0.386 top5=0.678 ed=1.390 rr=0.523 (14s)
2026-09-16 13:26:56 INFO [sme] 1000/20000 top1=0.372 top5=0.674 ed=1.392 rr=0.514 (15s)
2026-09-16 13:26:57 INFO [sme] 1500/20000 top1=0.368 top5=0.677 ed=1.417 rr=0.511 (17s)
2026-09-16 13:26:59 INFO [sme] 2000/20000 top1=0.373 top5=0.681 ed=1.415 rr=0.517 (19s)
2026-09-16 13:27:01 INFO [sme] 2500/20000 top1=0.370 top5=0.695 ed=1.415 rr=0.518 (20s)
2026-09-16 13:27:02 INFO [sme] 3000/20000 top1=0.368 top5=0.697 ed=1.428 rr=0.518 (22s)
2026-09-16 13:27:04 INFO [sme] 3500/20000 top1=0.364 top5=0.692 ed=1.447 rr=0.513 (24s)
2026-09-16 13:27:05 INFO [sme] 4000/20000 top1=0.363 top5=0.696 ed=1.450 rr=0.513 (25s)
2026-09-16 13:27:07 INFO [sme] 4500/20000 top1=0.363 top5=0.695 ed=1.449 rr=0.513 (27s)
2026-09-16 13:27:09 INFO [sme] 5000/20000 top1=0.361 top5=0.691 ed=1.458 rr=0.510 (29s)
2026-09-16 13:27:10 INFO [sme] 5500/20000 top1=0.357 top5=0.690 ed=1.471 rr=0.507 (30s)
2026-09-16 13:27:12 INFO [sme] 6000/20000 top1=0.359 top5=0.691 ed=1.462 rr=0.508 (32s)
2026-09-16 13:27:14 INFO [sme] 6500/20000 top1=0.362 top5=0.691 ed=1.460 rr=0.510 (33s)
2026-09-16 13:27:15 INFO [sme] 7000/20000 top1=0.364 top5=0.692 ed=1.453 rr=0.511 (35s)
2026-09-16 13:27:17 INFO [sme] 7500/20000 top1=0.364 top5=0.690 ed=1.451 rr=0.511 (37s)
2026-09-16 13:27:19 INFO [sme] 8000/20000 top1=0.367 top5=0.692 ed=1.444 rr=0.513 (38s)
2026-09-16 13:27:20 INFO [sme] 8500/20000 top1=0.365 top5=0.690 ed=1.446 rr=0.511 (40s)
2026-09-16 13:27:22 INFO [sme] 9000/20000 top1=0.365 top5=0.691 ed=1.443 rr=0.512 (42s)
2026-09-16 13:27:23 INFO [sme] 9500/20000 top1=0.367 top5=0.691 ed=1.438 rr=0.513 (43s)
2026-09-16 13:27:25 INFO [sme] 10000/20000 top1=0.368 top5=0.692 ed=1.435 rr=0.514 (45s)
2026-09-16 13:27:27 INFO [sme] 10500/20000 top1=0.367 top5=0.692 ed=1.437 rr=0.514 (47s)
2026-09-16 13:27:28 INFO [sme] 11000/20000 top1=0.368 top5=0.692 ed=1.433 rr=0.515 (48s)
2026-09-16 13:27:30 INFO [sme] 11500/20000 top1=0.369 top5=0.692 ed=1.433 rr=0.515 (50s)
2026-09-16 13:27:31 INFO [sme] 12000/20000 top1=0.369 top5=0.692 ed=1.432 rr=0.516 (51s)
2026-09-16 13:27:33 INFO [sme] 12500/20000 top1=0.368 top5=0.690 ed=1.434 rr=0.515 (53s)
2026-09-16 13:27:35 INFO [sme] 13000/20000 top1=0.368 top5=0.689 ed=1.433 rr=0.514 (55s)
2026-09-16 13:27:36 INFO [sme] 13500/20000 top1=0.370 top5=0.691 ed=1.429 rr=0.516 (56s)
2026-09-16 13:27:38 INFO [sme] 14000/20000 top1=0.370 top5=0.690 ed=1.429 rr=0.516 (58s)
2026-09-16 13:27:40 INFO [sme] 14500/20000 top1=0.370 top5=0.689 ed=1.429 rr=0.516 (59s)
2026-09-16 13:27:41 INFO [sme] 15000/20000 top1=0.370 top5=0.689 ed=1.428 rr=0.515 (61s)
2026-09-16 13:27:43 INFO [sme] 15500/20000 top1=0.370 top5=0.689 ed=1.428 rr=0.515 (63s)
2026-09-16 13:27:44 INFO [sme] 16000/20000 top1=0.368 top5=0.687 ed=1.434 rr=0.513 (64s)
2026-09-16 13:27:46 INFO [sme] 16500/20000 top1=0.365 top5=0.687 ed=1.438 rr=0.511 (66s)
2026-09-16 13:27:48 INFO [sme] 17000/20000 top1=0.366 top5=0.687 ed=1.435 rr=0.512 (67s)
2026-09-16 13:27:49 INFO [sme] 17500/20000 top1=0.367 top5=0.688 ed=1.430 rr=0.513 (69s)
2026-09-16 13:27:51 INFO [sme] 18000/20000 top1=0.365 top5=0.688 ed=1.432 rr=0.512 (71s)
2026-09-16 13:27:53 INFO [sme] 18500/20000 top1=0.365 top5=0.688 ed=1.433 rr=0.512 (73s)
2026-09-16 13:27:55 INFO [sme] 19000/20000 top1=0.366 top5=0.688 ed=1.431 rr=0.512 (74s)
2026-09-16 13:27:56 INFO [sme] 19500/20000 top1=0.365 top5=0.687 ed=1.435 rr=0.512 (76s)
2026-09-16 13:27:58 INFO [sme] 20000/20000 top1=0.366 top5=0.687 ed=1.434 rr=0.512 (78s)
2026-09-16 13:27:58 INFO RESULT er:2000 sme: top1=0.3659 top3=0.5772 top5=0.6867 ed=1.4345 rr=0.5118 css=12.54 fit=0.0s infer=0.00388s/inst
2026-09-16 13:27:58 INFO === method mcs ===
2026-09-16 13:29:11 INFO [mcs] 500/20000 top1=0.422 top5=0.612 ed=1.556 rr=0.522 (72s)
2026-09-16 13:29:13 INFO [mcs] 1000/20000 top1=0.373 top5=0.556 ed=1.729 rr=0.471 (73s)
2026-09-16 13:29:14 INFO [mcs] 1500/20000 top1=0.367 top5=0.561 ed=1.753 rr=0.468 (75s)
2026-09-16 13:29:16 INFO [mcs] 2000/20000 top1=0.374 top5=0.586 ed=1.754 rr=0.481 (76s)
2026-09-16 13:29:17 INFO [mcs] 2500/20000 top1=0.366 top5=0.582 ed=1.766 rr=0.474 (78s)
2026-09-16 13:29:19 INFO [mcs] 3000/20000 top1=0.368 top5=0.588 ed=1.776 rr=0.478 (79s)
2026-09-16 13:29:20 INFO [mcs] 3500/20000 top1=0.357 top5=0.579 ed=1.805 rr=0.469 (81s)
2026-09-16 13:29:22 INFO [mcs] 4000/20000 top1=0.350 top5=0.577 ed=1.830 rr=0.463 (83s)
2026-09-16 13:29:24 INFO [mcs] 4500/20000 top1=0.352 top5=0.582 ed=1.819 rr=0.467 (85s)
2026-09-16 13:29:26 INFO [mcs] 5000/20000 top1=0.348 top5=0.577 ed=1.830 rr=0.462 (86s)
2026-09-16 13:29:27 INFO [mcs] 5500/20000 top1=0.341 top5=0.574 ed=1.864 rr=0.456 (88s)
2026-09-16 13:29:29 INFO [mcs] 6000/20000 top1=0.341 top5=0.576 ed=1.866 rr=0.457 (89s)
2026-09-16 13:29:30 INFO [mcs] 6500/20000 top1=0.344 top5=0.581 ed=1.865 rr=0.462 (91s)
2026-09-16 13:29:32 INFO [mcs] 7000/20000 top1=0.345 top5=0.585 ed=1.854 rr=0.463 (93s)
2026-09-16 13:29:34 INFO [mcs] 7500/20000 top1=0.344 top5=0.585 ed=1.861 rr=0.463 (94s)
2026-09-16 13:29:35 INFO [mcs] 8000/20000 top1=0.344 top5=0.584 ed=1.863 rr=0.462 (96s)
2026-09-16 13:29:37 INFO [mcs] 8500/20000 top1=0.343 top5=0.582 ed=1.862 rr=0.461 (97s)
2026-09-16 13:29:38 INFO [mcs] 9000/20000 top1=0.341 top5=0.582 ed=1.858 rr=0.460 (99s)
2026-09-16 13:29:40 INFO [mcs] 9500/20000 top1=0.342 top5=0.581 ed=1.857 rr=0.460 (101s)
2026-09-16 13:29:42 INFO [mcs] 10000/20000 top1=0.341 top5=0.579 ed=1.863 rr=0.459 (102s)
2026-09-16 13:29:43 INFO [mcs] 10500/20000 top1=0.341 top5=0.581 ed=1.862 rr=0.459 (104s)
2026-09-16 13:29:45 INFO [mcs] 11000/20000 top1=0.342 top5=0.581 ed=1.863 rr=0.459 (106s)
2026-09-16 13:29:47 INFO [mcs] 11500/20000 top1=0.342 top5=0.581 ed=1.861 rr=0.460 (107s)
2026-09-16 13:29:48 INFO [mcs] 12000/20000 top1=0.341 top5=0.578 ed=1.865 rr=0.458 (109s)
2026-09-16 13:29:50 INFO [mcs] 12500/20000 top1=0.337 top5=0.574 ed=1.876 rr=0.454 (111s)
2026-09-16 13:29:52 INFO [mcs] 13000/20000 top1=0.337 top5=0.574 ed=1.878 rr=0.454 (112s)
2026-09-16 13:29:53 INFO [mcs] 13500/20000 top1=0.338 top5=0.575 ed=1.871 rr=0.455 (114s)
2026-09-16 13:29:55 INFO [mcs] 14000/20000 top1=0.337 top5=0.573 ed=1.876 rr=0.454 (116s)
2026-09-16 13:29:57 INFO [mcs] 14500/20000 top1=0.337 top5=0.573 ed=1.877 rr=0.453 (117s)
2026-09-16 13:29:58 INFO [mcs] 15000/20000 top1=0.338 top5=0.574 ed=1.873 rr=0.454 (119s)
2026-09-16 13:30:00 INFO [mcs] 15500/20000 top1=0.338 top5=0.575 ed=1.872 rr=0.455 (121s)
2026-09-16 13:30:02 INFO [mcs] 16000/20000 top1=0.337 top5=0.573 ed=1.877 rr=0.454 (122s)
2026-09-16 13:30:03 INFO [mcs] 16500/20000 top1=0.336 top5=0.572 ed=1.878 rr=0.453 (124s)
2026-09-16 13:30:05 INFO [mcs] 17000/20000 top1=0.337 top5=0.572 ed=1.878 rr=0.453 (125s)
2026-09-16 13:30:07 INFO [mcs] 17500/20000 top1=0.338 top5=0.575 ed=1.872 rr=0.455 (127s)
2026-09-16 13:30:08 INFO [mcs] 18000/20000 top1=0.336 top5=0.575 ed=1.872 rr=0.454 (129s)
2026-09-16 13:30:10 INFO [mcs] 18500/20000 top1=0.335 top5=0.574 ed=1.871 rr=0.453 (130s)
2026-09-16 13:30:11 INFO [mcs] 19000/20000 top1=0.337 top5=0.576 ed=1.867 rr=0.455 (132s)
2026-09-16 13:30:13 INFO [mcs] 19500/20000 top1=0.336 top5=0.574 ed=1.872 rr=0.454 (134s)
2026-09-16 13:30:15 INFO [mcs] 20000/20000 top1=0.337 top5=0.574 ed=1.873 rr=0.454 (135s)
2026-09-16 13:30:15 INFO RESULT er:2000 mcs: top1=0.3370 top3=0.4929 top5=0.5740 ed=1.8725 rr=0.4539 css=1.28 fit=1.3s infer=0.00676s/inst
2026-09-16 13:30:15 INFO === method mlp ===
2026-09-16 13:30:38 INFO [mlp] epoch 1 val_loss=2.7096 val_acc=0.3073 (22s)
2026-09-16 13:33:49 INFO [mlp] epoch 10 val_loss=2.4335 val_acc=0.3445 (213s)
2026-09-16 13:37:56 INFO [mlp] epoch 20 val_loss=2.4315 val_acc=0.3445 (460s)
2026-09-16 13:42:20 INFO [mlp] epoch 30 val_loss=2.4314 val_acc=0.3445 (724s)
2026-09-16 13:42:20 INFO [mlp] trained 30 epochs, best val_loss=2.4314, 724s
2026-09-16 13:42:29 INFO [mlp] 500/20000 top1=0.362 top5=0.648 ed=1.488 rr=0.460 (9s)
2026-09-16 13:42:30 INFO [mlp] 1000/20000 top1=0.352 top5=0.640 ed=1.569 rr=0.445 (10s)
2026-09-16 13:42:32 INFO [mlp] 1500/20000 top1=0.352 top5=0.641 ed=1.568 rr=0.447 (12s)
2026-09-16 13:42:33 INFO [mlp] 2000/20000 top1=0.358 top5=0.646 ed=1.575 rr=0.453 (13s)
2026-09-16 13:42:35 INFO [mlp] 2500/20000 top1=0.358 top5=0.648 ed=1.594 rr=0.452 (15s)
2026-09-16 13:42:36 INFO [mlp] 3000/20000 top1=0.359 top5=0.643 ed=1.596 rr=0.449 (17s)
2026-09-16 13:42:38 INFO [mlp] 3500/20000 top1=0.353 top5=0.635 ed=1.616 rr=0.444 (18s)
2026-09-16 13:42:40 INFO [mlp] 4000/20000 top1=0.349 top5=0.634 ed=1.614 rr=0.440 (20s)
2026-09-16 13:42:41 INFO [mlp] 4500/20000 top1=0.346 top5=0.632 ed=1.618 rr=0.439 (21s)
2026-09-16 13:42:43 INFO [mlp] 5000/20000 top1=0.344 top5=0.630 ed=1.637 rr=0.435 (23s)
2026-09-16 13:42:44 INFO [mlp] 5500/20000 top1=0.341 top5=0.627 ed=1.659 rr=0.431 (25s)
2026-09-16 13:42:46 INFO [mlp] 6000/20000 top1=0.341 top5=0.629 ed=1.657 rr=0.431 (26s)
2026-09-16 13:42:48 INFO [mlp] 6500/20000 top1=0.343 top5=0.631 ed=1.650 rr=0.433 (28s)
2026-09-16 13:42:49 INFO [mlp] 7000/20000 top1=0.344 top5=0.633 ed=1.644 rr=0.435 (30s)
2026-09-16 13:42:51 INFO [mlp] 7500/20000 top1=0.342 top5=0.631 ed=1.652 rr=0.432 (31s)
2026-09-16 13:42:53 INFO [mlp] 8000/20000 top1=0.343 top5=0.633 ed=1.646 rr=0.434 (33s)
2026-09-16 13:42:54 INFO [mlp] 8500/20000 top1=0.343 top5=0.634 ed=1.647 rr=0.433 (34s)
2026-09-16 13:42:56 INFO [mlp] 9000/20000 top1=0.344 top5=0.634 ed=1.645 rr=0.434 (36s)
2026-09-16 13:42:58 INFO [mlp] 9500/20000 top1=0.345 top5=0.636 ed=1.640 rr=0.435 (38s)
2026-09-16 13:42:59 INFO [mlp] 10000/20000 top1=0.344 top5=0.635 ed=1.637 rr=0.435 (39s)
2026-09-16 13:43:01 INFO [mlp] 10500/20000 top1=0.345 top5=0.634 ed=1.634 rr=0.435 (41s)
2026-09-16 13:43:02 INFO [mlp] 11000/20000 top1=0.346 top5=0.636 ed=1.631 rr=0.436 (43s)
2026-09-16 13:43:04 INFO [mlp] 11500/20000 top1=0.346 top5=0.637 ed=1.629 rr=0.436 (44s)
2026-09-16 13:43:06 INFO [mlp] 12000/20000 top1=0.346 top5=0.637 ed=1.632 rr=0.436 (46s)
2026-09-16 13:43:07 INFO [mlp] 12500/20000 top1=0.345 top5=0.634 ed=1.636 rr=0.434 (48s)
2026-09-16 13:43:09 INFO [mlp] 13000/20000 top1=0.346 top5=0.635 ed=1.638 rr=0.435 (49s)
2026-09-16 13:43:11 INFO [mlp] 13500/20000 top1=0.346 top5=0.637 ed=1.635 rr=0.435 (51s)
2026-09-16 13:43:12 INFO [mlp] 14000/20000 top1=0.346 top5=0.637 ed=1.635 rr=0.435 (52s)
2026-09-16 13:43:14 INFO [mlp] 14500/20000 top1=0.346 top5=0.638 ed=1.635 rr=0.435 (54s)
2026-09-16 13:43:16 INFO [mlp] 15000/20000 top1=0.346 top5=0.639 ed=1.633 rr=0.435 (56s)
2026-09-16 13:43:17 INFO [mlp] 15500/20000 top1=0.347 top5=0.640 ed=1.628 rr=0.436 (57s)
2026-09-16 13:43:19 INFO [mlp] 16000/20000 top1=0.346 top5=0.639 ed=1.633 rr=0.434 (59s)
2026-09-16 13:43:21 INFO [mlp] 16500/20000 top1=0.344 top5=0.637 ed=1.636 rr=0.433 (61s)
2026-09-16 13:43:22 INFO [mlp] 17000/20000 top1=0.344 top5=0.637 ed=1.639 rr=0.433 (63s)
2026-09-16 13:43:24 INFO [mlp] 17500/20000 top1=0.345 top5=0.639 ed=1.635 rr=0.434 (64s)
2026-09-16 13:43:26 INFO [mlp] 18000/20000 top1=0.343 top5=0.639 ed=1.634 rr=0.433 (66s)
2026-09-16 13:43:27 INFO [mlp] 18500/20000 top1=0.343 top5=0.639 ed=1.636 rr=0.433 (68s)
2026-09-16 13:43:29 INFO [mlp] 19000/20000 top1=0.344 top5=0.640 ed=1.631 rr=0.434 (69s)
2026-09-16 13:43:31 INFO [mlp] 19500/20000 top1=0.344 top5=0.639 ed=1.632 rr=0.433 (71s)
2026-09-16 13:43:32 INFO [mlp] 20000/20000 top1=0.343 top5=0.639 ed=1.631 rr=0.433 (73s)
2026-09-16 13:43:32 INFO RESULT er:2000 mlp: top1=0.3434 top3=0.5367 top5=0.6387 ed=1.6312 rr=0.4327 css=18.96 fit=724.9s infer=0.00363s/inst
2026-09-16 13:43:32 INFO === method gcn ===
2026-09-16 13:44:01 INFO [gcn] epoch 1 val_loss=6.0030 val_acc=0.1835 (29s)
2026-09-16 13:50:39 INFO [gcn] epoch 10 val_loss=2.4139 val_acc=0.3512 (427s)
2026-09-16 14:04:51 INFO [gcn] epoch 20 val_loss=2.3710 val_acc=0.3585 (1278s)
2026-09-16 14:10:02 INFO [gcn] epoch 30 val_loss=2.3145 val_acc=0.3670 (1590s)
2026-09-16 14:15:26 INFO [gcn] epoch 40 val_loss=2.2731 val_acc=0.3707 (1914s)
2026-09-16 14:20:47 INFO [gcn] epoch 50 val_loss=2.2305 val_acc=0.3742 (2235s)
2026-09-16 14:25:43 INFO [gcn] epoch 60 val_loss=2.1838 val_acc=0.3873 (2531s)
2026-09-16 14:30:41 INFO [gcn] epoch 70 val_loss=2.1258 val_acc=0.3905 (2829s)
2026-09-16 14:35:58 INFO [gcn] epoch 80 val_loss=2.0757 val_acc=0.4055 (3146s)
2026-09-16 14:41:13 INFO [gcn] epoch 90 val_loss=2.0345 val_acc=0.4092 (3461s)
2026-09-16 14:46:39 INFO [gcn] epoch 100 val_loss=2.0224 val_acc=0.4157 (3786s)
2026-09-16 14:51:49 INFO [gcn] epoch 110 val_loss=2.0327 val_acc=0.4172 (4097s)
2026-09-16 14:52:19 INFO [gcn] trained 111 epochs, best val_loss=2.0159, 4126s
2026-09-16 14:52:35 INFO [gcn] 500/20000 top1=0.444 top5=0.802 ed=1.006 rr=0.603 (17s)
2026-09-16 14:52:37 INFO [gcn] 1000/20000 top1=0.434 top5=0.817 ed=1.018 rr=0.598 (18s)
2026-09-16 14:52:39 INFO [gcn] 1500/20000 top1=0.431 top5=0.810 ed=1.014 rr=0.593 (20s)
2026-09-16 14:52:40 INFO [gcn] 2000/20000 top1=0.449 top5=0.819 ed=0.994 rr=0.608 (22s)
2026-09-16 14:52:42 INFO [gcn] 2500/20000 top1=0.451 top5=0.824 ed=0.976 rr=0.612 (23s)
2026-09-16 14:52:43 INFO [gcn] 3000/20000 top1=0.450 top5=0.823 ed=0.985 rr=0.610 (25s)
2026-09-16 14:52:45 INFO [gcn] 3500/20000 top1=0.448 top5=0.821 ed=0.994 rr=0.608 (26s)
2026-09-16 14:52:47 INFO [gcn] 4000/20000 top1=0.445 top5=0.821 ed=0.996 rr=0.607 (28s)
2026-09-16 14:52:48 INFO [gcn] 4500/20000 top1=0.445 top5=0.819 ed=0.998 rr=0.606 (30s)
2026-09-16 14:52:50 INFO [gcn] 5000/20000 top1=0.442 top5=0.817 ed=1.006 rr=0.603 (32s)
2026-09-16 14:52:52 INFO [gcn] 5500/20000 top1=0.439 top5=0.819 ed=1.010 rr=0.601 (33s)
2026-09-16 14:52:54 INFO [gcn] 6000/20000 top1=0.442 top5=0.820 ed=1.008 rr=0.604 (35s)
2026-09-16 14:52:55 INFO [gcn] 6500/20000 top1=0.445 top5=0.822 ed=1.004 rr=0.606 (37s)
2026-09-16 14:52:57 INFO [gcn] 7000/20000 top1=0.446 top5=0.824 ed=1.004 rr=0.606 (38s)
2026-09-16 14:52:59 INFO [gcn] 7500/20000 top1=0.444 top5=0.824 ed=1.004 rr=0.605 (40s)
2026-09-16 14:53:00 INFO [gcn] 8000/20000 top1=0.445 top5=0.825 ed=1.003 rr=0.606 (42s)
2026-09-16 14:53:02 INFO [gcn] 8500/20000 top1=0.444 top5=0.823 ed=1.006 rr=0.605 (43s)
2026-09-16 14:53:04 INFO [gcn] 9000/20000 top1=0.444 top5=0.825 ed=1.005 rr=0.606 (45s)
2026-09-16 14:53:05 INFO [gcn] 9500/20000 top1=0.445 top5=0.826 ed=1.002 rr=0.606 (47s)
2026-09-16 14:53:07 INFO [gcn] 10000/20000 top1=0.446 top5=0.825 ed=1.000 rr=0.607 (48s)
2026-09-16 14:53:09 INFO [gcn] 10500/20000 top1=0.448 top5=0.827 ed=0.996 rr=0.608 (50s)
2026-09-16 14:53:10 INFO [gcn] 11000/20000 top1=0.450 top5=0.828 ed=0.993 rr=0.610 (52s)
2026-09-16 14:53:12 INFO [gcn] 11500/20000 top1=0.452 top5=0.828 ed=0.991 rr=0.611 (53s)
2026-09-16 14:53:14 INFO [gcn] 12000/20000 top1=0.450 top5=0.827 ed=0.998 rr=0.609 (55s)
2026-09-16 14:53:15 INFO [gcn] 12500/20000 top1=0.447 top5=0.825 ed=1.003 rr=0.607 (57s)
2026-09-16 14:53:17 INFO [gcn] 13000/20000 top1=0.446 top5=0.826 ed=1.002 rr=0.607 (58s)
2026-09-16 14:53:18 INFO [gcn] 13500/20000 top1=0.446 top5=0.827 ed=1.000 rr=0.607 (60s)
2026-09-16 14:53:20 INFO [gcn] 14000/20000 top1=0.446 top5=0.826 ed=1.002 rr=0.607 (62s)
2026-09-16 14:53:22 INFO [gcn] 14500/20000 top1=0.446 top5=0.826 ed=1.003 rr=0.607 (63s)
2026-09-16 14:53:24 INFO [gcn] 15000/20000 top1=0.446 top5=0.826 ed=1.003 rr=0.607 (65s)
2026-09-16 14:53:25 INFO [gcn] 15500/20000 top1=0.447 top5=0.827 ed=1.000 rr=0.608 (67s)
2026-09-16 14:53:27 INFO [gcn] 16000/20000 top1=0.445 top5=0.825 ed=1.005 rr=0.606 (68s)
2026-09-16 14:53:28 INFO [gcn] 16500/20000 top1=0.444 top5=0.825 ed=1.007 rr=0.606 (70s)
2026-09-16 14:53:30 INFO [gcn] 17000/20000 top1=0.443 top5=0.825 ed=1.008 rr=0.605 (72s)
2026-09-16 14:53:32 INFO [gcn] 17500/20000 top1=0.444 top5=0.826 ed=1.006 rr=0.606 (73s)
2026-09-16 14:53:33 INFO [gcn] 18000/20000 top1=0.444 top5=0.826 ed=1.006 rr=0.606 (75s)
2026-09-16 14:53:35 INFO [gcn] 18500/20000 top1=0.444 top5=0.826 ed=1.007 rr=0.606 (77s)
2026-09-16 14:53:37 INFO [gcn] 19000/20000 top1=0.445 top5=0.826 ed=1.004 rr=0.607 (78s)
2026-09-16 14:53:38 INFO [gcn] 19500/20000 top1=0.444 top5=0.825 ed=1.006 rr=0.606 (80s)
2026-09-16 14:53:40 INFO [gcn] 20000/20000 top1=0.444 top5=0.825 ed=1.006 rr=0.606 (81s)
2026-09-16 14:53:40 INFO RESULT er:2000 gcn: top1=0.4437 top3=0.7095 top5=0.8254 ed=1.0057 rr=0.6055 css=8.33 fit=4126.1s infer=0.00407s/inst
2026-09-16 14:53:40 INFO === method gcn_skip ===
2026-09-16 14:54:18 INFO [gcn_skip] epoch 1 val_loss=2.4349 val_acc=0.4080 (38s)
2026-09-16 15:00:05 INFO [gcn_skip] epoch 10 val_loss=2.0615 val_acc=0.4545 (385s)
2026-09-16 15:06:38 INFO [gcn_skip] epoch 20 val_loss=1.8659 val_acc=0.4492 (778s)
2026-09-16 15:13:00 INFO [gcn_skip] epoch 30 val_loss=1.7637 val_acc=0.4570 (1160s)
2026-09-16 15:19:44 INFO [gcn_skip] epoch 40 val_loss=1.7580 val_acc=0.4582 (1564s)
2026-09-16 15:26:45 INFO [gcn_skip] epoch 50 val_loss=1.7414 val_acc=0.4615 (1985s)
2026-09-16 15:28:49 INFO [gcn_skip] trained 53 epochs, best val_loss=1.7399, 2109s
2026-09-16 15:29:09 INFO [gcn_skip] 500/20000 top1=0.502 top5=0.842 ed=0.838 rr=0.647 (20s)
2026-09-16 15:29:11 INFO [gcn_skip] 1000/20000 top1=0.472 top5=0.841 ed=0.884 rr=0.631 (22s)
2026-09-16 15:29:13 INFO [gcn_skip] 1500/20000 top1=0.462 top5=0.843 ed=0.896 rr=0.623 (24s)
2026-09-16 15:29:15 INFO [gcn_skip] 2000/20000 top1=0.478 top5=0.850 ed=0.880 rr=0.636 (26s)
2026-09-16 15:29:16 INFO [gcn_skip] 2500/20000 top1=0.483 top5=0.856 ed=0.863 rr=0.640 (27s)
2026-09-16 15:29:18 INFO [gcn_skip] 3000/20000 top1=0.485 top5=0.853 ed=0.869 rr=0.640 (29s)
2026-09-16 15:29:20 INFO [gcn_skip] 3500/20000 top1=0.485 top5=0.853 ed=0.873 rr=0.640 (31s)
2026-09-16 15:29:22 INFO [gcn_skip] 4000/20000 top1=0.481 top5=0.854 ed=0.882 rr=0.638 (33s)
2026-09-16 15:29:24 INFO [gcn_skip] 4500/20000 top1=0.481 top5=0.852 ed=0.888 rr=0.637 (35s)
2026-09-16 15:29:25 INFO [gcn_skip] 5000/20000 top1=0.477 top5=0.850 ed=0.899 rr=0.634 (36s)
2026-09-16 15:29:27 INFO [gcn_skip] 5500/20000 top1=0.472 top5=0.850 ed=0.905 rr=0.631 (38s)
2026-09-16 15:29:29 INFO [gcn_skip] 6000/20000 top1=0.475 top5=0.851 ed=0.903 rr=0.634 (40s)
2026-09-16 15:29:31 INFO [gcn_skip] 6500/20000 top1=0.478 top5=0.852 ed=0.900 rr=0.635 (42s)
2026-09-16 15:29:33 INFO [gcn_skip] 7000/20000 top1=0.480 top5=0.853 ed=0.899 rr=0.637 (44s)
2026-09-16 15:29:34 INFO [gcn_skip] 7500/20000 top1=0.477 top5=0.854 ed=0.902 rr=0.635 (45s)
2026-09-16 15:29:36 INFO [gcn_skip] 8000/20000 top1=0.478 top5=0.854 ed=0.899 rr=0.636 (47s)
2026-09-16 15:29:38 INFO [gcn_skip] 8500/20000 top1=0.478 top5=0.852 ed=0.901 rr=0.635 (49s)
2026-09-16 15:29:40 INFO [gcn_skip] 9000/20000 top1=0.478 top5=0.853 ed=0.901 rr=0.635 (51s)
2026-09-16 15:29:42 INFO [gcn_skip] 9500/20000 top1=0.478 top5=0.855 ed=0.901 rr=0.636 (53s)
2026-09-16 15:29:44 INFO [gcn_skip] 10000/20000 top1=0.479 top5=0.854 ed=0.901 rr=0.636 (55s)
2026-09-16 15:29:46 INFO [gcn_skip] 10500/20000 top1=0.479 top5=0.855 ed=0.899 rr=0.636 (57s)
2026-09-16 15:29:47 INFO [gcn_skip] 11000/20000 top1=0.477 top5=0.855 ed=0.900 rr=0.636 (58s)
2026-09-16 15:29:49 INFO [gcn_skip] 11500/20000 top1=0.477 top5=0.855 ed=0.901 rr=0.635 (60s)
2026-09-16 15:29:51 INFO [gcn_skip] 12000/20000 top1=0.475 top5=0.854 ed=0.906 rr=0.634 (62s)
2026-09-16 15:29:53 INFO [gcn_skip] 12500/20000 top1=0.473 top5=0.853 ed=0.909 rr=0.633 (64s)
2026-09-16 15:29:55 INFO [gcn_skip] 13000/20000 top1=0.474 top5=0.853 ed=0.908 rr=0.633 (66s)
2026-09-16 15:29:57 INFO [gcn_skip] 13500/20000 top1=0.475 top5=0.854 ed=0.907 rr=0.634 (68s)
2026-09-16 15:29:59 INFO [gcn_skip] 14000/20000 top1=0.473 top5=0.853 ed=0.908 rr=0.633 (70s)
2026-09-16 15:30:00 INFO [gcn_skip] 14500/20000 top1=0.472 top5=0.853 ed=0.909 rr=0.632 (71s)
2026-09-16 15:30:02 INFO [gcn_skip] 15000/20000 top1=0.471 top5=0.853 ed=0.911 rr=0.632 (73s)
2026-09-16 15:30:04 INFO [gcn_skip] 15500/20000 top1=0.472 top5=0.854 ed=0.908 rr=0.632 (75s)
2026-09-16 15:30:06 INFO [gcn_skip] 16000/20000 top1=0.471 top5=0.853 ed=0.911 rr=0.631 (77s)
2026-09-16 15:30:08 INFO [gcn_skip] 16500/20000 top1=0.469 top5=0.852 ed=0.914 rr=0.630 (79s)
2026-09-16 15:30:10 INFO [gcn_skip] 17000/20000 top1=0.470 top5=0.853 ed=0.913 rr=0.631 (81s)
2026-09-16 15:30:11 INFO [gcn_skip] 17500/20000 top1=0.471 top5=0.854 ed=0.911 rr=0.631 (82s)
2026-09-16 15:30:13 INFO [gcn_skip] 18000/20000 top1=0.469 top5=0.854 ed=0.912 rr=0.631 (84s)
2026-09-16 15:30:15 INFO [gcn_skip] 18500/20000 top1=0.468 top5=0.853 ed=0.913 rr=0.630 (86s)
2026-09-16 15:30:17 INFO [gcn_skip] 19000/20000 top1=0.469 top5=0.853 ed=0.911 rr=0.630 (88s)
2026-09-16 15:30:19 INFO [gcn_skip] 19500/20000 top1=0.469 top5=0.853 ed=0.911 rr=0.630 (90s)
2026-09-16 15:30:21 INFO [gcn_skip] 20000/20000 top1=0.469 top5=0.853 ed=0.910 rr=0.631 (92s)
2026-09-16 15:30:21 INFO RESULT er:2000 gcn_skip: top1=0.4693 top3=0.7426 top5=0.8528 ed=0.9103 rr=0.6305 css=6.89 fit=2108.9s infer=0.00460s/inst
2026-09-16 15:30:21 INFO === method igcn ===
2026-09-16 15:32:50 INFO [igcn] epoch 1 val_loss=5.7204 val_acc=0.0873 (149s)
2026-09-16 15:53:32 INFO [igcn] epoch 10 val_loss=3.0944 val_acc=0.4187 (1391s)
2026-09-16 16:16:14 INFO [igcn] epoch 20 val_loss=2.0057 val_acc=0.4348 (2753s)
2026-09-16 16:37:07 INFO [igcn] epoch 30 val_loss=1.9491 val_acc=0.4353 (4006s)
2026-09-16 16:57:40 INFO [igcn] epoch 40 val_loss=1.9297 val_acc=0.4328 (5239s)
2026-09-16 17:18:02 INFO [igcn] epoch 50 val_loss=1.9265 val_acc=0.4335 (6461s)
2026-09-16 17:38:26 INFO [igcn] epoch 60 val_loss=1.9152 val_acc=0.4347 (7685s)
2026-09-16 17:54:33 INFO [igcn] trained 68 epochs, best val_loss=1.9084, 8652s
2026-09-16 17:55:20 INFO [igcn] 500/20000 top1=0.496 top5=0.790 ed=1.018 rr=0.624 (47s)
2026-09-16 17:55:22 INFO [igcn] 1000/20000 top1=0.472 top5=0.795 ed=1.076 rr=0.614 (48s)
2026-09-16 17:55:23 INFO [igcn] 1500/20000 top1=0.463 top5=0.800 ed=1.115 rr=0.609 (50s)
2026-09-16 17:55:25 INFO [igcn] 2000/20000 top1=0.474 top5=0.816 ed=1.081 rr=0.622 (52s)
2026-09-16 17:55:27 INFO [igcn] 2500/20000 top1=0.468 top5=0.821 ed=1.083 rr=0.621 (53s)
2026-09-16 17:55:28 INFO [igcn] 3000/20000 top1=0.464 top5=0.818 ed=1.089 rr=0.617 (55s)
2026-09-16 17:55:30 INFO [igcn] 3500/20000 top1=0.465 top5=0.817 ed=1.089 rr=0.617 (56s)
2026-09-16 17:55:31 INFO [igcn] 4000/20000 top1=0.459 top5=0.816 ed=1.100 rr=0.613 (58s)
2026-09-16 17:55:33 INFO [igcn] 4500/20000 top1=0.455 top5=0.815 ed=1.109 rr=0.610 (59s)
2026-09-16 17:55:34 INFO [igcn] 5000/20000 top1=0.451 top5=0.814 ed=1.123 rr=0.607 (61s)
2026-09-16 17:55:36 INFO [igcn] 5500/20000 top1=0.442 top5=0.811 ed=1.141 rr=0.600 (63s)
2026-09-16 17:55:38 INFO [igcn] 6000/20000 top1=0.442 top5=0.811 ed=1.145 rr=0.600 (64s)
2026-09-16 17:55:39 INFO [igcn] 6500/20000 top1=0.444 top5=0.814 ed=1.141 rr=0.603 (66s)
2026-09-16 17:55:41 INFO [igcn] 7000/20000 top1=0.447 top5=0.815 ed=1.141 rr=0.605 (67s)
2026-09-16 17:55:42 INFO [igcn] 7500/20000 top1=0.443 top5=0.816 ed=1.148 rr=0.603 (69s)
2026-09-16 17:55:44 INFO [igcn] 8000/20000 top1=0.443 top5=0.817 ed=1.145 rr=0.603 (71s)
2026-09-16 17:55:46 INFO [igcn] 8500/20000 top1=0.441 top5=0.814 ed=1.151 rr=0.601 (72s)
2026-09-16 17:55:47 INFO [igcn] 9000/20000 top1=0.442 top5=0.816 ed=1.152 rr=0.602 (74s)
2026-09-16 17:55:49 INFO [igcn] 9500/20000 top1=0.443 top5=0.815 ed=1.148 rr=0.603 (75s)
2026-09-16 17:55:50 INFO [igcn] 10000/20000 top1=0.444 top5=0.814 ed=1.149 rr=0.602 (77s)
2026-09-16 17:55:52 INFO [igcn] 10500/20000 top1=0.443 top5=0.814 ed=1.149 rr=0.602 (79s)
2026-09-16 17:55:54 INFO [igcn] 11000/20000 top1=0.444 top5=0.814 ed=1.146 rr=0.603 (80s)
2026-09-16 17:55:55 INFO [igcn] 11500/20000 top1=0.442 top5=0.813 ed=1.148 rr=0.602 (82s)
2026-09-16 17:55:57 INFO [igcn] 12000/20000 top1=0.443 top5=0.813 ed=1.152 rr=0.602 (83s)
2026-09-16 17:55:58 INFO [igcn] 12500/20000 top1=0.440 top5=0.811 ed=1.157 rr=0.600 (85s)
2026-09-16 17:56:00 INFO [igcn] 13000/20000 top1=0.441 top5=0.811 ed=1.155 rr=0.600 (87s)
2026-09-16 17:56:01 INFO [igcn] 13500/20000 top1=0.442 top5=0.812 ed=1.153 rr=0.601 (88s)
2026-09-16 17:56:03 INFO [igcn] 14000/20000 top1=0.441 top5=0.812 ed=1.155 rr=0.601 (90s)
2026-09-16 17:56:05 INFO [igcn] 14500/20000 top1=0.440 top5=0.812 ed=1.156 rr=0.601 (91s)
2026-09-16 17:56:06 INFO [igcn] 15000/20000 top1=0.440 top5=0.813 ed=1.156 rr=0.601 (93s)
2026-09-16 17:56:08 INFO [igcn] 15500/20000 top1=0.441 top5=0.814 ed=1.152 rr=0.601 (94s)
2026-09-16 17:56:09 INFO [igcn] 16000/20000 top1=0.440 top5=0.813 ed=1.154 rr=0.600 (96s)
2026-09-16 17:56:11 INFO [igcn] 16500/20000 top1=0.437 top5=0.813 ed=1.159 rr=0.598 (98s)
2026-09-16 17:56:13 INFO [igcn] 17000/20000 top1=0.438 top5=0.812 ed=1.158 rr=0.599 (99s)
2026-09-16 17:56:14 INFO [igcn] 17500/20000 top1=0.439 top5=0.814 ed=1.154 rr=0.600 (101s)
2026-09-16 17:56:16 INFO [igcn] 18000/20000 top1=0.437 top5=0.815 ed=1.156 rr=0.599 (102s)
2026-09-16 17:56:17 INFO [igcn] 18500/20000 top1=0.436 top5=0.814 ed=1.158 rr=0.598 (104s)
2026-09-16 17:56:19 INFO [igcn] 19000/20000 top1=0.437 top5=0.814 ed=1.155 rr=0.599 (106s)
2026-09-16 17:56:21 INFO [igcn] 19500/20000 top1=0.437 top5=0.814 ed=1.156 rr=0.598 (107s)
2026-09-16 17:56:22 INFO [igcn] 20000/20000 top1=0.437 top5=0.814 ed=1.157 rr=0.599 (109s)
2026-09-16 17:56:22 INFO RESULT er:2000 igcn: top1=0.4372 top3=0.7009 top5=0.8136 ed=1.1568 rr=0.5985 css=10.28 fit=8652.4s infer=0.00545s/inst
2026-09-16 17:56:22 INFO run source_er-2000_20260916T131120Z_5082 finished in 17102.8s
fatal: unable to access 'https://github.com/vinhqdang/trace_e/': Failed to connect to 127.0.0.1 port 35311 after 0 ms: Couldn't connect to server
