2026-09-16 05:08:52 INFO run source_powergrid_20260916T050852Z_9118 started, dir=/home/user/trace_e/results/runs/source_powergrid_20260916T050852Z_9118
2026-09-16 05:08:52 INFO network powergrid: {'n_nodes': 4941, 'n_edges': 6594, 'avg_degree': 2.66909532483303, 'n_components': 1, 'lcc_size': 4941}
2026-09-16 05:08:56 INFO train: 49410 outbreaks, avg size 9.03, singletons 15615 (3.5s)
2026-09-16 05:08:59 INFO test: 49410 outbreaks, avg size 5.58, singletons 15037 (3.0s)
2026-09-16 05:08:59 INFO === method random ===
2026-09-16 05:09:19 INFO [random] 500/49410 top1=0.360 top5=0.730 ed=1.206 rr=0.456 (20s)
2026-09-16 05:09:23 INFO [random] 1000/49410 top1=0.396 top5=0.775 ed=1.134 rr=0.492 (24s)
2026-09-16 05:09:26 INFO [random] 1500/49410 top1=0.399 top5=0.757 ed=1.127 rr=0.489 (27s)
2026-09-16 05:09:30 INFO [random] 2000/49410 top1=0.391 top5=0.756 ed=1.141 rr=0.481 (31s)
2026-09-16 05:09:33 INFO [random] 2500/49410 top1=0.386 top5=0.756 ed=1.174 rr=0.472 (34s)
2026-09-16 05:09:36 INFO [random] 3000/49410 top1=0.392 top5=0.768 ed=1.156 rr=0.482 (38s)
2026-09-16 05:09:40 INFO [random] 3500/49410 top1=0.393 top5=0.773 ed=1.159 rr=0.485 (41s)
2026-09-16 05:09:43 INFO [random] 4000/49410 top1=0.392 top5=0.776 ed=1.156 rr=0.486 (44s)
2026-09-16 05:09:47 INFO [random] 4500/49410 top1=0.399 top5=0.777 ed=1.149 rr=0.490 (48s)
2026-09-16 05:09:50 INFO [random] 5000/49410 top1=0.404 top5=0.785 ed=1.132 rr=0.496 (51s)
2026-09-16 05:09:53 INFO [random] 5500/49410 top1=0.406 top5=0.792 ed=1.121 rr=0.501 (55s)
2026-09-16 05:09:57 INFO [random] 6000/49410 top1=0.410 top5=0.799 ed=1.109 rr=0.504 (58s)
2026-09-16 05:10:00 INFO [random] 6500/49410 top1=0.413 top5=0.801 ed=1.099 rr=0.506 (61s)
2026-09-16 05:10:04 INFO [random] 7000/49410 top1=0.415 top5=0.804 ed=1.097 rr=0.509 (65s)
2026-09-16 05:10:07 INFO [random] 7500/49410 top1=0.418 top5=0.808 ed=1.089 rr=0.512 (68s)
2026-09-16 05:10:11 INFO [random] 8000/49410 top1=0.423 top5=0.812 ed=1.077 rr=0.515 (72s)
2026-09-16 05:10:14 INFO [random] 8500/49410 top1=0.427 top5=0.816 ed=1.070 rr=0.518 (76s)
2026-09-16 05:10:18 INFO [random] 9000/49410 top1=0.429 top5=0.817 ed=1.065 rr=0.520 (79s)
2026-09-16 05:10:22 INFO [random] 9500/49410 top1=0.433 top5=0.821 ed=1.056 rr=0.524 (83s)
2026-09-16 05:10:25 INFO [random] 10000/49410 top1=0.436 top5=0.826 ed=1.041 rr=0.527 (86s)
2026-09-16 05:10:28 INFO [random] 10500/49410 top1=0.438 top5=0.830 ed=1.031 rr=0.530 (90s)
2026-09-16 05:10:32 INFO [random] 11000/49410 top1=0.441 top5=0.835 ed=1.017 rr=0.534 (93s)
2026-09-16 05:10:35 INFO [random] 11500/49410 top1=0.445 top5=0.839 ed=1.008 rr=0.537 (96s)
2026-09-16 05:10:39 INFO [random] 12000/49410 top1=0.446 top5=0.844 ed=0.998 rr=0.540 (100s)
2026-09-16 05:10:42 INFO [random] 12500/49410 top1=0.449 top5=0.847 ed=0.993 rr=0.542 (103s)
2026-09-16 05:10:45 INFO [random] 13000/49410 top1=0.451 top5=0.850 ed=0.985 rr=0.545 (107s)
2026-09-16 05:10:49 INFO [random] 13500/49410 top1=0.455 top5=0.854 ed=0.977 rr=0.549 (110s)
2026-09-16 05:10:52 INFO [random] 14000/49410 top1=0.455 top5=0.855 ed=0.976 rr=0.550 (113s)
2026-09-16 05:10:55 INFO [random] 14500/49410 top1=0.453 top5=0.853 ed=0.981 rr=0.549 (117s)
2026-09-16 05:10:59 INFO [random] 15000/49410 top1=0.454 top5=0.853 ed=0.982 rr=0.548 (120s)
2026-09-16 05:11:02 INFO [random] 15500/49410 top1=0.455 top5=0.854 ed=0.984 rr=0.548 (123s)
2026-09-16 05:11:06 INFO [random] 16000/49410 top1=0.455 top5=0.854 ed=0.984 rr=0.549 (127s)
2026-09-16 05:11:09 INFO [random] 16500/49410 top1=0.453 top5=0.851 ed=0.989 rr=0.547 (130s)
2026-09-16 05:11:13 INFO [random] 17000/49410 top1=0.452 top5=0.848 ed=0.996 rr=0.544 (134s)
2026-09-16 05:11:16 INFO [random] 17500/49410 top1=0.450 top5=0.843 ed=1.004 rr=0.542 (137s)
2026-09-16 05:11:19 INFO [random] 18000/49410 top1=0.448 top5=0.841 ed=1.009 rr=0.540 (141s)
2026-09-16 05:11:23 INFO [random] 18500/49410 top1=0.447 top5=0.840 ed=1.011 rr=0.539 (144s)
2026-09-16 05:11:26 INFO [random] 19000/49410 top1=0.446 top5=0.838 ed=1.016 rr=0.538 (147s)
2026-09-16 05:11:29 INFO [random] 19500/49410 top1=0.444 top5=0.835 ed=1.021 rr=0.536 (151s)
2026-09-16 05:11:33 INFO [random] 20000/49410 top1=0.443 top5=0.832 ed=1.028 rr=0.534 (154s)
2026-09-16 05:11:36 INFO [random] 20500/49410 top1=0.441 top5=0.828 ed=1.036 rr=0.531 (157s)
2026-09-16 05:11:40 INFO [random] 21000/49410 top1=0.442 top5=0.828 ed=1.035 rr=0.532 (161s)
2026-09-16 05:11:43 INFO [random] 21500/49410 top1=0.440 top5=0.825 ed=1.040 rr=0.530 (164s)
2026-09-16 05:11:46 INFO [random] 22000/49410 top1=0.441 top5=0.826 ed=1.037 rr=0.531 (167s)
2026-09-16 05:11:50 INFO [random] 22500/49410 top1=0.442 top5=0.826 ed=1.035 rr=0.531 (171s)
2026-09-16 05:11:53 INFO [random] 23000/49410 top1=0.442 top5=0.826 ed=1.034 rr=0.532 (174s)
2026-09-16 05:11:57 INFO [random] 23500/49410 top1=0.444 top5=0.826 ed=1.031 rr=0.532 (178s)
2026-09-16 05:12:00 INFO [random] 24000/49410 top1=0.446 top5=0.827 ed=1.026 rr=0.535 (181s)
2026-09-16 05:12:03 INFO [random] 24500/49410 top1=0.447 top5=0.827 ed=1.026 rr=0.535 (184s)
2026-09-16 05:12:07 INFO [random] 25000/49410 top1=0.448 top5=0.827 ed=1.024 rr=0.536 (188s)
2026-09-16 05:12:10 INFO [random] 25500/49410 top1=0.450 top5=0.828 ed=1.021 rr=0.538 (191s)
2026-09-16 05:12:13 INFO [random] 26000/49410 top1=0.453 top5=0.830 ed=1.016 rr=0.540 (195s)
2026-09-16 05:12:17 INFO [random] 26500/49410 top1=0.455 top5=0.831 ed=1.012 rr=0.542 (198s)
2026-09-16 05:12:20 INFO [random] 27000/49410 top1=0.454 top5=0.831 ed=1.013 rr=0.541 (201s)
2026-09-16 05:12:24 INFO [random] 27500/49410 top1=0.453 top5=0.831 ed=1.015 rr=0.541 (205s)
2026-09-16 05:12:27 INFO [random] 28000/49410 top1=0.452 top5=0.831 ed=1.016 rr=0.540 (208s)
2026-09-16 05:12:31 INFO [random] 28500/49410 top1=0.452 top5=0.831 ed=1.014 rr=0.541 (212s)
2026-09-16 05:12:34 INFO [random] 29000/49410 top1=0.453 top5=0.833 ed=1.011 rr=0.542 (215s)
2026-09-16 05:12:37 INFO [random] 29500/49410 top1=0.455 top5=0.835 ed=1.008 rr=0.543 (218s)
2026-09-16 05:12:41 INFO [random] 30000/49410 top1=0.456 top5=0.836 ed=1.003 rr=0.545 (222s)
2026-09-16 05:12:44 INFO [random] 30500/49410 top1=0.458 top5=0.838 ed=0.999 rr=0.547 (225s)
2026-09-16 05:12:47 INFO [random] 31000/49410 top1=0.460 top5=0.840 ed=0.994 rr=0.548 (228s)
2026-09-16 05:12:51 INFO [random] 31500/49410 top1=0.462 top5=0.841 ed=0.990 rr=0.550 (232s)
2026-09-16 05:12:54 INFO [random] 32000/49410 top1=0.461 top5=0.841 ed=0.991 rr=0.550 (235s)
2026-09-16 05:12:57 INFO [random] 32500/49410 top1=0.460 top5=0.840 ed=0.995 rr=0.549 (239s)
2026-09-16 05:13:01 INFO [random] 33000/49410 top1=0.460 top5=0.840 ed=0.993 rr=0.549 (242s)
2026-09-16 05:13:04 INFO [random] 33500/49410 top1=0.460 top5=0.839 ed=0.995 rr=0.549 (245s)
2026-09-16 05:13:08 INFO [random] 34000/49410 top1=0.460 top5=0.840 ed=0.994 rr=0.548 (249s)
2026-09-16 05:13:11 INFO [random] 34500/49410 top1=0.460 top5=0.840 ed=0.993 rr=0.548 (252s)
2026-09-16 05:13:15 INFO [random] 35000/49410 top1=0.460 top5=0.841 ed=0.992 rr=0.549 (256s)
2026-09-16 05:13:18 INFO [random] 35500/49410 top1=0.460 top5=0.841 ed=0.991 rr=0.549 (259s)
2026-09-16 05:13:22 INFO [random] 36000/49410 top1=0.461 top5=0.841 ed=0.991 rr=0.549 (263s)
2026-09-16 05:13:25 INFO [random] 36500/49410 top1=0.462 top5=0.842 ed=0.990 rr=0.550 (266s)
2026-09-16 05:13:28 INFO [random] 37000/49410 top1=0.462 top5=0.842 ed=0.988 rr=0.550 (269s)
2026-09-16 05:13:32 INFO [random] 37500/49410 top1=0.464 top5=0.843 ed=0.985 rr=0.552 (273s)
2026-09-16 05:13:35 INFO [random] 38000/49410 top1=0.466 top5=0.844 ed=0.983 rr=0.553 (276s)
2026-09-16 05:13:38 INFO [random] 38500/49410 top1=0.463 top5=0.838 ed=0.991 rr=0.550 (279s)
2026-09-16 05:13:42 INFO [random] 39000/49410 top1=0.463 top5=0.837 ed=0.993 rr=0.550 (283s)
2026-09-16 05:13:45 INFO [random] 39500/49410 top1=0.464 top5=0.837 ed=0.991 rr=0.550 (286s)
2026-09-16 05:13:48 INFO [random] 40000/49410 top1=0.465 top5=0.838 ed=0.989 rr=0.551 (290s)
2026-09-16 05:13:52 INFO [random] 40500/49410 top1=0.465 top5=0.840 ed=0.987 rr=0.552 (293s)
2026-09-16 05:13:55 INFO [random] 41000/49410 top1=0.466 top5=0.841 ed=0.985 rr=0.552 (296s)
2026-09-16 05:13:58 INFO [random] 41500/49410 top1=0.467 top5=0.842 ed=0.982 rr=0.553 (300s)
2026-09-16 05:14:02 INFO [random] 42000/49410 top1=0.468 top5=0.843 ed=0.979 rr=0.554 (303s)
2026-09-16 05:14:05 INFO [random] 42500/49410 top1=0.469 top5=0.844 ed=0.978 rr=0.555 (306s)
2026-09-16 05:14:09 INFO [random] 43000/49410 top1=0.470 top5=0.844 ed=0.976 rr=0.556 (310s)
2026-09-16 05:14:12 INFO [random] 43500/49410 top1=0.469 top5=0.845 ed=0.976 rr=0.556 (313s)
2026-09-16 05:14:15 INFO [random] 44000/49410 top1=0.470 top5=0.845 ed=0.975 rr=0.556 (317s)
2026-09-16 05:14:19 INFO [random] 44500/49410 top1=0.470 top5=0.845 ed=0.975 rr=0.556 (320s)
2026-09-16 05:14:22 INFO [random] 45000/49410 top1=0.469 top5=0.845 ed=0.976 rr=0.556 (324s)
2026-09-16 05:14:26 INFO [random] 45500/49410 top1=0.469 top5=0.844 ed=0.976 rr=0.556 (327s)
2026-09-16 05:14:29 INFO [random] 46000/49410 top1=0.469 top5=0.844 ed=0.976 rr=0.556 (330s)
2026-09-16 05:14:32 INFO [random] 46500/49410 top1=0.471 top5=0.844 ed=0.974 rr=0.557 (334s)
2026-09-16 05:14:36 INFO [random] 47000/49410 top1=0.470 top5=0.844 ed=0.975 rr=0.556 (337s)
2026-09-16 05:14:39 INFO [random] 47500/49410 top1=0.471 top5=0.844 ed=0.974 rr=0.556 (341s)
2026-09-16 05:14:43 INFO [random] 48000/49410 top1=0.470 top5=0.843 ed=0.975 rr=0.556 (344s)
2026-09-16 05:14:46 INFO [random] 48500/49410 top1=0.470 top5=0.843 ed=0.976 rr=0.556 (347s)
2026-09-16 05:14:49 INFO [random] 49000/49410 top1=0.471 top5=0.843 ed=0.974 rr=0.556 (351s)
2026-09-16 05:14:53 INFO RESULT powergrid random: top1=0.4703 top3=0.7349 top5=0.8433 ed=0.9742 rr=0.5560 css=5.33 fit=0.0s infer=0.00715s/inst
2026-09-16 05:14:53 INFO === method degree ===
2026-09-16 05:15:12 INFO [degree] 500/49410 top1=0.438 top5=0.834 ed=0.724 rr=0.594 (19s)
2026-09-16 05:15:16 INFO [degree] 1000/49410 top1=0.477 top5=0.872 ed=0.694 rr=0.625 (23s)
2026-09-16 05:15:19 INFO [degree] 1500/49410 top1=0.491 top5=0.876 ed=0.685 rr=0.634 (26s)
2026-09-16 05:15:23 INFO [degree] 2000/49410 top1=0.476 top5=0.873 ed=0.702 rr=0.624 (30s)
2026-09-16 05:15:26 INFO [degree] 2500/49410 top1=0.470 top5=0.874 ed=0.721 rr=0.618 (33s)
2026-09-16 05:15:29 INFO [degree] 3000/49410 top1=0.477 top5=0.878 ed=0.715 rr=0.623 (36s)
2026-09-16 05:15:32 INFO [degree] 3500/49410 top1=0.480 top5=0.879 ed=0.717 rr=0.622 (39s)
2026-09-16 05:15:36 INFO [degree] 4000/49410 top1=0.477 top5=0.883 ed=0.723 rr=0.622 (43s)
2026-09-16 05:15:39 INFO [degree] 4500/49410 top1=0.481 top5=0.880 ed=0.726 rr=0.622 (46s)
2026-09-16 05:15:42 INFO [degree] 5000/49410 top1=0.487 top5=0.883 ed=0.720 rr=0.626 (49s)
2026-09-16 05:15:46 INFO [degree] 5500/49410 top1=0.487 top5=0.885 ed=0.716 rr=0.628 (53s)
2026-09-16 05:15:49 INFO [degree] 6000/49410 top1=0.488 top5=0.889 ed=0.715 rr=0.629 (56s)
2026-09-16 05:15:52 INFO [degree] 6500/49410 top1=0.492 top5=0.890 ed=0.708 rr=0.631 (59s)
2026-09-16 05:15:56 INFO [degree] 7000/49410 top1=0.493 top5=0.888 ed=0.705 rr=0.630 (63s)
2026-09-16 05:15:59 INFO [degree] 7500/49410 top1=0.495 top5=0.887 ed=0.703 rr=0.631 (66s)
2026-09-16 05:16:02 INFO [degree] 8000/49410 top1=0.497 top5=0.888 ed=0.698 rr=0.633 (69s)
2026-09-16 05:16:06 INFO [degree] 8500/49410 top1=0.497 top5=0.889 ed=0.697 rr=0.634 (73s)
2026-09-16 05:16:09 INFO [degree] 9000/49410 top1=0.499 top5=0.890 ed=0.695 rr=0.635 (76s)
2026-09-16 05:16:12 INFO [degree] 9500/49410 top1=0.501 top5=0.892 ed=0.690 rr=0.637 (79s)
2026-09-16 05:16:16 INFO [degree] 10000/49410 top1=0.502 top5=0.895 ed=0.686 rr=0.638 (83s)
2026-09-16 05:16:19 INFO [degree] 10500/49410 top1=0.503 top5=0.897 ed=0.686 rr=0.639 (86s)
2026-09-16 05:16:23 INFO [degree] 11000/49410 top1=0.507 top5=0.900 ed=0.681 rr=0.642 (90s)
2026-09-16 05:16:26 INFO [degree] 11500/49410 top1=0.508 top5=0.902 ed=0.677 rr=0.644 (93s)
2026-09-16 05:16:29 INFO [degree] 12000/49410 top1=0.510 top5=0.905 ed=0.672 rr=0.646 (96s)
2026-09-16 05:16:33 INFO [degree] 12500/49410 top1=0.510 top5=0.906 ed=0.670 rr=0.647 (100s)
2026-09-16 05:16:36 INFO [degree] 13000/49410 top1=0.511 top5=0.907 ed=0.668 rr=0.648 (103s)
2026-09-16 05:16:39 INFO [degree] 13500/49410 top1=0.513 top5=0.909 ed=0.665 rr=0.649 (106s)
2026-09-16 05:16:43 INFO [degree] 14000/49410 top1=0.513 top5=0.909 ed=0.665 rr=0.650 (110s)
2026-09-16 05:16:46 INFO [degree] 14500/49410 top1=0.513 top5=0.909 ed=0.665 rr=0.650 (113s)
2026-09-16 05:16:49 INFO [degree] 15000/49410 top1=0.512 top5=0.908 ed=0.667 rr=0.650 (116s)
2026-09-16 05:16:53 INFO [degree] 15500/49410 top1=0.510 top5=0.907 ed=0.669 rr=0.648 (120s)
2026-09-16 05:16:56 INFO [degree] 16000/49410 top1=0.509 top5=0.906 ed=0.670 rr=0.647 (123s)
2026-09-16 05:17:00 INFO [degree] 16500/49410 top1=0.508 top5=0.905 ed=0.672 rr=0.647 (127s)
2026-09-16 05:17:03 INFO [degree] 17000/49410 top1=0.507 top5=0.902 ed=0.672 rr=0.645 (130s)
2026-09-16 05:17:06 INFO [degree] 17500/49410 top1=0.507 top5=0.901 ed=0.672 rr=0.644 (133s)
2026-09-16 05:17:10 INFO [degree] 18000/49410 top1=0.506 top5=0.900 ed=0.674 rr=0.643 (137s)
2026-09-16 05:17:13 INFO [degree] 18500/49410 top1=0.505 top5=0.899 ed=0.676 rr=0.643 (140s)
2026-09-16 05:17:17 INFO [degree] 19000/49410 top1=0.504 top5=0.898 ed=0.678 rr=0.642 (144s)
2026-09-16 05:17:20 INFO [degree] 19500/49410 top1=0.502 top5=0.895 ed=0.682 rr=0.640 (147s)
2026-09-16 05:17:23 INFO [degree] 20000/49410 top1=0.499 top5=0.892 ed=0.685 rr=0.637 (150s)
2026-09-16 05:17:27 INFO [degree] 20500/49410 top1=0.497 top5=0.887 ed=0.688 rr=0.635 (154s)
2026-09-16 05:17:30 INFO [degree] 21000/49410 top1=0.496 top5=0.887 ed=0.688 rr=0.634 (157s)
2026-09-16 05:17:33 INFO [degree] 21500/49410 top1=0.494 top5=0.884 ed=0.692 rr=0.632 (160s)
2026-09-16 05:17:37 INFO [degree] 22000/49410 top1=0.495 top5=0.885 ed=0.690 rr=0.633 (164s)
2026-09-16 05:17:40 INFO [degree] 22500/49410 top1=0.495 top5=0.884 ed=0.690 rr=0.633 (167s)
2026-09-16 05:17:43 INFO [degree] 23000/49410 top1=0.494 top5=0.884 ed=0.692 rr=0.632 (170s)
2026-09-16 05:17:47 INFO [degree] 23500/49410 top1=0.495 top5=0.883 ed=0.691 rr=0.632 (174s)
2026-09-16 05:17:50 INFO [degree] 24000/49410 top1=0.495 top5=0.884 ed=0.689 rr=0.633 (177s)
2026-09-16 05:17:54 INFO [degree] 24500/49410 top1=0.494 top5=0.883 ed=0.690 rr=0.632 (181s)
2026-09-16 05:17:57 INFO [degree] 25000/49410 top1=0.494 top5=0.881 ed=0.689 rr=0.632 (184s)
2026-09-16 05:18:00 INFO [degree] 25500/49410 top1=0.495 top5=0.881 ed=0.688 rr=0.632 (187s)
2026-09-16 05:18:04 INFO [degree] 26000/49410 top1=0.497 top5=0.881 ed=0.686 rr=0.633 (191s)
2026-09-16 05:18:07 INFO [degree] 26500/49410 top1=0.497 top5=0.881 ed=0.685 rr=0.634 (194s)
2026-09-16 05:18:11 INFO [degree] 27000/49410 top1=0.498 top5=0.882 ed=0.684 rr=0.634 (198s)
2026-09-16 05:18:14 INFO [degree] 27500/49410 top1=0.498 top5=0.882 ed=0.683 rr=0.635 (201s)
2026-09-16 05:18:17 INFO [degree] 28000/49410 top1=0.498 top5=0.882 ed=0.683 rr=0.635 (204s)
2026-09-16 05:18:21 INFO [degree] 28500/49410 top1=0.499 top5=0.882 ed=0.683 rr=0.635 (208s)
2026-09-16 05:18:24 INFO [degree] 29000/49410 top1=0.500 top5=0.883 ed=0.680 rr=0.636 (211s)
2026-09-16 05:18:28 INFO [degree] 29500/49410 top1=0.502 top5=0.884 ed=0.677 rr=0.637 (214s)
2026-09-16 05:18:31 INFO [degree] 30000/49410 top1=0.503 top5=0.885 ed=0.675 rr=0.638 (218s)
2026-09-16 05:18:34 INFO [degree] 30500/49410 top1=0.503 top5=0.885 ed=0.674 rr=0.639 (221s)
2026-09-16 05:18:38 INFO [degree] 31000/49410 top1=0.505 top5=0.886 ed=0.672 rr=0.640 (225s)
2026-09-16 05:18:41 INFO [degree] 31500/49410 top1=0.506 top5=0.887 ed=0.670 rr=0.641 (228s)
2026-09-16 05:18:45 INFO [degree] 32000/49410 top1=0.506 top5=0.887 ed=0.670 rr=0.641 (232s)
2026-09-16 05:18:48 INFO [degree] 32500/49410 top1=0.505 top5=0.887 ed=0.671 rr=0.641 (235s)
2026-09-16 05:18:51 INFO [degree] 33000/49410 top1=0.505 top5=0.887 ed=0.670 rr=0.641 (238s)
2026-09-16 05:18:55 INFO [degree] 33500/49410 top1=0.505 top5=0.887 ed=0.671 rr=0.640 (242s)
2026-09-16 05:18:58 INFO [degree] 34000/49410 top1=0.505 top5=0.887 ed=0.671 rr=0.640 (245s)
2026-09-16 05:19:02 INFO [degree] 34500/49410 top1=0.505 top5=0.887 ed=0.670 rr=0.641 (249s)
2026-09-16 05:19:05 INFO [degree] 35000/49410 top1=0.505 top5=0.887 ed=0.670 rr=0.641 (252s)
2026-09-16 05:19:09 INFO [degree] 35500/49410 top1=0.506 top5=0.888 ed=0.669 rr=0.641 (256s)
2026-09-16 05:19:12 INFO [degree] 36000/49410 top1=0.506 top5=0.888 ed=0.669 rr=0.641 (259s)
2026-09-16 05:19:16 INFO [degree] 36500/49410 top1=0.506 top5=0.889 ed=0.668 rr=0.642 (263s)
2026-09-16 05:19:19 INFO [degree] 37000/49410 top1=0.506 top5=0.889 ed=0.667 rr=0.642 (266s)
2026-09-16 05:19:22 INFO [degree] 37500/49410 top1=0.507 top5=0.889 ed=0.665 rr=0.643 (269s)
2026-09-16 05:19:26 INFO [degree] 38000/49410 top1=0.507 top5=0.889 ed=0.665 rr=0.643 (273s)
2026-09-16 05:19:29 INFO [degree] 38500/49410 top1=0.505 top5=0.885 ed=0.670 rr=0.641 (276s)
2026-09-16 05:19:32 INFO [degree] 39000/49410 top1=0.504 top5=0.883 ed=0.672 rr=0.640 (279s)
2026-09-16 05:19:36 INFO [degree] 39500/49410 top1=0.505 top5=0.883 ed=0.671 rr=0.640 (283s)
2026-09-16 05:19:39 INFO [degree] 40000/49410 top1=0.505 top5=0.884 ed=0.669 rr=0.641 (286s)
2026-09-16 05:19:42 INFO [degree] 40500/49410 top1=0.506 top5=0.885 ed=0.668 rr=0.642 (289s)
2026-09-16 05:19:46 INFO [degree] 41000/49410 top1=0.507 top5=0.885 ed=0.666 rr=0.642 (293s)
2026-09-16 05:19:49 INFO [degree] 41500/49410 top1=0.508 top5=0.886 ed=0.665 rr=0.643 (296s)
2026-09-16 05:19:53 INFO [degree] 42000/49410 top1=0.508 top5=0.887 ed=0.663 rr=0.643 (300s)
2026-09-16 05:19:56 INFO [degree] 42500/49410 top1=0.508 top5=0.887 ed=0.662 rr=0.644 (303s)
2026-09-16 05:19:59 INFO [degree] 43000/49410 top1=0.509 top5=0.888 ed=0.661 rr=0.644 (306s)
2026-09-16 05:20:03 INFO [degree] 43500/49410 top1=0.509 top5=0.888 ed=0.662 rr=0.644 (310s)
2026-09-16 05:20:06 INFO [degree] 44000/49410 top1=0.509 top5=0.889 ed=0.662 rr=0.645 (313s)
2026-09-16 05:20:09 INFO [degree] 44500/49410 top1=0.509 top5=0.889 ed=0.662 rr=0.645 (316s)
2026-09-16 05:20:13 INFO [degree] 45000/49410 top1=0.509 top5=0.889 ed=0.661 rr=0.645 (320s)
2026-09-16 05:20:16 INFO [degree] 45500/49410 top1=0.509 top5=0.888 ed=0.661 rr=0.645 (323s)
2026-09-16 05:20:20 INFO [degree] 46000/49410 top1=0.509 top5=0.888 ed=0.662 rr=0.645 (327s)
2026-09-16 05:20:23 INFO [degree] 46500/49410 top1=0.510 top5=0.888 ed=0.661 rr=0.645 (330s)
2026-09-16 05:20:26 INFO [degree] 47000/49410 top1=0.509 top5=0.888 ed=0.662 rr=0.645 (333s)
2026-09-16 05:20:30 INFO [degree] 47500/49410 top1=0.509 top5=0.888 ed=0.662 rr=0.644 (337s)
2026-09-16 05:20:33 INFO [degree] 48000/49410 top1=0.509 top5=0.887 ed=0.663 rr=0.644 (340s)
2026-09-16 05:20:36 INFO [degree] 48500/49410 top1=0.509 top5=0.887 ed=0.663 rr=0.644 (343s)
2026-09-16 05:20:40 INFO [degree] 49000/49410 top1=0.509 top5=0.888 ed=0.664 rr=0.644 (347s)
2026-09-16 05:20:44 INFO RESULT powergrid degree: top1=0.5088 top3=0.7877 top5=0.8875 ed=0.6640 rr=0.6439 fit=0.0s infer=0.00707s/inst
2026-09-16 05:20:44 INFO === method jordan ===
2026-09-16 05:21:02 INFO [jordan] 500/49410 top1=0.472 top5=0.832 ed=0.764 rr=0.583 (18s)
2026-09-16 05:21:05 INFO [jordan] 1000/49410 top1=0.500 top5=0.882 ed=0.719 rr=0.618 (22s)
2026-09-16 05:21:09 INFO [jordan] 1500/49410 top1=0.495 top5=0.887 ed=0.708 rr=0.619 (25s)
2026-09-16 05:21:13 INFO [jordan] 2000/49410 top1=0.486 top5=0.875 ed=0.725 rr=0.610 (29s)
2026-09-16 05:21:16 INFO [jordan] 2500/49410 top1=0.475 top5=0.871 ed=0.740 rr=0.604 (32s)
2026-09-16 05:21:19 INFO [jordan] 3000/49410 top1=0.484 top5=0.878 ed=0.720 rr=0.613 (36s)
2026-09-16 05:21:23 INFO [jordan] 3500/49410 top1=0.481 top5=0.879 ed=0.719 rr=0.614 (39s)
2026-09-16 05:21:26 INFO [jordan] 4000/49410 top1=0.476 top5=0.880 ed=0.715 rr=0.613 (42s)
2026-09-16 05:21:29 INFO [jordan] 4500/49410 top1=0.477 top5=0.878 ed=0.713 rr=0.614 (46s)
2026-09-16 05:21:33 INFO [jordan] 5000/49410 top1=0.482 top5=0.882 ed=0.707 rr=0.619 (49s)
2026-09-16 05:21:36 INFO [jordan] 5500/49410 top1=0.485 top5=0.884 ed=0.702 rr=0.622 (52s)
2026-09-16 05:21:39 INFO [jordan] 6000/49410 top1=0.490 top5=0.889 ed=0.694 rr=0.627 (56s)
2026-09-16 05:21:42 INFO [jordan] 6500/49410 top1=0.490 top5=0.891 ed=0.689 rr=0.628 (59s)
2026-09-16 05:21:46 INFO [jordan] 7000/49410 top1=0.491 top5=0.889 ed=0.690 rr=0.628 (62s)
2026-09-16 05:21:49 INFO [jordan] 7500/49410 top1=0.492 top5=0.889 ed=0.686 rr=0.629 (65s)
2026-09-16 05:21:52 INFO [jordan] 8000/49410 top1=0.495 top5=0.891 ed=0.682 rr=0.632 (69s)
2026-09-16 05:21:56 INFO [jordan] 8500/49410 top1=0.497 top5=0.891 ed=0.680 rr=0.633 (72s)
2026-09-16 05:21:59 INFO [jordan] 9000/49410 top1=0.497 top5=0.892 ed=0.678 rr=0.634 (75s)
2026-09-16 05:22:02 INFO [jordan] 9500/49410 top1=0.500 top5=0.894 ed=0.672 rr=0.636 (78s)
2026-09-16 05:22:05 INFO [jordan] 10000/49410 top1=0.501 top5=0.896 ed=0.669 rr=0.638 (82s)
2026-09-16 05:22:09 INFO [jordan] 10500/49410 top1=0.502 top5=0.898 ed=0.667 rr=0.639 (85s)
2026-09-16 05:22:12 INFO [jordan] 11000/49410 top1=0.504 top5=0.900 ed=0.662 rr=0.642 (88s)
2026-09-16 05:22:15 INFO [jordan] 11500/49410 top1=0.508 top5=0.902 ed=0.657 rr=0.645 (92s)
2026-09-16 05:22:20 INFO [jordan] 12000/49410 top1=0.511 top5=0.905 ed=0.652 rr=0.647 (96s)
2026-09-16 05:22:24 INFO [jordan] 12500/49410 top1=0.511 top5=0.906 ed=0.651 rr=0.648 (100s)
2026-09-16 05:22:27 INFO [jordan] 13000/49410 top1=0.513 top5=0.908 ed=0.648 rr=0.649 (103s)
2026-09-16 05:22:30 INFO [jordan] 13500/49410 top1=0.514 top5=0.909 ed=0.646 rr=0.650 (107s)
2026-09-16 05:22:33 INFO [jordan] 14000/49410 top1=0.514 top5=0.909 ed=0.645 rr=0.651 (110s)
2026-09-16 05:22:37 INFO [jordan] 14500/49410 top1=0.513 top5=0.908 ed=0.646 rr=0.650 (113s)
2026-09-16 05:22:40 INFO [jordan] 15000/49410 top1=0.512 top5=0.908 ed=0.649 rr=0.649 (117s)
2026-09-16 05:22:43 INFO [jordan] 15500/49410 top1=0.511 top5=0.907 ed=0.651 rr=0.648 (120s)
2026-09-16 05:22:47 INFO [jordan] 16000/49410 top1=0.510 top5=0.905 ed=0.653 rr=0.647 (123s)
2026-09-16 05:22:50 INFO [jordan] 16500/49410 top1=0.510 top5=0.904 ed=0.655 rr=0.646 (127s)
2026-09-16 05:22:54 INFO [jordan] 17000/49410 top1=0.509 top5=0.902 ed=0.657 rr=0.645 (130s)
2026-09-16 05:22:57 INFO [jordan] 17500/49410 top1=0.508 top5=0.900 ed=0.659 rr=0.643 (133s)
2026-09-16 05:23:00 INFO [jordan] 18000/49410 top1=0.506 top5=0.899 ed=0.660 rr=0.642 (137s)
2026-09-16 05:23:03 INFO [jordan] 18500/49410 top1=0.506 top5=0.898 ed=0.662 rr=0.641 (140s)
2026-09-16 05:23:07 INFO [jordan] 19000/49410 top1=0.504 top5=0.897 ed=0.665 rr=0.640 (143s)
2026-09-16 05:23:10 INFO [jordan] 19500/49410 top1=0.502 top5=0.895 ed=0.667 rr=0.638 (146s)
2026-09-16 05:23:13 INFO [jordan] 20000/49410 top1=0.501 top5=0.892 ed=0.672 rr=0.635 (150s)
2026-09-16 05:23:17 INFO [jordan] 20500/49410 top1=0.498 top5=0.888 ed=0.679 rr=0.632 (153s)
2026-09-16 05:23:20 INFO [jordan] 21000/49410 top1=0.498 top5=0.887 ed=0.680 rr=0.632 (156s)
2026-09-16 05:23:23 INFO [jordan] 21500/49410 top1=0.496 top5=0.885 ed=0.683 rr=0.630 (159s)
2026-09-16 05:23:26 INFO [jordan] 22000/49410 top1=0.497 top5=0.886 ed=0.681 rr=0.631 (163s)
2026-09-16 05:23:30 INFO [jordan] 22500/49410 top1=0.495 top5=0.884 ed=0.683 rr=0.630 (166s)
2026-09-16 05:23:33 INFO [jordan] 23000/49410 top1=0.494 top5=0.883 ed=0.686 rr=0.628 (169s)
2026-09-16 05:23:36 INFO [jordan] 23500/49410 top1=0.494 top5=0.883 ed=0.686 rr=0.629 (172s)
2026-09-16 05:23:39 INFO [jordan] 24000/49410 top1=0.495 top5=0.883 ed=0.685 rr=0.629 (176s)
2026-09-16 05:23:43 INFO [jordan] 24500/49410 top1=0.495 top5=0.882 ed=0.687 rr=0.628 (179s)
2026-09-16 05:23:46 INFO [jordan] 25000/49410 top1=0.494 top5=0.881 ed=0.688 rr=0.628 (182s)
2026-09-16 05:23:49 INFO [jordan] 25500/49410 top1=0.495 top5=0.880 ed=0.688 rr=0.628 (186s)
2026-09-16 05:23:53 INFO [jordan] 26000/49410 top1=0.497 top5=0.880 ed=0.686 rr=0.629 (189s)
2026-09-16 05:23:56 INFO [jordan] 26500/49410 top1=0.497 top5=0.880 ed=0.685 rr=0.630 (192s)
2026-09-16 05:23:59 INFO [jordan] 27000/49410 top1=0.498 top5=0.881 ed=0.684 rr=0.630 (196s)
2026-09-16 05:24:03 INFO [jordan] 27500/49410 top1=0.498 top5=0.882 ed=0.683 rr=0.630 (199s)
2026-09-16 05:24:06 INFO [jordan] 28000/49410 top1=0.497 top5=0.882 ed=0.683 rr=0.631 (202s)
2026-09-16 05:24:10 INFO [jordan] 28500/49410 top1=0.498 top5=0.883 ed=0.682 rr=0.631 (206s)
2026-09-16 05:24:13 INFO [jordan] 29000/49410 top1=0.499 top5=0.884 ed=0.679 rr=0.632 (209s)
2026-09-16 05:24:16 INFO [jordan] 29500/49410 top1=0.501 top5=0.884 ed=0.677 rr=0.633 (212s)
2026-09-16 05:24:19 INFO [jordan] 30000/49410 top1=0.501 top5=0.885 ed=0.675 rr=0.634 (216s)
2026-09-16 05:24:23 INFO [jordan] 30500/49410 top1=0.503 top5=0.886 ed=0.672 rr=0.635 (219s)
2026-09-16 05:24:26 INFO [jordan] 31000/49410 top1=0.504 top5=0.887 ed=0.670 rr=0.637 (222s)
2026-09-16 05:24:29 INFO [jordan] 31500/49410 top1=0.506 top5=0.888 ed=0.668 rr=0.638 (226s)
2026-09-16 05:24:33 INFO [jordan] 32000/49410 top1=0.505 top5=0.888 ed=0.669 rr=0.638 (229s)
2026-09-16 05:24:36 INFO [jordan] 32500/49410 top1=0.505 top5=0.888 ed=0.670 rr=0.637 (232s)
2026-09-16 05:24:39 INFO [jordan] 33000/49410 top1=0.506 top5=0.888 ed=0.668 rr=0.637 (236s)
2026-09-16 05:24:42 INFO [jordan] 33500/49410 top1=0.505 top5=0.887 ed=0.670 rr=0.637 (239s)
2026-09-16 05:24:46 INFO [jordan] 34000/49410 top1=0.505 top5=0.888 ed=0.669 rr=0.637 (242s)
2026-09-16 05:24:49 INFO [jordan] 34500/49410 top1=0.505 top5=0.889 ed=0.668 rr=0.637 (246s)
2026-09-16 05:24:53 INFO [jordan] 35000/49410 top1=0.506 top5=0.889 ed=0.668 rr=0.638 (249s)
2026-09-16 05:24:56 INFO [jordan] 35500/49410 top1=0.506 top5=0.889 ed=0.666 rr=0.638 (252s)
2026-09-16 05:24:59 INFO [jordan] 36000/49410 top1=0.507 top5=0.889 ed=0.665 rr=0.638 (255s)
2026-09-16 05:25:02 INFO [jordan] 36500/49410 top1=0.507 top5=0.890 ed=0.664 rr=0.639 (259s)
2026-09-16 05:25:06 INFO [jordan] 37000/49410 top1=0.508 top5=0.890 ed=0.664 rr=0.639 (262s)
2026-09-16 05:25:09 INFO [jordan] 37500/49410 top1=0.509 top5=0.890 ed=0.663 rr=0.640 (265s)
2026-09-16 05:25:12 INFO [jordan] 38000/49410 top1=0.509 top5=0.890 ed=0.662 rr=0.640 (269s)
2026-09-16 05:25:16 INFO [jordan] 38500/49410 top1=0.506 top5=0.885 ed=0.668 rr=0.637 (272s)
2026-09-16 05:25:19 INFO [jordan] 39000/49410 top1=0.506 top5=0.883 ed=0.671 rr=0.636 (276s)
2026-09-16 05:25:23 INFO [jordan] 39500/49410 top1=0.507 top5=0.883 ed=0.670 rr=0.636 (279s)
2026-09-16 05:25:26 INFO [jordan] 40000/49410 top1=0.508 top5=0.884 ed=0.668 rr=0.637 (282s)
2026-09-16 05:25:29 INFO [jordan] 40500/49410 top1=0.508 top5=0.885 ed=0.666 rr=0.638 (286s)
2026-09-16 05:25:33 INFO [jordan] 41000/49410 top1=0.509 top5=0.886 ed=0.664 rr=0.639 (289s)
2026-09-16 05:25:36 INFO [jordan] 41500/49410 top1=0.510 top5=0.887 ed=0.663 rr=0.639 (292s)
2026-09-16 05:25:39 INFO [jordan] 42000/49410 top1=0.510 top5=0.888 ed=0.662 rr=0.640 (295s)
2026-09-16 05:25:42 INFO [jordan] 42500/49410 top1=0.511 top5=0.889 ed=0.661 rr=0.641 (299s)
2026-09-16 05:25:46 INFO [jordan] 43000/49410 top1=0.511 top5=0.889 ed=0.660 rr=0.641 (302s)
2026-09-16 05:25:49 INFO [jordan] 43500/49410 top1=0.511 top5=0.890 ed=0.661 rr=0.641 (305s)
2026-09-16 05:25:52 INFO [jordan] 44000/49410 top1=0.511 top5=0.890 ed=0.660 rr=0.641 (309s)
2026-09-16 05:25:56 INFO [jordan] 44500/49410 top1=0.511 top5=0.890 ed=0.660 rr=0.641 (312s)
2026-09-16 05:25:59 INFO [jordan] 45000/49410 top1=0.511 top5=0.890 ed=0.660 rr=0.641 (315s)
2026-09-16 05:26:02 INFO [jordan] 45500/49410 top1=0.511 top5=0.890 ed=0.660 rr=0.641 (319s)
2026-09-16 05:26:06 INFO [jordan] 46000/49410 top1=0.511 top5=0.889 ed=0.660 rr=0.641 (322s)
2026-09-16 05:26:09 INFO [jordan] 46500/49410 top1=0.512 top5=0.889 ed=0.659 rr=0.642 (326s)
2026-09-16 05:26:12 INFO [jordan] 47000/49410 top1=0.511 top5=0.889 ed=0.661 rr=0.641 (329s)
2026-09-16 05:26:16 INFO [jordan] 47500/49410 top1=0.511 top5=0.889 ed=0.661 rr=0.641 (332s)
2026-09-16 05:26:19 INFO [jordan] 48000/49410 top1=0.511 top5=0.889 ed=0.661 rr=0.641 (336s)
2026-09-16 05:26:23 INFO [jordan] 48500/49410 top1=0.510 top5=0.889 ed=0.661 rr=0.641 (339s)
2026-09-16 05:26:26 INFO [jordan] 49000/49410 top1=0.510 top5=0.889 ed=0.661 rr=0.641 (343s)
2026-09-16 05:26:30 INFO RESULT powergrid jordan: top1=0.5104 top3=0.7903 top5=0.8889 ed=0.6614 rr=0.6408 fit=0.0s infer=0.00699s/inst
2026-09-16 05:26:30 INFO === method distance ===
2026-09-16 05:26:47 INFO [distance] 500/49410 top1=0.474 top5=0.852 ed=0.700 rr=0.612 (17s)
2026-09-16 05:26:50 INFO [distance] 1000/49410 top1=0.501 top5=0.887 ed=0.664 rr=0.640 (20s)
2026-09-16 05:26:53 INFO [distance] 1500/49410 top1=0.505 top5=0.895 ed=0.651 rr=0.648 (24s)
2026-09-16 05:26:56 INFO [distance] 2000/49410 top1=0.490 top5=0.891 ed=0.664 rr=0.638 (27s)
2026-09-16 05:27:00 INFO [distance] 2500/49410 top1=0.480 top5=0.892 ed=0.682 rr=0.632 (30s)
2026-09-16 05:27:03 INFO [distance] 3000/49410 top1=0.486 top5=0.893 ed=0.671 rr=0.638 (33s)
2026-09-16 05:27:06 INFO [distance] 3500/49410 top1=0.487 top5=0.897 ed=0.666 rr=0.638 (36s)
2026-09-16 05:27:09 INFO [distance] 4000/49410 top1=0.489 top5=0.897 ed=0.673 rr=0.638 (40s)
2026-09-16 05:27:13 INFO [distance] 4500/49410 top1=0.492 top5=0.894 ed=0.672 rr=0.638 (43s)
2026-09-16 05:27:16 INFO [distance] 5000/49410 top1=0.495 top5=0.897 ed=0.664 rr=0.642 (46s)
2026-09-16 05:27:19 INFO [distance] 5500/49410 top1=0.496 top5=0.898 ed=0.663 rr=0.643 (50s)
2026-09-16 05:27:23 INFO [distance] 6000/49410 top1=0.499 top5=0.902 ed=0.655 rr=0.647 (53s)
2026-09-16 05:27:26 INFO [distance] 6500/49410 top1=0.501 top5=0.904 ed=0.650 rr=0.648 (56s)
2026-09-16 05:27:29 INFO [distance] 7000/49410 top1=0.501 top5=0.903 ed=0.652 rr=0.648 (59s)
2026-09-16 05:27:32 INFO [distance] 7500/49410 top1=0.501 top5=0.903 ed=0.650 rr=0.648 (63s)
2026-09-16 05:27:35 INFO [distance] 8000/49410 top1=0.505 top5=0.903 ed=0.646 rr=0.650 (66s)
2026-09-16 05:27:39 INFO [distance] 8500/49410 top1=0.504 top5=0.903 ed=0.647 rr=0.650 (69s)
2026-09-16 05:27:42 INFO [distance] 9000/49410 top1=0.504 top5=0.903 ed=0.647 rr=0.650 (72s)
2026-09-16 05:27:45 INFO [distance] 9500/49410 top1=0.507 top5=0.905 ed=0.643 rr=0.652 (76s)
2026-09-16 05:27:49 INFO [distance] 10000/49410 top1=0.508 top5=0.906 ed=0.640 rr=0.653 (79s)
2026-09-16 05:27:52 INFO [distance] 10500/49410 top1=0.508 top5=0.908 ed=0.640 rr=0.654 (82s)
2026-09-16 05:27:55 INFO [distance] 11000/49410 top1=0.512 top5=0.910 ed=0.635 rr=0.657 (86s)
2026-09-16 05:27:58 INFO [distance] 11500/49410 top1=0.513 top5=0.911 ed=0.632 rr=0.658 (89s)
2026-09-16 05:28:02 INFO [distance] 12000/49410 top1=0.515 top5=0.913 ed=0.627 rr=0.660 (92s)
2026-09-16 05:28:05 INFO [distance] 12500/49410 top1=0.515 top5=0.914 ed=0.625 rr=0.660 (95s)
2026-09-16 05:28:08 INFO [distance] 13000/49410 top1=0.516 top5=0.916 ed=0.622 rr=0.662 (99s)
2026-09-16 05:28:12 INFO [distance] 13500/49410 top1=0.517 top5=0.916 ed=0.620 rr=0.662 (102s)
2026-09-16 05:28:15 INFO [distance] 14000/49410 top1=0.518 top5=0.916 ed=0.619 rr=0.663 (106s)
2026-09-16 05:28:19 INFO [distance] 14500/49410 top1=0.518 top5=0.916 ed=0.619 rr=0.663 (109s)
2026-09-16 05:28:22 INFO [distance] 15000/49410 top1=0.517 top5=0.916 ed=0.621 rr=0.662 (112s)
2026-09-16 05:28:25 INFO [distance] 15500/49410 top1=0.515 top5=0.915 ed=0.623 rr=0.661 (116s)
2026-09-16 05:28:29 INFO [distance] 16000/49410 top1=0.514 top5=0.914 ed=0.625 rr=0.660 (119s)
2026-09-16 05:28:32 INFO [distance] 16500/49410 top1=0.514 top5=0.913 ed=0.625 rr=0.660 (122s)
2026-09-16 05:28:35 INFO [distance] 17000/49410 top1=0.513 top5=0.911 ed=0.626 rr=0.659 (125s)
2026-09-16 05:28:38 INFO [distance] 17500/49410 top1=0.513 top5=0.910 ed=0.626 rr=0.658 (129s)
2026-09-16 05:28:42 INFO [distance] 18000/49410 top1=0.511 top5=0.909 ed=0.627 rr=0.657 (132s)
2026-09-16 05:28:45 INFO [distance] 18500/49410 top1=0.510 top5=0.908 ed=0.629 rr=0.657 (135s)
2026-09-16 05:28:48 INFO [distance] 19000/49410 top1=0.509 top5=0.907 ed=0.632 rr=0.655 (139s)
2026-09-16 05:28:52 INFO [distance] 19500/49410 top1=0.507 top5=0.905 ed=0.635 rr=0.654 (142s)
2026-09-16 05:28:55 INFO [distance] 20000/49410 top1=0.504 top5=0.902 ed=0.638 rr=0.651 (145s)
2026-09-16 05:28:58 INFO [distance] 20500/49410 top1=0.502 top5=0.899 ed=0.641 rr=0.648 (148s)
2026-09-16 05:29:01 INFO [distance] 21000/49410 top1=0.501 top5=0.898 ed=0.642 rr=0.648 (152s)
2026-09-16 05:29:04 INFO [distance] 21500/49410 top1=0.499 top5=0.896 ed=0.645 rr=0.646 (155s)
2026-09-16 05:29:08 INFO [distance] 22000/49410 top1=0.500 top5=0.896 ed=0.643 rr=0.647 (158s)
2026-09-16 05:29:11 INFO [distance] 22500/49410 top1=0.500 top5=0.895 ed=0.643 rr=0.646 (161s)
2026-09-16 05:29:14 INFO [distance] 23000/49410 top1=0.498 top5=0.894 ed=0.645 rr=0.645 (165s)
2026-09-16 05:29:18 INFO [distance] 23500/49410 top1=0.499 top5=0.894 ed=0.644 rr=0.645 (168s)
2026-09-16 05:29:21 INFO [distance] 24000/49410 top1=0.499 top5=0.894 ed=0.644 rr=0.645 (172s)
2026-09-16 05:29:24 INFO [distance] 24500/49410 top1=0.498 top5=0.892 ed=0.646 rr=0.644 (175s)
2026-09-16 05:29:28 INFO [distance] 25000/49410 top1=0.498 top5=0.891 ed=0.646 rr=0.644 (178s)
2026-09-16 05:29:31 INFO [distance] 25500/49410 top1=0.499 top5=0.890 ed=0.646 rr=0.644 (181s)
2026-09-16 05:29:34 INFO [distance] 26000/49410 top1=0.500 top5=0.890 ed=0.645 rr=0.645 (184s)
2026-09-16 05:29:37 INFO [distance] 26500/49410 top1=0.502 top5=0.890 ed=0.644 rr=0.645 (188s)
2026-09-16 05:29:41 INFO [distance] 27000/49410 top1=0.502 top5=0.891 ed=0.643 rr=0.646 (191s)
2026-09-16 05:29:44 INFO [distance] 27500/49410 top1=0.502 top5=0.891 ed=0.642 rr=0.646 (194s)
2026-09-16 05:29:47 INFO [distance] 28000/49410 top1=0.502 top5=0.892 ed=0.642 rr=0.646 (198s)
2026-09-16 05:29:51 INFO [distance] 28500/49410 top1=0.502 top5=0.892 ed=0.641 rr=0.646 (201s)
2026-09-16 05:29:54 INFO [distance] 29000/49410 top1=0.504 top5=0.893 ed=0.639 rr=0.647 (204s)
2026-09-16 05:29:57 INFO [distance] 29500/49410 top1=0.505 top5=0.894 ed=0.637 rr=0.648 (207s)
2026-09-16 05:30:00 INFO [distance] 30000/49410 top1=0.506 top5=0.895 ed=0.635 rr=0.649 (211s)
2026-09-16 05:30:04 INFO [distance] 30500/49410 top1=0.507 top5=0.896 ed=0.634 rr=0.650 (214s)
2026-09-16 05:30:07 INFO [distance] 31000/49410 top1=0.508 top5=0.897 ed=0.632 rr=0.651 (217s)
2026-09-16 05:30:10 INFO [distance] 31500/49410 top1=0.509 top5=0.897 ed=0.630 rr=0.652 (220s)
2026-09-16 05:30:13 INFO [distance] 32000/49410 top1=0.509 top5=0.897 ed=0.631 rr=0.652 (224s)
2026-09-16 05:30:17 INFO [distance] 32500/49410 top1=0.508 top5=0.897 ed=0.632 rr=0.652 (227s)
2026-09-16 05:30:20 INFO [distance] 33000/49410 top1=0.509 top5=0.897 ed=0.631 rr=0.652 (230s)
2026-09-16 05:30:23 INFO [distance] 33500/49410 top1=0.508 top5=0.897 ed=0.632 rr=0.651 (233s)
2026-09-16 05:30:26 INFO [distance] 34000/49410 top1=0.508 top5=0.898 ed=0.632 rr=0.651 (237s)
2026-09-16 05:30:30 INFO [distance] 34500/49410 top1=0.508 top5=0.898 ed=0.631 rr=0.652 (240s)
2026-09-16 05:30:33 INFO [distance] 35000/49410 top1=0.509 top5=0.898 ed=0.631 rr=0.652 (243s)
2026-09-16 05:30:36 INFO [distance] 35500/49410 top1=0.509 top5=0.899 ed=0.630 rr=0.652 (246s)
2026-09-16 05:30:39 INFO [distance] 36000/49410 top1=0.510 top5=0.899 ed=0.629 rr=0.653 (249s)
2026-09-16 05:30:42 INFO [distance] 36500/49410 top1=0.510 top5=0.899 ed=0.629 rr=0.653 (253s)
2026-09-16 05:30:45 INFO [distance] 37000/49410 top1=0.510 top5=0.899 ed=0.628 rr=0.653 (256s)
2026-09-16 05:30:49 INFO [distance] 37500/49410 top1=0.511 top5=0.899 ed=0.627 rr=0.654 (259s)
2026-09-16 05:30:52 INFO [distance] 38000/49410 top1=0.512 top5=0.899 ed=0.626 rr=0.654 (262s)
2026-09-16 05:30:55 INFO [distance] 38500/49410 top1=0.509 top5=0.895 ed=0.631 rr=0.651 (266s)
2026-09-16 05:30:59 INFO [distance] 39000/49410 top1=0.509 top5=0.893 ed=0.634 rr=0.650 (269s)
2026-09-16 05:31:02 INFO [distance] 39500/49410 top1=0.510 top5=0.893 ed=0.633 rr=0.651 (272s)
2026-09-16 05:31:05 INFO [distance] 40000/49410 top1=0.511 top5=0.894 ed=0.631 rr=0.651 (275s)
2026-09-16 05:31:08 INFO [distance] 40500/49410 top1=0.511 top5=0.895 ed=0.629 rr=0.652 (279s)
2026-09-16 05:31:12 INFO [distance] 41000/49410 top1=0.512 top5=0.895 ed=0.628 rr=0.653 (282s)
2026-09-16 05:31:15 INFO [distance] 41500/49410 top1=0.512 top5=0.896 ed=0.627 rr=0.653 (285s)
2026-09-16 05:31:18 INFO [distance] 42000/49410 top1=0.513 top5=0.896 ed=0.626 rr=0.654 (289s)
2026-09-16 05:31:22 INFO [distance] 42500/49410 top1=0.514 top5=0.897 ed=0.625 rr=0.654 (292s)
2026-09-16 05:31:25 INFO [distance] 43000/49410 top1=0.514 top5=0.897 ed=0.624 rr=0.655 (295s)
2026-09-16 05:31:28 INFO [distance] 43500/49410 top1=0.514 top5=0.898 ed=0.624 rr=0.655 (299s)
2026-09-16 05:31:32 INFO [distance] 44000/49410 top1=0.514 top5=0.898 ed=0.624 rr=0.655 (302s)
2026-09-16 05:31:35 INFO [distance] 44500/49410 top1=0.514 top5=0.898 ed=0.624 rr=0.655 (305s)
2026-09-16 05:31:38 INFO [distance] 45000/49410 top1=0.515 top5=0.898 ed=0.624 rr=0.655 (308s)
2026-09-16 05:31:41 INFO [distance] 45500/49410 top1=0.514 top5=0.898 ed=0.624 rr=0.655 (312s)
2026-09-16 05:31:45 INFO [distance] 46000/49410 top1=0.515 top5=0.897 ed=0.624 rr=0.655 (315s)
2026-09-16 05:31:48 INFO [distance] 46500/49410 top1=0.515 top5=0.897 ed=0.624 rr=0.655 (318s)
2026-09-16 05:31:51 INFO [distance] 47000/49410 top1=0.515 top5=0.897 ed=0.625 rr=0.655 (322s)
2026-09-16 05:31:55 INFO [distance] 47500/49410 top1=0.515 top5=0.897 ed=0.625 rr=0.655 (325s)
2026-09-16 05:31:58 INFO [distance] 48000/49410 top1=0.515 top5=0.897 ed=0.625 rr=0.655 (328s)
2026-09-16 05:32:01 INFO [distance] 48500/49410 top1=0.514 top5=0.897 ed=0.626 rr=0.654 (332s)
2026-09-16 05:32:05 INFO [distance] 49000/49410 top1=0.514 top5=0.897 ed=0.626 rr=0.654 (335s)
2026-09-16 05:32:08 INFO RESULT powergrid distance: top1=0.5140 top3=0.7968 top5=0.8969 ed=0.6264 rr=0.6542 fit=0.0s infer=0.00683s/inst
2026-09-16 05:32:08 INFO === method rumor ===
2026-09-16 05:32:24 INFO [rumor] 500/49410 top1=0.462 top5=0.850 ed=0.696 rr=0.613 (16s)
2026-09-16 05:32:28 INFO [rumor] 1000/49410 top1=0.483 top5=0.883 ed=0.660 rr=0.638 (19s)
2026-09-16 05:32:31 INFO [rumor] 1500/49410 top1=0.491 top5=0.889 ed=0.655 rr=0.644 (23s)
2026-09-16 05:32:34 INFO [rumor] 2000/49410 top1=0.477 top5=0.882 ed=0.676 rr=0.635 (26s)
2026-09-16 05:32:38 INFO [rumor] 2500/49410 top1=0.472 top5=0.884 ed=0.690 rr=0.630 (29s)
2026-09-16 05:32:41 INFO [rumor] 3000/49410 top1=0.479 top5=0.888 ed=0.676 rr=0.636 (33s)
2026-09-16 05:32:44 INFO [rumor] 3500/49410 top1=0.479 top5=0.892 ed=0.676 rr=0.637 (36s)
2026-09-16 05:32:47 INFO [rumor] 4000/49410 top1=0.478 top5=0.893 ed=0.677 rr=0.636 (39s)
2026-09-16 05:32:51 INFO [rumor] 4500/49410 top1=0.480 top5=0.889 ed=0.678 rr=0.636 (43s)
2026-09-16 05:32:54 INFO [rumor] 5000/49410 top1=0.486 top5=0.893 ed=0.669 rr=0.641 (46s)
2026-09-16 05:32:57 INFO [rumor] 5500/49410 top1=0.488 top5=0.895 ed=0.665 rr=0.642 (49s)
2026-09-16 05:33:01 INFO [rumor] 6000/49410 top1=0.492 top5=0.899 ed=0.658 rr=0.646 (52s)
2026-09-16 05:33:04 INFO [rumor] 6500/49410 top1=0.494 top5=0.901 ed=0.655 rr=0.647 (56s)
2026-09-16 05:33:07 INFO [rumor] 7000/49410 top1=0.494 top5=0.901 ed=0.655 rr=0.647 (59s)
2026-09-16 05:33:10 INFO [rumor] 7500/49410 top1=0.495 top5=0.900 ed=0.653 rr=0.648 (62s)
2026-09-16 05:33:14 INFO [rumor] 8000/49410 top1=0.498 top5=0.901 ed=0.650 rr=0.649 (66s)
2026-09-16 05:33:17 INFO [rumor] 8500/49410 top1=0.498 top5=0.900 ed=0.649 rr=0.650 (69s)
2026-09-16 05:33:21 INFO [rumor] 9000/49410 top1=0.499 top5=0.902 ed=0.647 rr=0.650 (72s)
2026-09-16 05:33:24 INFO [rumor] 9500/49410 top1=0.502 top5=0.903 ed=0.643 rr=0.652 (76s)
2026-09-16 05:33:27 INFO [rumor] 10000/49410 top1=0.504 top5=0.905 ed=0.641 rr=0.653 (79s)
2026-09-16 05:33:30 INFO [rumor] 10500/49410 top1=0.504 top5=0.907 ed=0.641 rr=0.654 (82s)
2026-09-16 05:33:34 INFO [rumor] 11000/49410 top1=0.507 top5=0.909 ed=0.636 rr=0.657 (85s)
2026-09-16 05:33:37 INFO [rumor] 11500/49410 top1=0.509 top5=0.911 ed=0.633 rr=0.658 (89s)
2026-09-16 05:33:40 INFO [rumor] 12000/49410 top1=0.511 top5=0.913 ed=0.628 rr=0.660 (92s)
2026-09-16 05:33:44 INFO [rumor] 12500/49410 top1=0.511 top5=0.914 ed=0.627 rr=0.660 (95s)
2026-09-16 05:33:47 INFO [rumor] 13000/49410 top1=0.513 top5=0.916 ed=0.624 rr=0.662 (99s)
2026-09-16 05:33:50 INFO [rumor] 13500/49410 top1=0.514 top5=0.917 ed=0.622 rr=0.663 (102s)
2026-09-16 05:33:54 INFO [rumor] 14000/49410 top1=0.516 top5=0.917 ed=0.622 rr=0.663 (105s)
2026-09-16 05:33:57 INFO [rumor] 14500/49410 top1=0.516 top5=0.917 ed=0.622 rr=0.663 (109s)
2026-09-16 05:34:00 INFO [rumor] 15000/49410 top1=0.515 top5=0.916 ed=0.625 rr=0.663 (112s)
2026-09-16 05:34:03 INFO [rumor] 15500/49410 top1=0.513 top5=0.916 ed=0.627 rr=0.661 (115s)
2026-09-16 05:34:07 INFO [rumor] 16000/49410 top1=0.512 top5=0.914 ed=0.629 rr=0.660 (118s)
2026-09-16 05:34:10 INFO [rumor] 16500/49410 top1=0.512 top5=0.913 ed=0.630 rr=0.660 (122s)
2026-09-16 05:34:13 INFO [rumor] 17000/49410 top1=0.511 top5=0.911 ed=0.631 rr=0.659 (125s)
2026-09-16 05:34:16 INFO [rumor] 17500/49410 top1=0.510 top5=0.910 ed=0.632 rr=0.658 (128s)
2026-09-16 05:34:20 INFO [rumor] 18000/49410 top1=0.509 top5=0.909 ed=0.634 rr=0.657 (132s)
2026-09-16 05:34:23 INFO [rumor] 18500/49410 top1=0.508 top5=0.908 ed=0.636 rr=0.657 (135s)
2026-09-16 05:34:26 INFO [rumor] 19000/49410 top1=0.506 top5=0.907 ed=0.639 rr=0.655 (138s)
2026-09-16 05:34:30 INFO [rumor] 19500/49410 top1=0.504 top5=0.906 ed=0.642 rr=0.653 (141s)
2026-09-16 05:34:33 INFO [rumor] 20000/49410 top1=0.501 top5=0.903 ed=0.646 rr=0.651 (145s)
2026-09-16 05:34:36 INFO [rumor] 20500/49410 top1=0.499 top5=0.899 ed=0.649 rr=0.648 (148s)
2026-09-16 05:34:40 INFO [rumor] 21000/49410 top1=0.498 top5=0.898 ed=0.650 rr=0.648 (151s)
2026-09-16 05:34:43 INFO [rumor] 21500/49410 top1=0.496 top5=0.896 ed=0.653 rr=0.646 (155s)
2026-09-16 05:34:46 INFO [rumor] 22000/49410 top1=0.498 top5=0.896 ed=0.651 rr=0.647 (158s)
2026-09-16 05:34:50 INFO [rumor] 22500/49410 top1=0.497 top5=0.895 ed=0.651 rr=0.646 (162s)
2026-09-16 05:34:53 INFO [rumor] 23000/49410 top1=0.496 top5=0.894 ed=0.652 rr=0.645 (165s)
2026-09-16 05:34:57 INFO [rumor] 23500/49410 top1=0.497 top5=0.894 ed=0.651 rr=0.646 (168s)
2026-09-16 05:35:00 INFO [rumor] 24000/49410 top1=0.497 top5=0.894 ed=0.651 rr=0.646 (172s)
2026-09-16 05:35:03 INFO [rumor] 24500/49410 top1=0.496 top5=0.893 ed=0.652 rr=0.645 (175s)
2026-09-16 05:35:07 INFO [rumor] 25000/49410 top1=0.496 top5=0.891 ed=0.652 rr=0.644 (178s)
2026-09-16 05:35:10 INFO [rumor] 25500/49410 top1=0.497 top5=0.890 ed=0.652 rr=0.644 (182s)
2026-09-16 05:35:13 INFO [rumor] 26000/49410 top1=0.499 top5=0.890 ed=0.651 rr=0.645 (185s)
2026-09-16 05:35:17 INFO [rumor] 26500/49410 top1=0.500 top5=0.890 ed=0.650 rr=0.646 (189s)
2026-09-16 05:35:20 INFO [rumor] 27000/49410 top1=0.500 top5=0.891 ed=0.648 rr=0.646 (192s)
2026-09-16 05:35:23 INFO [rumor] 27500/49410 top1=0.500 top5=0.891 ed=0.648 rr=0.646 (195s)
2026-09-16 05:35:27 INFO [rumor] 28000/49410 top1=0.500 top5=0.892 ed=0.648 rr=0.646 (199s)
2026-09-16 05:35:30 INFO [rumor] 28500/49410 top1=0.501 top5=0.892 ed=0.647 rr=0.647 (202s)
2026-09-16 05:35:33 INFO [rumor] 29000/49410 top1=0.502 top5=0.893 ed=0.645 rr=0.648 (205s)
2026-09-16 05:35:36 INFO [rumor] 29500/49410 top1=0.503 top5=0.894 ed=0.643 rr=0.649 (208s)
2026-09-16 05:35:40 INFO [rumor] 30000/49410 top1=0.504 top5=0.895 ed=0.641 rr=0.649 (211s)
2026-09-16 05:35:43 INFO [rumor] 30500/49410 top1=0.505 top5=0.896 ed=0.640 rr=0.650 (215s)
2026-09-16 05:35:46 INFO [rumor] 31000/49410 top1=0.507 top5=0.897 ed=0.638 rr=0.651 (218s)
2026-09-16 05:35:49 INFO [rumor] 31500/49410 top1=0.507 top5=0.897 ed=0.636 rr=0.652 (221s)
2026-09-16 05:35:53 INFO [rumor] 32000/49410 top1=0.507 top5=0.897 ed=0.637 rr=0.652 (225s)
2026-09-16 05:35:56 INFO [rumor] 32500/49410 top1=0.507 top5=0.897 ed=0.637 rr=0.652 (228s)
2026-09-16 05:35:59 INFO [rumor] 33000/49410 top1=0.507 top5=0.898 ed=0.636 rr=0.652 (231s)
2026-09-16 05:36:03 INFO [rumor] 33500/49410 top1=0.506 top5=0.897 ed=0.637 rr=0.652 (234s)
2026-09-16 05:36:06 INFO [rumor] 34000/49410 top1=0.506 top5=0.898 ed=0.637 rr=0.652 (238s)
2026-09-16 05:36:09 INFO [rumor] 34500/49410 top1=0.507 top5=0.898 ed=0.636 rr=0.652 (241s)
2026-09-16 05:36:13 INFO [rumor] 35000/49410 top1=0.507 top5=0.899 ed=0.636 rr=0.652 (244s)
2026-09-16 05:36:16 INFO [rumor] 35500/49410 top1=0.508 top5=0.899 ed=0.635 rr=0.653 (248s)
2026-09-16 05:36:20 INFO [rumor] 36000/49410 top1=0.508 top5=0.899 ed=0.635 rr=0.653 (251s)
2026-09-16 05:36:23 INFO [rumor] 36500/49410 top1=0.508 top5=0.900 ed=0.634 rr=0.653 (255s)
2026-09-16 05:36:26 INFO [rumor] 37000/49410 top1=0.509 top5=0.900 ed=0.634 rr=0.654 (258s)
2026-09-16 05:36:30 INFO [rumor] 37500/49410 top1=0.509 top5=0.900 ed=0.633 rr=0.654 (261s)
2026-09-16 05:36:33 INFO [rumor] 38000/49410 top1=0.510 top5=0.900 ed=0.632 rr=0.654 (265s)
2026-09-16 05:36:36 INFO [rumor] 38500/49410 top1=0.507 top5=0.895 ed=0.637 rr=0.652 (268s)
2026-09-16 05:36:39 INFO [rumor] 39000/49410 top1=0.507 top5=0.893 ed=0.640 rr=0.650 (271s)
2026-09-16 05:36:43 INFO [rumor] 39500/49410 top1=0.508 top5=0.893 ed=0.639 rr=0.651 (275s)
2026-09-16 05:36:46 INFO [rumor] 40000/49410 top1=0.509 top5=0.894 ed=0.637 rr=0.652 (278s)
2026-09-16 05:36:49 INFO [rumor] 40500/49410 top1=0.510 top5=0.895 ed=0.635 rr=0.653 (281s)
2026-09-16 05:36:53 INFO [rumor] 41000/49410 top1=0.510 top5=0.895 ed=0.634 rr=0.653 (284s)
2026-09-16 05:36:56 INFO [rumor] 41500/49410 top1=0.511 top5=0.896 ed=0.633 rr=0.654 (288s)
2026-09-16 05:36:59 INFO [rumor] 42000/49410 top1=0.512 top5=0.897 ed=0.632 rr=0.654 (291s)
2026-09-16 05:37:02 INFO [rumor] 42500/49410 top1=0.512 top5=0.897 ed=0.631 rr=0.655 (294s)
2026-09-16 05:37:06 INFO [rumor] 43000/49410 top1=0.512 top5=0.898 ed=0.631 rr=0.655 (298s)
2026-09-16 05:37:09 INFO [rumor] 43500/49410 top1=0.512 top5=0.898 ed=0.631 rr=0.655 (301s)
2026-09-16 05:37:12 INFO [rumor] 44000/49410 top1=0.512 top5=0.898 ed=0.630 rr=0.655 (304s)
2026-09-16 05:37:16 INFO [rumor] 44500/49410 top1=0.512 top5=0.898 ed=0.630 rr=0.655 (307s)
2026-09-16 05:37:19 INFO [rumor] 45000/49410 top1=0.512 top5=0.898 ed=0.630 rr=0.655 (311s)
2026-09-16 05:37:22 INFO [rumor] 45500/49410 top1=0.512 top5=0.898 ed=0.630 rr=0.655 (314s)
2026-09-16 05:37:26 INFO [rumor] 46000/49410 top1=0.512 top5=0.898 ed=0.630 rr=0.655 (317s)
2026-09-16 05:37:29 INFO [rumor] 46500/49410 top1=0.513 top5=0.897 ed=0.630 rr=0.656 (321s)
2026-09-16 05:37:32 INFO [rumor] 47000/49410 top1=0.512 top5=0.897 ed=0.631 rr=0.655 (324s)
2026-09-16 05:37:35 INFO [rumor] 47500/49410 top1=0.512 top5=0.898 ed=0.631 rr=0.655 (327s)
2026-09-16 05:37:39 INFO [rumor] 48000/49410 top1=0.512 top5=0.897 ed=0.632 rr=0.655 (331s)
2026-09-16 05:37:42 INFO [rumor] 48500/49410 top1=0.512 top5=0.897 ed=0.632 rr=0.655 (334s)
2026-09-16 05:37:46 INFO [rumor] 49000/49410 top1=0.512 top5=0.897 ed=0.632 rr=0.655 (337s)
2026-09-16 05:37:49 INFO RESULT powergrid rumor: top1=0.5117 top3=0.7979 top5=0.8971 ed=0.6325 rr=0.6548 fit=0.0s infer=0.00688s/inst
2026-09-16 05:37:49 INFO === method netsleuth ===
2026-09-16 05:38:27 INFO [netsleuth] 500/49410 top1=0.408 top5=0.844 ed=1.150 rr=0.578 (38s)
2026-09-16 05:38:30 INFO [netsleuth] 1000/49410 top1=0.445 top5=0.855 ed=1.084 rr=0.608 (41s)
2026-09-16 05:38:34 INFO [netsleuth] 1500/49410 top1=0.436 top5=0.840 ed=1.127 rr=0.598 (44s)
2026-09-16 05:38:37 INFO [netsleuth] 2000/49410 top1=0.423 top5=0.830 ed=1.169 rr=0.587 (48s)
2026-09-16 05:38:41 INFO [netsleuth] 2500/49410 top1=0.412 top5=0.823 ed=1.198 rr=0.578 (51s)
2026-09-16 05:38:44 INFO [netsleuth] 3000/49410 top1=0.414 top5=0.832 ed=1.174 rr=0.583 (55s)
2026-09-16 05:38:47 INFO [netsleuth] 3500/49410 top1=0.419 top5=0.835 ed=1.163 rr=0.587 (58s)
2026-09-16 05:38:50 INFO [netsleuth] 4000/49410 top1=0.418 top5=0.836 ed=1.159 rr=0.587 (61s)
2026-09-16 05:38:54 INFO [netsleuth] 4500/49410 top1=0.429 top5=0.840 ed=1.143 rr=0.595 (64s)
2026-09-16 05:38:57 INFO [netsleuth] 5000/49410 top1=0.439 top5=0.849 ed=1.112 rr=0.604 (68s)
2026-09-16 05:39:00 INFO [netsleuth] 5500/49410 top1=0.440 top5=0.854 ed=1.103 rr=0.606 (71s)
2026-09-16 05:39:04 INFO [netsleuth] 6000/49410 top1=0.447 top5=0.860 ed=1.085 rr=0.612 (74s)
2026-09-16 05:39:07 INFO [netsleuth] 6500/49410 top1=0.450 top5=0.862 ed=1.078 rr=0.614 (78s)
2026-09-16 05:39:10 INFO [netsleuth] 7000/49410 top1=0.452 top5=0.865 ed=1.073 rr=0.617 (81s)
2026-09-16 05:39:13 INFO [netsleuth] 7500/49410 top1=0.458 top5=0.867 ed=1.060 rr=0.622 (84s)
2026-09-16 05:39:17 INFO [netsleuth] 8000/49410 top1=0.462 top5=0.871 ed=1.046 rr=0.626 (87s)
2026-09-16 05:39:20 INFO [netsleuth] 8500/49410 top1=0.468 top5=0.875 ed=1.031 rr=0.631 (91s)
2026-09-16 05:39:23 INFO [netsleuth] 9000/49410 top1=0.469 top5=0.878 ed=1.023 rr=0.633 (94s)
2026-09-16 05:39:27 INFO [netsleuth] 9500/49410 top1=0.475 top5=0.881 ed=1.003 rr=0.638 (98s)
2026-09-16 05:39:30 INFO [netsleuth] 10000/49410 top1=0.481 top5=0.885 ed=0.985 rr=0.644 (101s)
2026-09-16 05:39:33 INFO [netsleuth] 10500/49410 top1=0.486 top5=0.889 ed=0.968 rr=0.648 (104s)
2026-09-16 05:39:37 INFO [netsleuth] 11000/49410 top1=0.491 top5=0.893 ed=0.952 rr=0.653 (107s)
2026-09-16 05:39:40 INFO [netsleuth] 11500/49410 top1=0.495 top5=0.896 ed=0.937 rr=0.657 (111s)
2026-09-16 05:39:43 INFO [netsleuth] 12000/49410 top1=0.499 top5=0.900 ed=0.924 rr=0.660 (114s)
2026-09-16 05:39:47 INFO [netsleuth] 12500/49410 top1=0.505 top5=0.902 ed=0.910 rr=0.665 (117s)
2026-09-16 05:39:50 INFO [netsleuth] 13000/49410 top1=0.509 top5=0.905 ed=0.899 rr=0.668 (121s)
2026-09-16 05:39:53 INFO [netsleuth] 13500/49410 top1=0.517 top5=0.908 ed=0.882 rr=0.674 (124s)
2026-09-16 05:39:56 INFO [netsleuth] 14000/49410 top1=0.519 top5=0.908 ed=0.876 rr=0.675 (127s)
2026-09-16 05:40:00 INFO [netsleuth] 14500/49410 top1=0.515 top5=0.905 ed=0.886 rr=0.672 (131s)
2026-09-16 05:40:03 INFO [netsleuth] 15000/49410 top1=0.513 top5=0.905 ed=0.889 rr=0.671 (134s)
2026-09-16 05:40:06 INFO [netsleuth] 15500/49410 top1=0.514 top5=0.906 ed=0.888 rr=0.672 (137s)
2026-09-16 05:40:10 INFO [netsleuth] 16000/49410 top1=0.515 top5=0.905 ed=0.890 rr=0.672 (140s)
2026-09-16 05:40:13 INFO [netsleuth] 16500/49410 top1=0.510 top5=0.902 ed=0.904 rr=0.669 (144s)
2026-09-16 05:40:16 INFO [netsleuth] 17000/49410 top1=0.507 top5=0.898 ed=0.919 rr=0.665 (147s)
2026-09-16 05:40:20 INFO [netsleuth] 17500/49410 top1=0.502 top5=0.894 ed=0.931 rr=0.661 (151s)
2026-09-16 05:40:23 INFO [netsleuth] 18000/49410 top1=0.500 top5=0.892 ed=0.942 rr=0.659 (154s)
2026-09-16 05:40:26 INFO [netsleuth] 18500/49410 top1=0.498 top5=0.891 ed=0.950 rr=0.657 (157s)
2026-09-16 05:40:30 INFO [netsleuth] 19000/49410 top1=0.495 top5=0.889 ed=0.956 rr=0.655 (160s)
2026-09-16 05:40:33 INFO [netsleuth] 19500/49410 top1=0.493 top5=0.887 ed=0.966 rr=0.653 (164s)
2026-09-16 05:40:36 INFO [netsleuth] 20000/49410 top1=0.490 top5=0.884 ed=0.977 rr=0.650 (167s)
2026-09-16 05:40:40 INFO [netsleuth] 20500/49410 top1=0.489 top5=0.879 ed=0.990 rr=0.648 (170s)
2026-09-16 05:40:43 INFO [netsleuth] 21000/49410 top1=0.489 top5=0.879 ed=0.992 rr=0.648 (174s)
2026-09-16 05:40:46 INFO [netsleuth] 21500/49410 top1=0.485 top5=0.877 ed=1.003 rr=0.646 (177s)
2026-09-16 05:40:50 INFO [netsleuth] 22000/49410 top1=0.487 top5=0.878 ed=0.999 rr=0.647 (180s)
2026-09-16 05:40:53 INFO [netsleuth] 22500/49410 top1=0.489 top5=0.877 ed=0.998 rr=0.648 (184s)
2026-09-16 05:40:56 INFO [netsleuth] 23000/49410 top1=0.489 top5=0.878 ed=0.995 rr=0.648 (187s)
2026-09-16 05:41:00 INFO [netsleuth] 23500/49410 top1=0.491 top5=0.878 ed=0.992 rr=0.650 (190s)
2026-09-16 05:41:03 INFO [netsleuth] 24000/49410 top1=0.495 top5=0.880 ed=0.985 rr=0.652 (194s)
2026-09-16 05:41:07 INFO [netsleuth] 24500/49410 top1=0.498 top5=0.880 ed=0.981 rr=0.655 (197s)
2026-09-16 05:41:10 INFO [netsleuth] 25000/49410 top1=0.500 top5=0.881 ed=0.977 rr=0.656 (201s)
2026-09-16 05:41:13 INFO [netsleuth] 25500/49410 top1=0.504 top5=0.882 ed=0.968 rr=0.659 (204s)
2026-09-16 05:41:16 INFO [netsleuth] 26000/49410 top1=0.507 top5=0.883 ed=0.961 rr=0.662 (207s)
2026-09-16 05:41:20 INFO [netsleuth] 26500/49410 top1=0.510 top5=0.884 ed=0.955 rr=0.664 (211s)
2026-09-16 05:41:23 INFO [netsleuth] 27000/49410 top1=0.509 top5=0.884 ed=0.958 rr=0.663 (214s)
2026-09-16 05:41:26 INFO [netsleuth] 27500/49410 top1=0.508 top5=0.884 ed=0.961 rr=0.662 (217s)
2026-09-16 05:41:30 INFO [netsleuth] 28000/49410 top1=0.506 top5=0.884 ed=0.964 rr=0.661 (221s)
2026-09-16 05:41:33 INFO [netsleuth] 28500/49410 top1=0.506 top5=0.885 ed=0.965 rr=0.661 (224s)
2026-09-16 05:41:36 INFO [netsleuth] 29000/49410 top1=0.506 top5=0.886 ed=0.961 rr=0.662 (227s)
2026-09-16 05:41:40 INFO [netsleuth] 29500/49410 top1=0.509 top5=0.887 ed=0.955 rr=0.663 (230s)
2026-09-16 05:41:43 INFO [netsleuth] 30000/49410 top1=0.511 top5=0.888 ed=0.948 rr=0.665 (234s)
2026-09-16 05:41:46 INFO [netsleuth] 30500/49410 top1=0.513 top5=0.890 ed=0.942 rr=0.667 (237s)
2026-09-16 05:41:50 INFO [netsleuth] 31000/49410 top1=0.516 top5=0.891 ed=0.936 rr=0.669 (240s)
2026-09-16 05:41:53 INFO [netsleuth] 31500/49410 top1=0.519 top5=0.892 ed=0.929 rr=0.672 (244s)
2026-09-16 05:41:56 INFO [netsleuth] 32000/49410 top1=0.518 top5=0.892 ed=0.930 rr=0.671 (247s)
2026-09-16 05:42:00 INFO [netsleuth] 32500/49410 top1=0.516 top5=0.891 ed=0.934 rr=0.670 (250s)
2026-09-16 05:42:03 INFO [netsleuth] 33000/49410 top1=0.516 top5=0.891 ed=0.933 rr=0.670 (254s)
2026-09-16 05:42:06 INFO [netsleuth] 33500/49410 top1=0.517 top5=0.891 ed=0.932 rr=0.670 (257s)
2026-09-16 05:42:10 INFO [netsleuth] 34000/49410 top1=0.516 top5=0.891 ed=0.932 rr=0.670 (260s)
2026-09-16 05:42:13 INFO [netsleuth] 34500/49410 top1=0.515 top5=0.892 ed=0.932 rr=0.670 (264s)
2026-09-16 05:42:16 INFO [netsleuth] 35000/49410 top1=0.516 top5=0.893 ed=0.931 rr=0.670 (267s)
2026-09-16 05:42:20 INFO [netsleuth] 35500/49410 top1=0.516 top5=0.893 ed=0.931 rr=0.670 (271s)
2026-09-16 05:42:23 INFO [netsleuth] 36000/49410 top1=0.516 top5=0.893 ed=0.932 rr=0.670 (274s)
2026-09-16 05:42:27 INFO [netsleuth] 36500/49410 top1=0.515 top5=0.893 ed=0.932 rr=0.670 (278s)
2026-09-16 05:42:30 INFO [netsleuth] 37000/49410 top1=0.516 top5=0.894 ed=0.930 rr=0.671 (281s)
2026-09-16 05:42:33 INFO [netsleuth] 37500/49410 top1=0.519 top5=0.895 ed=0.925 rr=0.673 (284s)
2026-09-16 05:42:37 INFO [netsleuth] 38000/49410 top1=0.521 top5=0.895 ed=0.922 rr=0.674 (287s)
2026-09-16 05:42:40 INFO [netsleuth] 38500/49410 top1=0.518 top5=0.890 ed=0.935 rr=0.670 (291s)
2026-09-16 05:42:43 INFO [netsleuth] 39000/49410 top1=0.518 top5=0.890 ed=0.937 rr=0.671 (294s)
2026-09-16 05:42:47 INFO [netsleuth] 39500/49410 top1=0.519 top5=0.890 ed=0.936 rr=0.671 (298s)
2026-09-16 05:42:50 INFO [netsleuth] 40000/49410 top1=0.519 top5=0.891 ed=0.934 rr=0.672 (301s)
2026-09-16 05:42:54 INFO [netsleuth] 40500/49410 top1=0.519 top5=0.892 ed=0.932 rr=0.672 (304s)
2026-09-16 05:42:57 INFO [netsleuth] 41000/49410 top1=0.519 top5=0.892 ed=0.930 rr=0.672 (308s)
2026-09-16 05:43:00 INFO [netsleuth] 41500/49410 top1=0.521 top5=0.893 ed=0.926 rr=0.673 (311s)
2026-09-16 05:43:04 INFO [netsleuth] 42000/49410 top1=0.523 top5=0.894 ed=0.922 rr=0.675 (314s)
2026-09-16 05:43:07 INFO [netsleuth] 42500/49410 top1=0.523 top5=0.895 ed=0.920 rr=0.675 (318s)
2026-09-16 05:43:10 INFO [netsleuth] 43000/49410 top1=0.524 top5=0.896 ed=0.917 rr=0.676 (321s)
2026-09-16 05:43:14 INFO [netsleuth] 43500/49410 top1=0.525 top5=0.896 ed=0.916 rr=0.677 (324s)
2026-09-16 05:43:17 INFO [netsleuth] 44000/49410 top1=0.525 top5=0.897 ed=0.915 rr=0.677 (328s)
2026-09-16 05:43:21 INFO [netsleuth] 44500/49410 top1=0.525 top5=0.897 ed=0.915 rr=0.677 (331s)
2026-09-16 05:43:24 INFO [netsleuth] 45000/49410 top1=0.524 top5=0.896 ed=0.917 rr=0.676 (335s)
2026-09-16 05:43:27 INFO [netsleuth] 45500/49410 top1=0.524 top5=0.896 ed=0.919 rr=0.676 (338s)
2026-09-16 05:43:31 INFO [netsleuth] 46000/49410 top1=0.524 top5=0.896 ed=0.920 rr=0.676 (341s)
2026-09-16 05:43:34 INFO [netsleuth] 46500/49410 top1=0.526 top5=0.896 ed=0.917 rr=0.677 (345s)
2026-09-16 05:43:37 INFO [netsleuth] 47000/49410 top1=0.525 top5=0.896 ed=0.920 rr=0.676 (348s)
2026-09-16 05:43:40 INFO [netsleuth] 47500/49410 top1=0.526 top5=0.897 ed=0.918 rr=0.677 (351s)
2026-09-16 05:43:44 INFO [netsleuth] 48000/49410 top1=0.526 top5=0.896 ed=0.919 rr=0.677 (354s)
2026-09-16 05:43:47 INFO [netsleuth] 48500/49410 top1=0.525 top5=0.896 ed=0.921 rr=0.676 (358s)
2026-09-16 05:43:50 INFO [netsleuth] 49000/49410 top1=0.525 top5=0.896 ed=0.920 rr=0.676 (361s)
2026-09-16 05:43:54 INFO RESULT powergrid netsleuth: top1=0.5256 top3=0.7957 top5=0.8961 ed=0.9194 rr=0.6767 fit=0.0s infer=0.00737s/inst
2026-09-16 05:43:54 INFO === method dmp ===
2026-09-16 05:51:02 INFO [dmp] 500/49410 top1=0.470 top5=0.874 ed=0.716 rr=0.643 (428s)
2026-09-16 05:51:05 INFO [dmp] 1000/49410 top1=0.498 top5=0.906 ed=0.679 rr=0.670 (431s)
2026-09-16 05:51:09 INFO [dmp] 1500/49410 top1=0.501 top5=0.904 ed=0.674 rr=0.673 (435s)
2026-09-16 05:51:12 INFO [dmp] 2000/49410 top1=0.484 top5=0.903 ed=0.700 rr=0.660 (438s)
2026-09-16 05:51:16 INFO [dmp] 2500/49410 top1=0.477 top5=0.899 ed=0.710 rr=0.654 (442s)
2026-09-16 05:51:19 INFO [dmp] 3000/49410 top1=0.488 top5=0.902 ed=0.695 rr=0.660 (445s)
2026-09-16 05:51:23 INFO [dmp] 3500/49410 top1=0.495 top5=0.904 ed=0.684 rr=0.665 (449s)
2026-09-16 05:51:26 INFO [dmp] 4000/49410 top1=0.494 top5=0.905 ed=0.685 rr=0.665 (452s)
2026-09-16 05:51:29 INFO [dmp] 4500/49410 top1=0.498 top5=0.905 ed=0.683 rr=0.668 (455s)
2026-09-16 05:51:33 INFO [dmp] 5000/49410 top1=0.506 top5=0.909 ed=0.671 rr=0.675 (459s)
2026-09-16 05:51:36 INFO [dmp] 5500/49410 top1=0.508 top5=0.911 ed=0.669 rr=0.677 (462s)
2026-09-16 05:51:40 INFO [dmp] 6000/49410 top1=0.514 top5=0.914 ed=0.659 rr=0.681 (465s)
2026-09-16 05:51:43 INFO [dmp] 6500/49410 top1=0.517 top5=0.917 ed=0.656 rr=0.683 (469s)
2026-09-16 05:51:46 INFO [dmp] 7000/49410 top1=0.519 top5=0.917 ed=0.654 rr=0.685 (472s)
2026-09-16 05:51:50 INFO [dmp] 7500/49410 top1=0.521 top5=0.917 ed=0.652 rr=0.686 (476s)
2026-09-16 05:51:53 INFO [dmp] 8000/49410 top1=0.523 top5=0.918 ed=0.647 rr=0.689 (479s)
2026-09-16 05:51:56 INFO [dmp] 8500/49410 top1=0.526 top5=0.919 ed=0.645 rr=0.690 (482s)
2026-09-16 05:52:00 INFO [dmp] 9000/49410 top1=0.527 top5=0.920 ed=0.642 rr=0.692 (486s)
2026-09-16 05:52:03 INFO [dmp] 9500/49410 top1=0.532 top5=0.922 ed=0.633 rr=0.695 (489s)
2026-09-16 05:52:07 INFO [dmp] 10000/49410 top1=0.536 top5=0.924 ed=0.627 rr=0.698 (492s)
2026-09-16 05:52:10 INFO [dmp] 10500/49410 top1=0.539 top5=0.926 ed=0.622 rr=0.701 (496s)
2026-09-16 05:52:13 INFO [dmp] 11000/49410 top1=0.543 top5=0.928 ed=0.615 rr=0.704 (499s)
2026-09-16 05:52:17 INFO [dmp] 11500/49410 top1=0.546 top5=0.929 ed=0.610 rr=0.707 (503s)
2026-09-16 05:52:20 INFO [dmp] 12000/49410 top1=0.548 top5=0.931 ed=0.603 rr=0.709 (506s)
2026-09-16 05:52:24 INFO [dmp] 12500/49410 top1=0.551 top5=0.932 ed=0.599 rr=0.711 (510s)
2026-09-16 05:52:27 INFO [dmp] 13000/49410 top1=0.552 top5=0.933 ed=0.595 rr=0.712 (513s)
2026-09-16 05:52:31 INFO [dmp] 13500/49410 top1=0.556 top5=0.934 ed=0.589 rr=0.715 (516s)
2026-09-16 05:52:34 INFO [dmp] 14000/49410 top1=0.558 top5=0.934 ed=0.586 rr=0.717 (520s)
2026-09-16 05:52:37 INFO [dmp] 14500/49410 top1=0.556 top5=0.934 ed=0.590 rr=0.715 (523s)
2026-09-16 05:52:41 INFO [dmp] 15000/49410 top1=0.555 top5=0.933 ed=0.592 rr=0.714 (527s)
2026-09-16 05:52:44 INFO [dmp] 15500/49410 top1=0.555 top5=0.933 ed=0.591 rr=0.715 (530s)
2026-09-16 05:52:48 INFO [dmp] 16000/49410 top1=0.556 top5=0.932 ed=0.593 rr=0.714 (534s)
2026-09-16 05:52:51 INFO [dmp] 16500/49410 top1=0.552 top5=0.931 ed=0.597 rr=0.712 (537s)
2026-09-16 05:52:54 INFO [dmp] 17000/49410 top1=0.550 top5=0.928 ed=0.601 rr=0.710 (540s)
2026-09-16 05:52:58 INFO [dmp] 17500/49410 top1=0.548 top5=0.927 ed=0.605 rr=0.708 (544s)
2026-09-16 05:53:01 INFO [dmp] 18000/49410 top1=0.546 top5=0.926 ed=0.608 rr=0.706 (547s)
2026-09-16 05:53:05 INFO [dmp] 18500/49410 top1=0.544 top5=0.926 ed=0.611 rr=0.705 (550s)
2026-09-16 05:53:08 INFO [dmp] 19000/49410 top1=0.543 top5=0.925 ed=0.614 rr=0.704 (554s)
2026-09-16 05:53:12 INFO [dmp] 19500/49410 top1=0.541 top5=0.923 ed=0.619 rr=0.702 (557s)
2026-09-16 05:53:15 INFO [dmp] 20000/49410 top1=0.539 top5=0.921 ed=0.623 rr=0.700 (561s)
2026-09-16 05:53:18 INFO [dmp] 20500/49410 top1=0.537 top5=0.917 ed=0.629 rr=0.697 (564s)
2026-09-16 05:53:22 INFO [dmp] 21000/49410 top1=0.537 top5=0.917 ed=0.630 rr=0.697 (568s)
2026-09-16 05:53:25 INFO [dmp] 21500/49410 top1=0.535 top5=0.915 ed=0.634 rr=0.695 (571s)
2026-09-16 05:53:29 INFO [dmp] 22000/49410 top1=0.536 top5=0.916 ed=0.631 rr=0.697 (575s)
2026-09-16 05:53:32 INFO [dmp] 22500/49410 top1=0.537 top5=0.915 ed=0.632 rr=0.697 (578s)
2026-09-16 05:53:35 INFO [dmp] 23000/49410 top1=0.538 top5=0.915 ed=0.631 rr=0.697 (581s)
2026-09-16 05:53:39 INFO [dmp] 23500/49410 top1=0.539 top5=0.915 ed=0.629 rr=0.698 (585s)
2026-09-16 05:53:42 INFO [dmp] 24000/49410 top1=0.541 top5=0.916 ed=0.626 rr=0.699 (588s)
2026-09-16 05:53:45 INFO [dmp] 24500/49410 top1=0.543 top5=0.915 ed=0.626 rr=0.700 (591s)
2026-09-16 05:53:49 INFO [dmp] 25000/49410 top1=0.544 top5=0.914 ed=0.624 rr=0.701 (595s)
2026-09-16 05:53:52 INFO [dmp] 25500/49410 top1=0.548 top5=0.914 ed=0.621 rr=0.702 (598s)
2026-09-16 05:53:56 INFO [dmp] 26000/49410 top1=0.550 top5=0.914 ed=0.618 rr=0.704 (601s)
2026-09-16 05:53:59 INFO [dmp] 26500/49410 top1=0.553 top5=0.915 ed=0.614 rr=0.706 (605s)
2026-09-16 05:54:02 INFO [dmp] 27000/49410 top1=0.552 top5=0.916 ed=0.615 rr=0.705 (608s)
2026-09-16 05:54:06 INFO [dmp] 27500/49410 top1=0.551 top5=0.916 ed=0.615 rr=0.705 (612s)
2026-09-16 05:54:09 INFO [dmp] 28000/49410 top1=0.550 top5=0.916 ed=0.617 rr=0.704 (615s)
2026-09-16 05:54:13 INFO [dmp] 28500/49410 top1=0.550 top5=0.917 ed=0.617 rr=0.704 (619s)
2026-09-16 05:54:16 INFO [dmp] 29000/49410 top1=0.550 top5=0.917 ed=0.615 rr=0.705 (622s)
2026-09-16 05:54:20 INFO [dmp] 29500/49410 top1=0.552 top5=0.918 ed=0.613 rr=0.706 (625s)
2026-09-16 05:54:23 INFO [dmp] 30000/49410 top1=0.554 top5=0.919 ed=0.610 rr=0.707 (629s)
2026-09-16 05:54:27 INFO [dmp] 30500/49410 top1=0.555 top5=0.919 ed=0.607 rr=0.709 (633s)
2026-09-16 05:54:30 INFO [dmp] 31000/49410 top1=0.557 top5=0.920 ed=0.605 rr=0.710 (636s)
2026-09-16 05:54:33 INFO [dmp] 31500/49410 top1=0.559 top5=0.921 ed=0.602 rr=0.711 (639s)
2026-09-16 05:54:37 INFO [dmp] 32000/49410 top1=0.558 top5=0.920 ed=0.602 rr=0.711 (643s)
2026-09-16 05:54:40 INFO [dmp] 32500/49410 top1=0.557 top5=0.920 ed=0.604 rr=0.710 (646s)
2026-09-16 05:54:43 INFO [dmp] 33000/49410 top1=0.558 top5=0.921 ed=0.603 rr=0.710 (649s)
2026-09-16 05:54:47 INFO [dmp] 33500/49410 top1=0.557 top5=0.920 ed=0.604 rr=0.710 (653s)
2026-09-16 05:54:50 INFO [dmp] 34000/49410 top1=0.557 top5=0.920 ed=0.603 rr=0.710 (656s)
2026-09-16 05:54:54 INFO [dmp] 34500/49410 top1=0.557 top5=0.921 ed=0.603 rr=0.711 (660s)
2026-09-16 05:54:57 INFO [dmp] 35000/49410 top1=0.558 top5=0.921 ed=0.602 rr=0.711 (663s)
2026-09-16 05:55:01 INFO [dmp] 35500/49410 top1=0.558 top5=0.922 ed=0.601 rr=0.711 (667s)
2026-09-16 05:55:04 INFO [dmp] 36000/49410 top1=0.558 top5=0.922 ed=0.601 rr=0.711 (670s)
2026-09-16 05:55:08 INFO [dmp] 36500/49410 top1=0.559 top5=0.922 ed=0.600 rr=0.711 (674s)
2026-09-16 05:55:11 INFO [dmp] 37000/49410 top1=0.559 top5=0.922 ed=0.599 rr=0.712 (677s)
2026-09-16 05:55:15 INFO [dmp] 37500/49410 top1=0.561 top5=0.922 ed=0.597 rr=0.713 (680s)
2026-09-16 05:55:18 INFO [dmp] 38000/49410 top1=0.562 top5=0.922 ed=0.596 rr=0.714 (684s)
2026-09-16 05:55:21 INFO [dmp] 38500/49410 top1=0.559 top5=0.919 ed=0.602 rr=0.711 (687s)
2026-09-16 05:55:25 INFO [dmp] 39000/49410 top1=0.560 top5=0.918 ed=0.603 rr=0.711 (691s)
2026-09-16 05:55:28 INFO [dmp] 39500/49410 top1=0.560 top5=0.918 ed=0.602 rr=0.711 (694s)
2026-09-16 05:55:31 INFO [dmp] 40000/49410 top1=0.561 top5=0.919 ed=0.601 rr=0.712 (697s)
2026-09-16 05:55:35 INFO [dmp] 40500/49410 top1=0.562 top5=0.919 ed=0.599 rr=0.712 (701s)
2026-09-16 05:55:38 INFO [dmp] 41000/49410 top1=0.562 top5=0.920 ed=0.598 rr=0.713 (704s)
2026-09-16 05:55:42 INFO [dmp] 41500/49410 top1=0.563 top5=0.920 ed=0.596 rr=0.713 (708s)
2026-09-16 05:55:45 INFO [dmp] 42000/49410 top1=0.564 top5=0.921 ed=0.595 rr=0.714 (711s)
2026-09-16 05:55:49 INFO [dmp] 42500/49410 top1=0.565 top5=0.921 ed=0.594 rr=0.715 (714s)
2026-09-16 05:55:52 INFO [dmp] 43000/49410 top1=0.565 top5=0.922 ed=0.593 rr=0.715 (718s)
2026-09-16 05:55:55 INFO [dmp] 43500/49410 top1=0.565 top5=0.922 ed=0.593 rr=0.715 (721s)
2026-09-16 05:55:59 INFO [dmp] 44000/49410 top1=0.565 top5=0.922 ed=0.592 rr=0.716 (725s)
2026-09-16 05:56:02 INFO [dmp] 44500/49410 top1=0.565 top5=0.922 ed=0.592 rr=0.715 (728s)
2026-09-16 05:56:06 INFO [dmp] 45000/49410 top1=0.565 top5=0.922 ed=0.593 rr=0.715 (731s)
2026-09-16 05:56:09 INFO [dmp] 45500/49410 top1=0.565 top5=0.922 ed=0.593 rr=0.715 (735s)
2026-09-16 05:56:12 INFO [dmp] 46000/49410 top1=0.565 top5=0.921 ed=0.594 rr=0.715 (738s)
2026-09-16 05:56:16 INFO [dmp] 46500/49410 top1=0.567 top5=0.921 ed=0.592 rr=0.716 (742s)
2026-09-16 05:56:19 INFO [dmp] 47000/49410 top1=0.566 top5=0.921 ed=0.593 rr=0.715 (745s)
2026-09-16 05:56:23 INFO [dmp] 47500/49410 top1=0.566 top5=0.921 ed=0.593 rr=0.716 (749s)
2026-09-16 05:56:26 INFO [dmp] 48000/49410 top1=0.566 top5=0.921 ed=0.593 rr=0.715 (752s)
2026-09-16 05:56:30 INFO [dmp] 48500/49410 top1=0.566 top5=0.921 ed=0.594 rr=0.715 (756s)
2026-09-16 05:56:33 INFO [dmp] 49000/49410 top1=0.566 top5=0.921 ed=0.594 rr=0.715 (759s)
2026-09-16 05:56:37 INFO RESULT powergrid dmp: top1=0.5664 top3=0.8389 top5=0.9209 ed=0.5934 rr=0.7154 css=1.78 fit=0.0s infer=0.01542s/inst
2026-09-16 05:56:37 INFO === method sme ===
2026-09-16 05:58:11 INFO [sme] 500/49410 top1=0.418 top5=0.814 ed=0.962 rr=0.587 (94s)
2026-09-16 05:58:14 INFO [sme] 1000/49410 top1=0.431 top5=0.847 ed=0.910 rr=0.605 (97s)
2026-09-16 05:58:18 INFO [sme] 1500/49410 top1=0.424 top5=0.835 ed=0.948 rr=0.597 (100s)
2026-09-16 05:58:21 INFO [sme] 2000/49410 top1=0.420 top5=0.835 ed=0.953 rr=0.595 (104s)
2026-09-16 05:58:24 INFO [sme] 2500/49410 top1=0.414 top5=0.834 ed=0.968 rr=0.591 (107s)
2026-09-16 05:58:28 INFO [sme] 3000/49410 top1=0.422 top5=0.840 ed=0.954 rr=0.598 (111s)
2026-09-16 05:58:31 INFO [sme] 3500/49410 top1=0.428 top5=0.841 ed=0.948 rr=0.602 (114s)
2026-09-16 05:58:35 INFO [sme] 4000/49410 top1=0.428 top5=0.842 ed=0.948 rr=0.602 (118s)
2026-09-16 05:58:38 INFO [sme] 4500/49410 top1=0.436 top5=0.842 ed=0.943 rr=0.608 (121s)
2026-09-16 05:58:41 INFO [sme] 5000/49410 top1=0.441 top5=0.851 ed=0.928 rr=0.613 (124s)
2026-09-16 05:58:45 INFO [sme] 5500/49410 top1=0.443 top5=0.857 ed=0.927 rr=0.616 (128s)
2026-09-16 05:58:48 INFO [sme] 6000/49410 top1=0.447 top5=0.862 ed=0.917 rr=0.620 (131s)
2026-09-16 05:58:52 INFO [sme] 6500/49410 top1=0.449 top5=0.865 ed=0.908 rr=0.623 (135s)
2026-09-16 05:58:55 INFO [sme] 7000/49410 top1=0.453 top5=0.865 ed=0.904 rr=0.625 (138s)
2026-09-16 05:58:58 INFO [sme] 7500/49410 top1=0.459 top5=0.867 ed=0.897 rr=0.629 (141s)
2026-09-16 05:59:02 INFO [sme] 8000/49410 top1=0.463 top5=0.871 ed=0.890 rr=0.633 (145s)
2026-09-16 05:59:05 INFO [sme] 8500/49410 top1=0.466 top5=0.872 ed=0.884 rr=0.636 (148s)
2026-09-16 05:59:08 INFO [sme] 9000/49410 top1=0.470 top5=0.874 ed=0.878 rr=0.639 (151s)
2026-09-16 05:59:12 INFO [sme] 9500/49410 top1=0.473 top5=0.877 ed=0.871 rr=0.642 (155s)
2026-09-16 05:59:15 INFO [sme] 10000/49410 top1=0.477 top5=0.880 ed=0.861 rr=0.646 (158s)
2026-09-16 05:59:18 INFO [sme] 10500/49410 top1=0.480 top5=0.884 ed=0.852 rr=0.649 (161s)
2026-09-16 05:59:22 INFO [sme] 11000/49410 top1=0.485 top5=0.887 ed=0.841 rr=0.653 (165s)
2026-09-16 05:59:25 INFO [sme] 11500/49410 top1=0.488 top5=0.890 ed=0.832 rr=0.656 (168s)
2026-09-16 05:59:28 INFO [sme] 12000/49410 top1=0.489 top5=0.893 ed=0.826 rr=0.658 (171s)
2026-09-16 05:59:32 INFO [sme] 12500/49410 top1=0.493 top5=0.896 ed=0.817 rr=0.661 (175s)
2026-09-16 05:59:35 INFO [sme] 13000/49410 top1=0.495 top5=0.898 ed=0.812 rr=0.663 (178s)
2026-09-16 05:59:38 INFO [sme] 13500/49410 top1=0.500 top5=0.900 ed=0.803 rr=0.667 (181s)
2026-09-16 05:59:42 INFO [sme] 14000/49410 top1=0.501 top5=0.901 ed=0.799 rr=0.668 (185s)
2026-09-16 05:59:45 INFO [sme] 14500/49410 top1=0.498 top5=0.901 ed=0.802 rr=0.666 (188s)
2026-09-16 05:59:49 INFO [sme] 15000/49410 top1=0.498 top5=0.901 ed=0.804 rr=0.666 (192s)
2026-09-16 05:59:52 INFO [sme] 15500/49410 top1=0.499 top5=0.901 ed=0.802 rr=0.666 (195s)
2026-09-16 05:59:55 INFO [sme] 16000/49410 top1=0.499 top5=0.899 ed=0.804 rr=0.666 (198s)
2026-09-16 05:59:59 INFO [sme] 16500/49410 top1=0.495 top5=0.897 ed=0.813 rr=0.663 (202s)
2026-09-16 06:00:02 INFO [sme] 17000/49410 top1=0.494 top5=0.893 ed=0.819 rr=0.660 (205s)
2026-09-16 06:00:06 INFO [sme] 17500/49410 top1=0.491 top5=0.890 ed=0.824 rr=0.658 (209s)
2026-09-16 06:00:09 INFO [sme] 18000/49410 top1=0.490 top5=0.889 ed=0.827 rr=0.657 (212s)
2026-09-16 06:00:12 INFO [sme] 18500/49410 top1=0.489 top5=0.888 ed=0.831 rr=0.656 (215s)
2026-09-16 06:00:16 INFO [sme] 19000/49410 top1=0.489 top5=0.886 ed=0.832 rr=0.655 (219s)
2026-09-16 06:00:19 INFO [sme] 19500/49410 top1=0.487 top5=0.884 ed=0.837 rr=0.653 (222s)
2026-09-16 06:00:23 INFO [sme] 20000/49410 top1=0.486 top5=0.882 ed=0.843 rr=0.651 (226s)
2026-09-16 06:00:26 INFO [sme] 20500/49410 top1=0.484 top5=0.878 ed=0.850 rr=0.649 (229s)
2026-09-16 06:00:30 INFO [sme] 21000/49410 top1=0.484 top5=0.877 ed=0.850 rr=0.649 (233s)
2026-09-16 06:00:33 INFO [sme] 21500/49410 top1=0.482 top5=0.875 ed=0.856 rr=0.647 (236s)
2026-09-16 06:00:37 INFO [sme] 22000/49410 top1=0.485 top5=0.876 ed=0.851 rr=0.649 (240s)
2026-09-16 06:00:40 INFO [sme] 22500/49410 top1=0.486 top5=0.876 ed=0.849 rr=0.650 (243s)
2026-09-16 06:00:43 INFO [sme] 23000/49410 top1=0.487 top5=0.876 ed=0.848 rr=0.650 (246s)
2026-09-16 06:00:47 INFO [sme] 23500/49410 top1=0.487 top5=0.876 ed=0.846 rr=0.650 (250s)
2026-09-16 06:00:50 INFO [sme] 24000/49410 top1=0.489 top5=0.877 ed=0.841 rr=0.652 (253s)
2026-09-16 06:00:53 INFO [sme] 24500/49410 top1=0.491 top5=0.877 ed=0.839 rr=0.653 (256s)
2026-09-16 06:00:57 INFO [sme] 25000/49410 top1=0.492 top5=0.877 ed=0.837 rr=0.654 (260s)
2026-09-16 06:01:00 INFO [sme] 25500/49410 top1=0.495 top5=0.877 ed=0.832 rr=0.656 (263s)
2026-09-16 06:01:03 INFO [sme] 26000/49410 top1=0.496 top5=0.878 ed=0.829 rr=0.657 (266s)
2026-09-16 06:01:07 INFO [sme] 26500/49410 top1=0.498 top5=0.879 ed=0.826 rr=0.658 (270s)
2026-09-16 06:01:11 INFO [sme] 27000/49410 top1=0.497 top5=0.879 ed=0.828 rr=0.658 (274s)
2026-09-16 06:01:14 INFO [sme] 27500/49410 top1=0.496 top5=0.879 ed=0.831 rr=0.657 (277s)
2026-09-16 06:01:17 INFO [sme] 28000/49410 top1=0.494 top5=0.879 ed=0.833 rr=0.656 (280s)
2026-09-16 06:01:21 INFO [sme] 28500/49410 top1=0.495 top5=0.879 ed=0.831 rr=0.657 (284s)
2026-09-16 06:01:24 INFO [sme] 29000/49410 top1=0.496 top5=0.880 ed=0.828 rr=0.658 (287s)
2026-09-16 06:01:27 INFO [sme] 29500/49410 top1=0.498 top5=0.882 ed=0.824 rr=0.659 (290s)
2026-09-16 06:01:31 INFO [sme] 30000/49410 top1=0.500 top5=0.883 ed=0.821 rr=0.661 (294s)
2026-09-16 06:01:34 INFO [sme] 30500/49410 top1=0.502 top5=0.884 ed=0.817 rr=0.662 (297s)
2026-09-16 06:01:38 INFO [sme] 31000/49410 top1=0.504 top5=0.886 ed=0.812 rr=0.664 (301s)
2026-09-16 06:01:41 INFO [sme] 31500/49410 top1=0.506 top5=0.887 ed=0.808 rr=0.666 (304s)
2026-09-16 06:01:45 INFO [sme] 32000/49410 top1=0.505 top5=0.886 ed=0.810 rr=0.665 (308s)
2026-09-16 06:01:48 INFO [sme] 32500/49410 top1=0.503 top5=0.885 ed=0.813 rr=0.664 (311s)
2026-09-16 06:01:52 INFO [sme] 33000/49410 top1=0.504 top5=0.886 ed=0.810 rr=0.664 (314s)
2026-09-16 06:01:55 INFO [sme] 33500/49410 top1=0.504 top5=0.886 ed=0.811 rr=0.664 (318s)
2026-09-16 06:01:58 INFO [sme] 34000/49410 top1=0.503 top5=0.886 ed=0.811 rr=0.664 (321s)
2026-09-16 06:02:02 INFO [sme] 34500/49410 top1=0.504 top5=0.886 ed=0.810 rr=0.664 (325s)
2026-09-16 06:02:05 INFO [sme] 35000/49410 top1=0.504 top5=0.886 ed=0.810 rr=0.665 (328s)
2026-09-16 06:02:09 INFO [sme] 35500/49410 top1=0.504 top5=0.887 ed=0.808 rr=0.665 (332s)
2026-09-16 06:02:12 INFO [sme] 36000/49410 top1=0.503 top5=0.887 ed=0.809 rr=0.665 (335s)
2026-09-16 06:02:16 INFO [sme] 36500/49410 top1=0.504 top5=0.887 ed=0.808 rr=0.665 (339s)
2026-09-16 06:02:19 INFO [sme] 37000/49410 top1=0.505 top5=0.887 ed=0.807 rr=0.666 (342s)
2026-09-16 06:02:23 INFO [sme] 37500/49410 top1=0.507 top5=0.888 ed=0.804 rr=0.667 (346s)
2026-09-16 06:02:26 INFO [sme] 38000/49410 top1=0.508 top5=0.888 ed=0.801 rr=0.668 (349s)
2026-09-16 06:02:30 INFO [sme] 38500/49410 top1=0.506 top5=0.884 ed=0.809 rr=0.665 (353s)
2026-09-16 06:02:33 INFO [sme] 39000/49410 top1=0.506 top5=0.882 ed=0.812 rr=0.664 (356s)
2026-09-16 06:02:37 INFO [sme] 39500/49410 top1=0.507 top5=0.882 ed=0.810 rr=0.665 (360s)
2026-09-16 06:02:40 INFO [sme] 40000/49410 top1=0.507 top5=0.883 ed=0.809 rr=0.665 (363s)
2026-09-16 06:02:44 INFO [sme] 40500/49410 top1=0.507 top5=0.884 ed=0.807 rr=0.666 (367s)
2026-09-16 06:02:47 INFO [sme] 41000/49410 top1=0.508 top5=0.885 ed=0.805 rr=0.667 (370s)
2026-09-16 06:02:51 INFO [sme] 41500/49410 top1=0.509 top5=0.886 ed=0.803 rr=0.668 (374s)
2026-09-16 06:02:54 INFO [sme] 42000/49410 top1=0.510 top5=0.886 ed=0.801 rr=0.669 (377s)
2026-09-16 06:02:58 INFO [sme] 42500/49410 top1=0.511 top5=0.887 ed=0.799 rr=0.669 (381s)
2026-09-16 06:03:01 INFO [sme] 43000/49410 top1=0.511 top5=0.888 ed=0.798 rr=0.670 (384s)
2026-09-16 06:03:04 INFO [sme] 43500/49410 top1=0.511 top5=0.888 ed=0.798 rr=0.670 (387s)
2026-09-16 06:03:08 INFO [sme] 44000/49410 top1=0.512 top5=0.889 ed=0.797 rr=0.670 (391s)
2026-09-16 06:03:11 INFO [sme] 44500/49410 top1=0.512 top5=0.889 ed=0.798 rr=0.670 (394s)
2026-09-16 06:03:14 INFO [sme] 45000/49410 top1=0.511 top5=0.888 ed=0.798 rr=0.670 (397s)
2026-09-16 06:03:18 INFO [sme] 45500/49410 top1=0.511 top5=0.888 ed=0.799 rr=0.670 (401s)
2026-09-16 06:03:21 INFO [sme] 46000/49410 top1=0.512 top5=0.888 ed=0.799 rr=0.670 (404s)
2026-09-16 06:03:25 INFO [sme] 46500/49410 top1=0.513 top5=0.888 ed=0.797 rr=0.671 (408s)
2026-09-16 06:03:28 INFO [sme] 47000/49410 top1=0.513 top5=0.888 ed=0.798 rr=0.670 (411s)
2026-09-16 06:03:32 INFO [sme] 47500/49410 top1=0.513 top5=0.889 ed=0.798 rr=0.670 (415s)
2026-09-16 06:03:35 INFO [sme] 48000/49410 top1=0.512 top5=0.888 ed=0.798 rr=0.670 (418s)
2026-09-16 06:03:38 INFO [sme] 48500/49410 top1=0.512 top5=0.888 ed=0.799 rr=0.670 (421s)
2026-09-16 06:03:42 INFO [sme] 49000/49410 top1=0.512 top5=0.888 ed=0.799 rr=0.670 (425s)
2026-09-16 06:03:46 INFO RESULT powergrid sme: top1=0.5126 top3=0.7899 top5=0.8881 ed=0.7986 rr=0.6704 css=3.98 fit=0.2s infer=0.00865s/inst
2026-09-16 06:03:46 INFO === method mcs ===
2026-09-16 06:52:15 INFO [mcs] 500/49410 top1=0.434 top5=0.808 ed=0.922 rr=0.592 (2903s)
2026-09-16 06:52:19 INFO [mcs] 1000/49410 top1=0.449 top5=0.838 ed=0.909 rr=0.613 (2907s)
2026-09-16 06:52:23 INFO [mcs] 1500/49410 top1=0.427 top5=0.813 ed=0.969 rr=0.592 (2910s)
2026-09-16 06:52:26 INFO [mcs] 2000/49410 top1=0.421 top5=0.804 ed=0.987 rr=0.584 (2914s)
2026-09-16 06:52:30 INFO [mcs] 2500/49410 top1=0.411 top5=0.804 ed=1.012 rr=0.577 (2917s)
2026-09-16 06:52:33 INFO [mcs] 3000/49410 top1=0.417 top5=0.810 ed=1.007 rr=0.583 (2921s)
2026-09-16 06:52:37 INFO [mcs] 3500/49410 top1=0.422 top5=0.812 ed=1.003 rr=0.586 (2924s)
2026-09-16 06:52:40 INFO [mcs] 4000/49410 top1=0.423 top5=0.814 ed=0.994 rr=0.589 (2927s)
2026-09-16 06:52:43 INFO [mcs] 4500/49410 top1=0.429 top5=0.814 ed=0.998 rr=0.593 (2931s)
2026-09-16 06:52:47 INFO [mcs] 5000/49410 top1=0.435 top5=0.826 ed=0.977 rr=0.601 (2934s)
2026-09-16 06:52:50 INFO [mcs] 5500/49410 top1=0.441 top5=0.834 ed=0.965 rr=0.607 (2938s)
2026-09-16 06:52:54 INFO [mcs] 6000/49410 top1=0.442 top5=0.836 ed=0.958 rr=0.608 (2941s)
2026-09-16 06:52:57 INFO [mcs] 6500/49410 top1=0.445 top5=0.838 ed=0.949 rr=0.610 (2945s)
2026-09-16 06:53:01 INFO [mcs] 7000/49410 top1=0.450 top5=0.838 ed=0.944 rr=0.613 (2948s)
2026-09-16 06:53:04 INFO [mcs] 7500/49410 top1=0.454 top5=0.841 ed=0.933 rr=0.617 (2952s)
2026-09-16 06:53:08 INFO [mcs] 8000/49410 top1=0.457 top5=0.846 ed=0.928 rr=0.621 (2955s)
2026-09-16 06:53:11 INFO [mcs] 8500/49410 top1=0.461 top5=0.850 ed=0.920 rr=0.625 (2959s)
2026-09-16 06:53:14 INFO [mcs] 9000/49410 top1=0.463 top5=0.853 ed=0.914 rr=0.627 (2962s)
2026-09-16 06:53:18 INFO [mcs] 9500/49410 top1=0.468 top5=0.857 ed=0.902 rr=0.631 (2965s)
2026-09-16 06:53:21 INFO [mcs] 10000/49410 top1=0.472 top5=0.861 ed=0.888 rr=0.636 (2969s)
2026-09-16 06:53:25 INFO [mcs] 10500/49410 top1=0.475 top5=0.866 ed=0.878 rr=0.639 (2972s)
2026-09-16 06:53:28 INFO [mcs] 11000/49410 top1=0.480 top5=0.870 ed=0.865 rr=0.644 (2976s)
2026-09-16 06:53:32 INFO [mcs] 11500/49410 top1=0.484 top5=0.875 ed=0.855 rr=0.647 (2979s)
2026-09-16 06:53:35 INFO [mcs] 12000/49410 top1=0.485 top5=0.879 ed=0.845 rr=0.650 (2983s)
2026-09-16 06:53:39 INFO [mcs] 12500/49410 top1=0.490 top5=0.882 ed=0.836 rr=0.654 (2986s)
2026-09-16 06:53:42 INFO [mcs] 13000/49410 top1=0.493 top5=0.884 ed=0.827 rr=0.657 (2990s)
2026-09-16 06:53:46 INFO [mcs] 13500/49410 top1=0.499 top5=0.888 ed=0.815 rr=0.662 (2993s)
2026-09-16 06:53:49 INFO [mcs] 14000/49410 top1=0.499 top5=0.888 ed=0.814 rr=0.662 (2997s)
2026-09-16 06:53:53 INFO [mcs] 14500/49410 top1=0.496 top5=0.885 ed=0.819 rr=0.660 (3000s)
2026-09-16 06:53:56 INFO [mcs] 15000/49410 top1=0.497 top5=0.886 ed=0.817 rr=0.661 (3004s)
2026-09-16 06:54:00 INFO [mcs] 15500/49410 top1=0.499 top5=0.887 ed=0.815 rr=0.662 (3008s)
2026-09-16 06:54:03 INFO [mcs] 16000/49410 top1=0.501 top5=0.887 ed=0.815 rr=0.663 (3011s)
2026-09-16 06:54:07 INFO [mcs] 16500/49410 top1=0.498 top5=0.883 ed=0.822 rr=0.660 (3014s)
2026-09-16 06:54:10 INFO [mcs] 17000/49410 top1=0.495 top5=0.878 ed=0.832 rr=0.656 (3018s)
2026-09-16 06:54:14 INFO [mcs] 17500/49410 top1=0.492 top5=0.875 ed=0.839 rr=0.654 (3021s)
2026-09-16 06:54:17 INFO [mcs] 18000/49410 top1=0.491 top5=0.873 ed=0.842 rr=0.653 (3025s)
2026-09-16 06:54:21 INFO [mcs] 18500/49410 top1=0.491 top5=0.872 ed=0.844 rr=0.652 (3028s)
2026-09-16 06:54:24 INFO [mcs] 19000/49410 top1=0.490 top5=0.871 ed=0.846 rr=0.651 (3032s)
2026-09-16 06:54:28 INFO [mcs] 19500/49410 top1=0.487 top5=0.868 ed=0.852 rr=0.649 (3035s)
2026-09-16 06:54:31 INFO [mcs] 20000/49410 top1=0.485 top5=0.864 ed=0.861 rr=0.646 (3038s)
2026-09-16 06:54:34 INFO [mcs] 20500/49410 top1=0.484 top5=0.860 ed=0.868 rr=0.644 (3042s)
2026-09-16 06:54:38 INFO [mcs] 21000/49410 top1=0.484 top5=0.860 ed=0.868 rr=0.644 (3045s)
2026-09-16 06:54:41 INFO [mcs] 21500/49410 top1=0.481 top5=0.858 ed=0.875 rr=0.641 (3049s)
2026-09-16 06:54:45 INFO [mcs] 22000/49410 top1=0.484 top5=0.859 ed=0.871 rr=0.643 (3052s)
2026-09-16 06:54:48 INFO [mcs] 22500/49410 top1=0.485 top5=0.859 ed=0.869 rr=0.644 (3056s)
2026-09-16 06:54:52 INFO [mcs] 23000/49410 top1=0.486 top5=0.860 ed=0.866 rr=0.645 (3059s)
2026-09-16 06:54:55 INFO [mcs] 23500/49410 top1=0.487 top5=0.860 ed=0.863 rr=0.645 (3063s)
2026-09-16 06:54:59 INFO [mcs] 24000/49410 top1=0.490 top5=0.861 ed=0.857 rr=0.648 (3066s)
2026-09-16 06:55:02 INFO [mcs] 24500/49410 top1=0.492 top5=0.862 ed=0.855 rr=0.649 (3070s)
2026-09-16 06:55:05 INFO [mcs] 25000/49410 top1=0.494 top5=0.863 ed=0.851 rr=0.651 (3073s)
2026-09-16 06:55:09 INFO [mcs] 25500/49410 top1=0.497 top5=0.864 ed=0.847 rr=0.653 (3077s)
2026-09-16 06:55:13 INFO [mcs] 26000/49410 top1=0.500 top5=0.865 ed=0.841 rr=0.655 (3080s)
2026-09-16 06:55:16 INFO [mcs] 26500/49410 top1=0.502 top5=0.866 ed=0.837 rr=0.657 (3084s)
2026-09-16 06:55:20 INFO [mcs] 27000/49410 top1=0.501 top5=0.866 ed=0.837 rr=0.656 (3087s)
2026-09-16 06:55:23 INFO [mcs] 27500/49410 top1=0.500 top5=0.866 ed=0.840 rr=0.656 (3091s)
2026-09-16 06:55:27 INFO [mcs] 28000/49410 top1=0.499 top5=0.866 ed=0.842 rr=0.655 (3094s)
2026-09-16 06:55:30 INFO [mcs] 28500/49410 top1=0.498 top5=0.866 ed=0.842 rr=0.654 (3098s)
2026-09-16 06:55:34 INFO [mcs] 29000/49410 top1=0.500 top5=0.867 ed=0.839 rr=0.655 (3101s)
2026-09-16 06:55:37 INFO [mcs] 29500/49410 top1=0.502 top5=0.869 ed=0.833 rr=0.657 (3105s)
2026-09-16 06:55:40 INFO [mcs] 30000/49410 top1=0.504 top5=0.870 ed=0.829 rr=0.659 (3108s)
2026-09-16 06:55:44 INFO [mcs] 30500/49410 top1=0.505 top5=0.872 ed=0.825 rr=0.661 (3111s)
2026-09-16 06:55:47 INFO [mcs] 31000/49410 top1=0.508 top5=0.873 ed=0.820 rr=0.663 (3115s)
2026-09-16 06:55:51 INFO [mcs] 31500/49410 top1=0.510 top5=0.875 ed=0.815 rr=0.665 (3118s)
2026-09-16 06:55:54 INFO [mcs] 32000/49410 top1=0.510 top5=0.874 ed=0.817 rr=0.664 (3122s)
2026-09-16 06:55:58 INFO [mcs] 32500/49410 top1=0.509 top5=0.873 ed=0.819 rr=0.664 (3125s)
2026-09-16 06:56:01 INFO [mcs] 33000/49410 top1=0.509 top5=0.873 ed=0.817 rr=0.664 (3129s)
2026-09-16 06:56:05 INFO [mcs] 33500/49410 top1=0.509 top5=0.873 ed=0.817 rr=0.664 (3132s)
2026-09-16 06:56:08 INFO [mcs] 34000/49410 top1=0.509 top5=0.874 ed=0.816 rr=0.664 (3136s)
2026-09-16 06:56:12 INFO [mcs] 34500/49410 top1=0.509 top5=0.874 ed=0.816 rr=0.664 (3139s)
2026-09-16 06:56:15 INFO [mcs] 35000/49410 top1=0.510 top5=0.875 ed=0.814 rr=0.665 (3143s)
2026-09-16 06:56:19 INFO [mcs] 35500/49410 top1=0.510 top5=0.875 ed=0.812 rr=0.665 (3146s)
2026-09-16 06:56:22 INFO [mcs] 36000/49410 top1=0.510 top5=0.875 ed=0.813 rr=0.665 (3150s)
2026-09-16 06:56:25 INFO [mcs] 36500/49410 top1=0.510 top5=0.875 ed=0.813 rr=0.665 (3153s)
2026-09-16 06:56:29 INFO [mcs] 37000/49410 top1=0.511 top5=0.876 ed=0.813 rr=0.666 (3156s)
2026-09-16 06:56:33 INFO [mcs] 37500/49410 top1=0.513 top5=0.877 ed=0.810 rr=0.667 (3160s)
2026-09-16 06:56:36 INFO [mcs] 38000/49410 top1=0.514 top5=0.877 ed=0.807 rr=0.668 (3164s)
2026-09-16 06:56:39 INFO [mcs] 38500/49410 top1=0.512 top5=0.873 ed=0.814 rr=0.665 (3167s)
2026-09-16 06:56:43 INFO [mcs] 39000/49410 top1=0.512 top5=0.873 ed=0.815 rr=0.665 (3170s)
2026-09-16 06:56:46 INFO [mcs] 39500/49410 top1=0.513 top5=0.873 ed=0.814 rr=0.666 (3174s)
2026-09-16 06:56:50 INFO [mcs] 40000/49410 top1=0.513 top5=0.874 ed=0.812 rr=0.667 (3177s)
2026-09-16 06:56:53 INFO [mcs] 40500/49410 top1=0.514 top5=0.876 ed=0.809 rr=0.667 (3181s)
2026-09-16 06:56:57 INFO [mcs] 41000/49410 top1=0.515 top5=0.877 ed=0.807 rr=0.668 (3184s)
2026-09-16 06:57:00 INFO [mcs] 41500/49410 top1=0.515 top5=0.877 ed=0.806 rr=0.669 (3188s)
2026-09-16 06:57:04 INFO [mcs] 42000/49410 top1=0.517 top5=0.878 ed=0.803 rr=0.670 (3191s)
2026-09-16 06:57:07 INFO [mcs] 42500/49410 top1=0.517 top5=0.879 ed=0.801 rr=0.671 (3195s)
2026-09-16 06:57:11 INFO [mcs] 43000/49410 top1=0.518 top5=0.880 ed=0.799 rr=0.671 (3198s)
2026-09-16 06:57:14 INFO [mcs] 43500/49410 top1=0.518 top5=0.880 ed=0.799 rr=0.671 (3202s)
2026-09-16 06:57:18 INFO [mcs] 44000/49410 top1=0.518 top5=0.880 ed=0.799 rr=0.672 (3205s)
2026-09-16 06:57:21 INFO [mcs] 44500/49410 top1=0.518 top5=0.880 ed=0.799 rr=0.671 (3209s)
2026-09-16 06:57:25 INFO [mcs] 45000/49410 top1=0.518 top5=0.880 ed=0.799 rr=0.671 (3212s)
2026-09-16 06:57:28 INFO [mcs] 45500/49410 top1=0.518 top5=0.880 ed=0.800 rr=0.671 (3216s)
2026-09-16 06:57:32 INFO [mcs] 46000/49410 top1=0.518 top5=0.880 ed=0.801 rr=0.671 (3219s)
2026-09-16 06:57:35 INFO [mcs] 46500/49410 top1=0.519 top5=0.880 ed=0.799 rr=0.672 (3223s)
2026-09-16 06:57:38 INFO [mcs] 47000/49410 top1=0.519 top5=0.880 ed=0.800 rr=0.672 (3226s)
2026-09-16 06:57:42 INFO [mcs] 47500/49410 top1=0.519 top5=0.880 ed=0.799 rr=0.672 (3229s)
2026-09-16 06:57:45 INFO [mcs] 48000/49410 top1=0.519 top5=0.880 ed=0.800 rr=0.672 (3233s)
2026-09-16 06:57:49 INFO [mcs] 48500/49410 top1=0.519 top5=0.879 ed=0.801 rr=0.672 (3236s)
2026-09-16 06:57:52 INFO [mcs] 49000/49410 top1=0.519 top5=0.880 ed=0.800 rr=0.672 (3240s)
2026-09-16 06:57:56 INFO RESULT powergrid mcs: top1=0.5194 top3=0.7858 top5=0.8800 ed=0.8000 rr=0.6723 css=1.88 fit=6.9s infer=0.06563s/inst
2026-09-16 06:57:56 INFO === method mlp ===
2026-09-16 07:00:51 INFO [mlp] epoch 1 val_loss=1.2945 val_acc=0.4693 (174s)
2026-09-16 07:29:51 INFO [mlp] epoch 10 val_loss=1.2747 val_acc=0.4693 (1914s)
2026-09-16 08:01:43 INFO [mlp] epoch 20 val_loss=1.2737 val_acc=0.4693 (3826s)
2026-09-16 08:01:43 INFO [mlp] trained 20 epochs, best val_loss=1.2735, 3826s
2026-09-16 08:02:33 INFO [mlp] 500/49410 top1=0.420 top5=0.788 ed=1.064 rr=0.529 (50s)
2026-09-16 08:02:37 INFO [mlp] 1000/49410 top1=0.442 top5=0.821 ed=0.993 rr=0.559 (54s)
2026-09-16 08:02:40 INFO [mlp] 1500/49410 top1=0.435 top5=0.811 ed=1.001 rr=0.553 (57s)
2026-09-16 08:02:44 INFO [mlp] 2000/49410 top1=0.431 top5=0.814 ed=1.024 rr=0.549 (61s)
2026-09-16 08:02:47 INFO [mlp] 2500/49410 top1=0.421 top5=0.809 ed=1.038 rr=0.539 (64s)
2026-09-16 08:02:51 INFO [mlp] 3000/49410 top1=0.434 top5=0.822 ed=1.000 rr=0.550 (68s)
2026-09-16 08:02:54 INFO [mlp] 3500/49410 top1=0.440 top5=0.823 ed=0.995 rr=0.554 (71s)
2026-09-16 08:02:58 INFO [mlp] 4000/49410 top1=0.439 top5=0.825 ed=0.996 rr=0.554 (75s)
2026-09-16 08:03:02 INFO [mlp] 4500/49410 top1=0.443 top5=0.825 ed=0.985 rr=0.558 (79s)
2026-09-16 08:03:05 INFO [mlp] 5000/49410 top1=0.449 top5=0.832 ed=0.972 rr=0.563 (82s)
2026-09-16 08:03:09 INFO [mlp] 5500/49410 top1=0.454 top5=0.837 ed=0.964 rr=0.568 (85s)
2026-09-16 08:03:12 INFO [mlp] 6000/49410 top1=0.456 top5=0.841 ed=0.952 rr=0.571 (89s)
2026-09-16 08:03:16 INFO [mlp] 6500/49410 top1=0.456 top5=0.842 ed=0.946 rr=0.572 (92s)
2026-09-16 08:03:19 INFO [mlp] 7000/49410 top1=0.460 top5=0.845 ed=0.940 rr=0.575 (96s)
2026-09-16 08:03:23 INFO [mlp] 7500/49410 top1=0.464 top5=0.848 ed=0.931 rr=0.578 (99s)
2026-09-16 08:03:26 INFO [mlp] 8000/49410 top1=0.464 top5=0.851 ed=0.929 rr=0.580 (103s)
2026-09-16 08:03:30 INFO [mlp] 8500/49410 top1=0.465 top5=0.854 ed=0.922 rr=0.583 (106s)
2026-09-16 08:03:33 INFO [mlp] 9000/49410 top1=0.467 top5=0.856 ed=0.919 rr=0.584 (110s)
2026-09-16 08:03:36 INFO [mlp] 9500/49410 top1=0.470 top5=0.859 ed=0.908 rr=0.588 (113s)
2026-09-16 08:03:40 INFO [mlp] 10000/49410 top1=0.471 top5=0.862 ed=0.900 rr=0.591 (117s)
2026-09-16 08:03:43 INFO [mlp] 10500/49410 top1=0.473 top5=0.864 ed=0.894 rr=0.593 (120s)
2026-09-16 08:03:47 INFO [mlp] 11000/49410 top1=0.476 top5=0.868 ed=0.886 rr=0.596 (124s)
2026-09-16 08:03:50 INFO [mlp] 11500/49410 top1=0.478 top5=0.871 ed=0.879 rr=0.599 (127s)
2026-09-16 08:03:54 INFO [mlp] 12000/49410 top1=0.479 top5=0.875 ed=0.873 rr=0.602 (131s)
2026-09-16 08:03:57 INFO [mlp] 12500/49410 top1=0.481 top5=0.878 ed=0.868 rr=0.604 (134s)
2026-09-16 08:04:00 INFO [mlp] 13000/49410 top1=0.483 top5=0.880 ed=0.860 rr=0.607 (137s)
2026-09-16 08:04:04 INFO [mlp] 13500/49410 top1=0.486 top5=0.883 ed=0.850 rr=0.610 (141s)
2026-09-16 08:04:07 INFO [mlp] 14000/49410 top1=0.488 top5=0.883 ed=0.846 rr=0.611 (144s)
2026-09-16 08:04:11 INFO [mlp] 14500/49410 top1=0.487 top5=0.882 ed=0.847 rr=0.610 (148s)
2026-09-16 08:04:14 INFO [mlp] 15000/49410 top1=0.487 top5=0.882 ed=0.846 rr=0.609 (151s)
2026-09-16 08:04:18 INFO [mlp] 15500/49410 top1=0.488 top5=0.882 ed=0.846 rr=0.610 (155s)
2026-09-16 08:04:21 INFO [mlp] 16000/49410 top1=0.489 top5=0.883 ed=0.846 rr=0.611 (158s)
2026-09-16 08:04:25 INFO [mlp] 16500/49410 top1=0.487 top5=0.880 ed=0.852 rr=0.608 (162s)
2026-09-16 08:04:28 INFO [mlp] 17000/49410 top1=0.485 top5=0.876 ed=0.859 rr=0.606 (165s)
2026-09-16 08:04:32 INFO [mlp] 17500/49410 top1=0.483 top5=0.873 ed=0.863 rr=0.604 (169s)
2026-09-16 08:04:35 INFO [mlp] 18000/49410 top1=0.481 top5=0.871 ed=0.867 rr=0.602 (172s)
2026-09-16 08:04:39 INFO [mlp] 18500/49410 top1=0.480 top5=0.870 ed=0.869 rr=0.601 (176s)
2026-09-16 08:04:42 INFO [mlp] 19000/49410 top1=0.479 top5=0.869 ed=0.871 rr=0.600 (179s)
2026-09-16 08:04:46 INFO [mlp] 19500/49410 top1=0.477 top5=0.867 ed=0.876 rr=0.598 (183s)
2026-09-16 08:04:49 INFO [mlp] 20000/49410 top1=0.476 top5=0.864 ed=0.880 rr=0.597 (186s)
2026-09-16 08:04:53 INFO [mlp] 20500/49410 top1=0.474 top5=0.859 ed=0.886 rr=0.594 (190s)
2026-09-16 08:04:56 INFO [mlp] 21000/49410 top1=0.475 top5=0.859 ed=0.886 rr=0.595 (193s)
2026-09-16 08:05:00 INFO [mlp] 21500/49410 top1=0.473 top5=0.857 ed=0.891 rr=0.593 (197s)
2026-09-16 08:05:03 INFO [mlp] 22000/49410 top1=0.474 top5=0.858 ed=0.889 rr=0.594 (200s)
2026-09-16 08:05:07 INFO [mlp] 22500/49410 top1=0.474 top5=0.857 ed=0.889 rr=0.594 (204s)
2026-09-16 08:05:10 INFO [mlp] 23000/49410 top1=0.474 top5=0.857 ed=0.889 rr=0.594 (207s)
2026-09-16 08:05:14 INFO [mlp] 23500/49410 top1=0.475 top5=0.858 ed=0.887 rr=0.595 (211s)
2026-09-16 08:05:17 INFO [mlp] 24000/49410 top1=0.477 top5=0.859 ed=0.883 rr=0.597 (214s)
2026-09-16 08:05:21 INFO [mlp] 24500/49410 top1=0.478 top5=0.859 ed=0.881 rr=0.597 (218s)
2026-09-16 08:05:24 INFO [mlp] 25000/49410 top1=0.478 top5=0.859 ed=0.881 rr=0.598 (221s)
2026-09-16 08:05:28 INFO [mlp] 25500/49410 top1=0.480 top5=0.860 ed=0.876 rr=0.600 (225s)
2026-09-16 08:05:32 INFO [mlp] 26000/49410 top1=0.482 top5=0.862 ed=0.873 rr=0.601 (228s)
2026-09-16 08:05:35 INFO [mlp] 26500/49410 top1=0.483 top5=0.863 ed=0.871 rr=0.603 (232s)
2026-09-16 08:05:38 INFO [mlp] 27000/49410 top1=0.483 top5=0.863 ed=0.871 rr=0.602 (235s)
2026-09-16 08:05:42 INFO [mlp] 27500/49410 top1=0.483 top5=0.863 ed=0.872 rr=0.602 (239s)
2026-09-16 08:05:45 INFO [mlp] 28000/49410 top1=0.482 top5=0.863 ed=0.872 rr=0.602 (242s)
2026-09-16 08:05:49 INFO [mlp] 28500/49410 top1=0.482 top5=0.863 ed=0.871 rr=0.602 (246s)
2026-09-16 08:05:52 INFO [mlp] 29000/49410 top1=0.483 top5=0.864 ed=0.868 rr=0.603 (249s)
2026-09-16 08:05:56 INFO [mlp] 29500/49410 top1=0.484 top5=0.866 ed=0.864 rr=0.604 (253s)
2026-09-16 08:05:59 INFO [mlp] 30000/49410 top1=0.485 top5=0.867 ed=0.860 rr=0.606 (256s)
2026-09-16 08:06:03 INFO [mlp] 30500/49410 top1=0.487 top5=0.868 ed=0.858 rr=0.607 (260s)
2026-09-16 08:06:06 INFO [mlp] 31000/49410 top1=0.489 top5=0.870 ed=0.854 rr=0.609 (263s)
2026-09-16 08:06:10 INFO [mlp] 31500/49410 top1=0.490 top5=0.871 ed=0.850 rr=0.610 (267s)
2026-09-16 08:06:13 INFO [mlp] 32000/49410 top1=0.490 top5=0.871 ed=0.852 rr=0.610 (270s)
2026-09-16 08:06:17 INFO [mlp] 32500/49410 top1=0.489 top5=0.870 ed=0.854 rr=0.609 (274s)
2026-09-16 08:06:21 INFO [mlp] 33000/49410 top1=0.490 top5=0.870 ed=0.853 rr=0.609 (277s)
2026-09-16 08:06:24 INFO [mlp] 33500/49410 top1=0.490 top5=0.870 ed=0.852 rr=0.609 (281s)
2026-09-16 08:06:28 INFO [mlp] 34000/49410 top1=0.490 top5=0.871 ed=0.851 rr=0.609 (285s)
2026-09-16 08:06:31 INFO [mlp] 34500/49410 top1=0.490 top5=0.871 ed=0.851 rr=0.609 (288s)
2026-09-16 08:06:35 INFO [mlp] 35000/49410 top1=0.491 top5=0.872 ed=0.850 rr=0.610 (292s)
2026-09-16 08:06:38 INFO [mlp] 35500/49410 top1=0.491 top5=0.872 ed=0.848 rr=0.610 (295s)
2026-09-16 08:06:42 INFO [mlp] 36000/49410 top1=0.491 top5=0.872 ed=0.847 rr=0.610 (299s)
2026-09-16 08:06:45 INFO [mlp] 36500/49410 top1=0.492 top5=0.872 ed=0.846 rr=0.610 (302s)
2026-09-16 08:06:49 INFO [mlp] 37000/49410 top1=0.492 top5=0.872 ed=0.845 rr=0.611 (306s)
2026-09-16 08:06:53 INFO [mlp] 37500/49410 top1=0.494 top5=0.873 ed=0.842 rr=0.613 (310s)
2026-09-16 08:06:56 INFO [mlp] 38000/49410 top1=0.495 top5=0.874 ed=0.841 rr=0.613 (313s)
2026-09-16 08:07:00 INFO [mlp] 38500/49410 top1=0.493 top5=0.870 ed=0.848 rr=0.611 (317s)
2026-09-16 08:07:03 INFO [mlp] 39000/49410 top1=0.493 top5=0.869 ed=0.849 rr=0.610 (320s)
2026-09-16 08:07:07 INFO [mlp] 39500/49410 top1=0.494 top5=0.869 ed=0.848 rr=0.611 (324s)
2026-09-16 08:07:10 INFO [mlp] 40000/49410 top1=0.494 top5=0.870 ed=0.846 rr=0.612 (327s)
2026-09-16 08:07:14 INFO [mlp] 40500/49410 top1=0.495 top5=0.871 ed=0.845 rr=0.612 (331s)
2026-09-16 08:07:17 INFO [mlp] 41000/49410 top1=0.495 top5=0.872 ed=0.842 rr=0.613 (334s)
2026-09-16 08:07:21 INFO [mlp] 41500/49410 top1=0.496 top5=0.873 ed=0.839 rr=0.614 (338s)
2026-09-16 08:07:24 INFO [mlp] 42000/49410 top1=0.497 top5=0.873 ed=0.838 rr=0.615 (341s)
2026-09-16 08:07:28 INFO [mlp] 42500/49410 top1=0.498 top5=0.874 ed=0.836 rr=0.615 (345s)
2026-09-16 08:07:31 INFO [mlp] 43000/49410 top1=0.498 top5=0.875 ed=0.835 rr=0.616 (348s)
2026-09-16 08:07:35 INFO [mlp] 43500/49410 top1=0.498 top5=0.875 ed=0.835 rr=0.616 (352s)
2026-09-16 08:07:38 INFO [mlp] 44000/49410 top1=0.498 top5=0.875 ed=0.835 rr=0.616 (355s)
2026-09-16 08:07:42 INFO [mlp] 44500/49410 top1=0.499 top5=0.875 ed=0.835 rr=0.616 (359s)
2026-09-16 08:07:45 INFO [mlp] 45000/49410 top1=0.498 top5=0.875 ed=0.835 rr=0.616 (362s)
2026-09-16 08:07:49 INFO [mlp] 45500/49410 top1=0.498 top5=0.875 ed=0.836 rr=0.616 (366s)
2026-09-16 08:07:52 INFO [mlp] 46000/49410 top1=0.498 top5=0.875 ed=0.836 rr=0.616 (369s)
2026-09-16 08:07:56 INFO [mlp] 46500/49410 top1=0.499 top5=0.875 ed=0.835 rr=0.617 (373s)
2026-09-16 08:07:59 INFO [mlp] 47000/49410 top1=0.499 top5=0.874 ed=0.836 rr=0.616 (376s)
2026-09-16 08:08:03 INFO [mlp] 47500/49410 top1=0.499 top5=0.875 ed=0.835 rr=0.617 (380s)
2026-09-16 08:08:07 INFO [mlp] 48000/49410 top1=0.499 top5=0.875 ed=0.835 rr=0.616 (383s)
2026-09-16 08:08:10 INFO [mlp] 48500/49410 top1=0.499 top5=0.874 ed=0.836 rr=0.616 (387s)
2026-09-16 08:08:14 INFO [mlp] 49000/49410 top1=0.499 top5=0.874 ed=0.835 rr=0.616 (391s)
2026-09-16 08:08:17 INFO RESULT powergrid mlp: top1=0.4987 top3=0.7769 top5=0.8744 ed=0.8353 rr=0.6164 css=5.24 fit=3827.1s infer=0.00797s/inst
2026-09-16 08:08:17 INFO === method gcn ===
2026-09-16 08:12:25 INFO [gcn] epoch 1 val_loss=1.8273 val_acc=0.3851 (248s)
2026-09-16 08:49:14 INFO [gcn] epoch 10 val_loss=1.6775 val_acc=0.4177 (2457s)
2026-09-16 09:32:32 INFO [gcn] epoch 20 val_loss=1.6490 val_acc=0.4225 (5055s)
2026-09-16 10:12:44 INFO [gcn] epoch 30 val_loss=1.5880 val_acc=0.4486 (7467s)
2026-09-16 10:53:39 INFO [gcn] epoch 40 val_loss=1.5250 val_acc=0.4627 (9922s)
2026-09-16 11:33:35 INFO [gcn] epoch 50 val_loss=1.4898 val_acc=0.4805 (12317s)
2026-09-16 12:15:03 INFO [gcn] epoch 60 val_loss=1.4848 val_acc=0.4842 (14805s)
2026-09-16 12:28:16 INFO [gcn] trained 62 epochs, best val_loss=1.4756, 15598s
2026-09-16 12:31:35 INFO [gcn] 500/49410 top1=0.462 top5=0.876 ed=0.750 rr=0.632 (200s)
2026-09-16 12:31:39 INFO [gcn] 1000/49410 top1=0.484 top5=0.899 ed=0.736 rr=0.656 (203s)
2026-09-16 12:31:42 INFO [gcn] 1500/49410 top1=0.487 top5=0.897 ed=0.751 rr=0.657 (207s)
2026-09-16 12:31:46 INFO [gcn] 2000/49410 top1=0.479 top5=0.889 ed=0.777 rr=0.650 (210s)
2026-09-16 12:31:50 INFO [gcn] 2500/49410 top1=0.467 top5=0.886 ed=0.805 rr=0.640 (214s)
2026-09-16 12:31:53 INFO [gcn] 3000/49410 top1=0.477 top5=0.888 ed=0.784 rr=0.648 (218s)
2026-09-16 12:31:57 INFO [gcn] 3500/49410 top1=0.481 top5=0.889 ed=0.776 rr=0.651 (221s)
2026-09-16 12:32:00 INFO [gcn] 4000/49410 top1=0.484 top5=0.891 ed=0.767 rr=0.654 (225s)
2026-09-16 12:32:04 INFO [gcn] 4500/49410 top1=0.490 top5=0.896 ed=0.764 rr=0.659 (228s)
2026-09-16 12:32:07 INFO [gcn] 5000/49410 top1=0.498 top5=0.901 ed=0.744 rr=0.666 (232s)
2026-09-16 12:32:11 INFO [gcn] 5500/49410 top1=0.501 top5=0.904 ed=0.737 rr=0.668 (235s)
2026-09-16 12:32:14 INFO [gcn] 6000/49410 top1=0.502 top5=0.907 ed=0.731 rr=0.670 (239s)
2026-09-16 12:32:18 INFO [gcn] 6500/49410 top1=0.504 top5=0.909 ed=0.723 rr=0.672 (243s)
2026-09-16 12:32:22 INFO [gcn] 7000/49410 top1=0.505 top5=0.910 ed=0.722 rr=0.673 (246s)
2026-09-16 12:32:25 INFO [gcn] 7500/49410 top1=0.507 top5=0.911 ed=0.716 rr=0.675 (250s)
2026-09-16 12:32:29 INFO [gcn] 8000/49410 top1=0.511 top5=0.914 ed=0.709 rr=0.678 (253s)
2026-09-16 12:32:32 INFO [gcn] 8500/49410 top1=0.514 top5=0.917 ed=0.705 rr=0.681 (257s)
2026-09-16 12:32:36 INFO [gcn] 9000/49410 top1=0.515 top5=0.919 ed=0.701 rr=0.683 (260s)
2026-09-16 12:32:39 INFO [gcn] 9500/49410 top1=0.517 top5=0.921 ed=0.694 rr=0.685 (264s)
2026-09-16 12:32:42 INFO [gcn] 10000/49410 top1=0.520 top5=0.924 ed=0.685 rr=0.688 (267s)
2026-09-16 12:32:46 INFO [gcn] 10500/49410 top1=0.524 top5=0.926 ed=0.676 rr=0.691 (270s)
2026-09-16 12:32:50 INFO [gcn] 11000/49410 top1=0.528 top5=0.929 ed=0.667 rr=0.695 (274s)
2026-09-16 12:32:54 INFO [gcn] 11500/49410 top1=0.532 top5=0.931 ed=0.659 rr=0.698 (278s)
2026-09-16 12:32:57 INFO [gcn] 12000/49410 top1=0.535 top5=0.933 ed=0.651 rr=0.701 (282s)
2026-09-16 12:33:01 INFO [gcn] 12500/49410 top1=0.535 top5=0.935 ed=0.648 rr=0.702 (285s)
2026-09-16 12:33:04 INFO [gcn] 13000/49410 top1=0.536 top5=0.937 ed=0.642 rr=0.703 (288s)
2026-09-16 12:33:08 INFO [gcn] 13500/49410 top1=0.540 top5=0.939 ed=0.634 rr=0.706 (292s)
2026-09-16 12:33:11 INFO [gcn] 14000/49410 top1=0.543 top5=0.940 ed=0.630 rr=0.709 (295s)
2026-09-16 12:33:15 INFO [gcn] 14500/49410 top1=0.541 top5=0.939 ed=0.633 rr=0.707 (299s)
2026-09-16 12:33:18 INFO [gcn] 15000/49410 top1=0.540 top5=0.939 ed=0.634 rr=0.707 (303s)
2026-09-16 12:33:22 INFO [gcn] 15500/49410 top1=0.540 top5=0.938 ed=0.633 rr=0.706 (306s)
2026-09-16 12:33:25 INFO [gcn] 16000/49410 top1=0.539 top5=0.938 ed=0.634 rr=0.705 (310s)
2026-09-16 12:33:29 INFO [gcn] 16500/49410 top1=0.537 top5=0.936 ed=0.639 rr=0.703 (313s)
2026-09-16 12:33:32 INFO [gcn] 17000/49410 top1=0.534 top5=0.932 ed=0.646 rr=0.701 (317s)
2026-09-16 12:33:36 INFO [gcn] 17500/49410 top1=0.533 top5=0.931 ed=0.650 rr=0.699 (320s)
2026-09-16 12:33:40 INFO [gcn] 18000/49410 top1=0.532 top5=0.930 ed=0.654 rr=0.698 (324s)
2026-09-16 12:33:43 INFO [gcn] 18500/49410 top1=0.531 top5=0.929 ed=0.657 rr=0.697 (328s)
2026-09-16 12:33:47 INFO [gcn] 19000/49410 top1=0.530 top5=0.928 ed=0.659 rr=0.696 (331s)
2026-09-16 12:33:50 INFO [gcn] 19500/49410 top1=0.528 top5=0.926 ed=0.662 rr=0.694 (335s)
2026-09-16 12:33:54 INFO [gcn] 20000/49410 top1=0.526 top5=0.924 ed=0.666 rr=0.692 (339s)
2026-09-16 12:33:58 INFO [gcn] 20500/49410 top1=0.523 top5=0.921 ed=0.670 rr=0.689 (342s)
2026-09-16 12:34:01 INFO [gcn] 21000/49410 top1=0.523 top5=0.921 ed=0.670 rr=0.689 (346s)
2026-09-16 12:34:05 INFO [gcn] 21500/49410 top1=0.521 top5=0.919 ed=0.675 rr=0.687 (349s)
2026-09-16 12:34:08 INFO [gcn] 22000/49410 top1=0.523 top5=0.919 ed=0.671 rr=0.689 (352s)
2026-09-16 12:34:11 INFO [gcn] 22500/49410 top1=0.523 top5=0.919 ed=0.670 rr=0.689 (356s)
2026-09-16 12:34:15 INFO [gcn] 23000/49410 top1=0.523 top5=0.920 ed=0.669 rr=0.688 (359s)
2026-09-16 12:34:19 INFO [gcn] 23500/49410 top1=0.524 top5=0.920 ed=0.667 rr=0.689 (363s)
2026-09-16 12:34:22 INFO [gcn] 24000/49410 top1=0.526 top5=0.921 ed=0.663 rr=0.691 (367s)
2026-09-16 12:34:26 INFO [gcn] 24500/49410 top1=0.526 top5=0.920 ed=0.660 rr=0.691 (370s)
2026-09-16 12:34:29 INFO [gcn] 25000/49410 top1=0.527 top5=0.920 ed=0.658 rr=0.691 (374s)
2026-09-16 12:34:33 INFO [gcn] 25500/49410 top1=0.530 top5=0.921 ed=0.655 rr=0.693 (377s)
2026-09-16 12:34:37 INFO [gcn] 26000/49410 top1=0.531 top5=0.921 ed=0.652 rr=0.694 (381s)
2026-09-16 12:34:40 INFO [gcn] 26500/49410 top1=0.533 top5=0.922 ed=0.649 rr=0.695 (385s)
2026-09-16 12:34:44 INFO [gcn] 27000/49410 top1=0.533 top5=0.922 ed=0.650 rr=0.695 (388s)
2026-09-16 12:34:47 INFO [gcn] 27500/49410 top1=0.532 top5=0.922 ed=0.651 rr=0.694 (392s)
2026-09-16 12:34:51 INFO [gcn] 28000/49410 top1=0.531 top5=0.922 ed=0.653 rr=0.694 (395s)
2026-09-16 12:34:54 INFO [gcn] 28500/49410 top1=0.531 top5=0.922 ed=0.653 rr=0.693 (399s)
2026-09-16 12:34:58 INFO [gcn] 29000/49410 top1=0.532 top5=0.922 ed=0.650 rr=0.694 (402s)
2026-09-16 12:35:01 INFO [gcn] 29500/49410 top1=0.533 top5=0.923 ed=0.647 rr=0.696 (406s)
2026-09-16 12:35:05 INFO [gcn] 30000/49410 top1=0.535 top5=0.924 ed=0.644 rr=0.697 (409s)
2026-09-16 12:35:08 INFO [gcn] 30500/49410 top1=0.536 top5=0.925 ed=0.641 rr=0.698 (413s)
2026-09-16 12:35:12 INFO [gcn] 31000/49410 top1=0.538 top5=0.926 ed=0.638 rr=0.700 (417s)
2026-09-16 12:35:16 INFO [gcn] 31500/49410 top1=0.540 top5=0.927 ed=0.634 rr=0.701 (420s)
2026-09-16 12:35:19 INFO [gcn] 32000/49410 top1=0.539 top5=0.927 ed=0.635 rr=0.701 (424s)
2026-09-16 12:35:23 INFO [gcn] 32500/49410 top1=0.539 top5=0.926 ed=0.637 rr=0.700 (427s)
2026-09-16 12:35:26 INFO [gcn] 33000/49410 top1=0.539 top5=0.927 ed=0.635 rr=0.701 (431s)
2026-09-16 12:35:30 INFO [gcn] 33500/49410 top1=0.539 top5=0.927 ed=0.636 rr=0.700 (434s)
2026-09-16 12:35:33 INFO [gcn] 34000/49410 top1=0.538 top5=0.927 ed=0.636 rr=0.700 (438s)
2026-09-16 12:35:37 INFO [gcn] 34500/49410 top1=0.538 top5=0.927 ed=0.636 rr=0.700 (441s)
2026-09-16 12:35:40 INFO [gcn] 35000/49410 top1=0.539 top5=0.928 ed=0.635 rr=0.701 (445s)
2026-09-16 12:35:44 INFO [gcn] 35500/49410 top1=0.539 top5=0.928 ed=0.635 rr=0.701 (448s)
2026-09-16 12:35:47 INFO [gcn] 36000/49410 top1=0.538 top5=0.928 ed=0.635 rr=0.700 (452s)
2026-09-16 12:35:51 INFO [gcn] 36500/49410 top1=0.539 top5=0.928 ed=0.633 rr=0.701 (456s)
2026-09-16 12:35:55 INFO [gcn] 37000/49410 top1=0.540 top5=0.929 ed=0.632 rr=0.702 (459s)
2026-09-16 12:35:58 INFO [gcn] 37500/49410 top1=0.541 top5=0.929 ed=0.630 rr=0.703 (463s)
2026-09-16 12:36:02 INFO [gcn] 38000/49410 top1=0.542 top5=0.930 ed=0.628 rr=0.704 (466s)
2026-09-16 12:36:05 INFO [gcn] 38500/49410 top1=0.540 top5=0.926 ed=0.632 rr=0.701 (470s)
2026-09-16 12:36:09 INFO [gcn] 39000/49410 top1=0.540 top5=0.924 ed=0.634 rr=0.700 (474s)
2026-09-16 12:36:13 INFO [gcn] 39500/49410 top1=0.540 top5=0.924 ed=0.633 rr=0.701 (477s)
2026-09-16 12:36:16 INFO [gcn] 40000/49410 top1=0.541 top5=0.925 ed=0.632 rr=0.701 (481s)
2026-09-16 12:36:20 INFO [gcn] 40500/49410 top1=0.541 top5=0.925 ed=0.631 rr=0.702 (484s)
2026-09-16 12:36:24 INFO [gcn] 41000/49410 top1=0.542 top5=0.926 ed=0.630 rr=0.702 (488s)
2026-09-16 12:36:28 INFO [gcn] 41500/49410 top1=0.543 top5=0.927 ed=0.628 rr=0.703 (492s)
2026-09-16 12:36:31 INFO [gcn] 42000/49410 top1=0.544 top5=0.927 ed=0.627 rr=0.704 (496s)
2026-09-16 12:36:35 INFO [gcn] 42500/49410 top1=0.544 top5=0.928 ed=0.626 rr=0.704 (500s)
2026-09-16 12:36:39 INFO [gcn] 43000/49410 top1=0.545 top5=0.928 ed=0.624 rr=0.705 (503s)
2026-09-16 12:36:43 INFO [gcn] 43500/49410 top1=0.545 top5=0.928 ed=0.625 rr=0.705 (507s)
2026-09-16 12:36:46 INFO [gcn] 44000/49410 top1=0.545 top5=0.929 ed=0.624 rr=0.705 (511s)
2026-09-16 12:36:50 INFO [gcn] 44500/49410 top1=0.545 top5=0.929 ed=0.625 rr=0.705 (514s)
2026-09-16 12:36:54 INFO [gcn] 45000/49410 top1=0.545 top5=0.929 ed=0.625 rr=0.705 (518s)
2026-09-16 12:36:57 INFO [gcn] 45500/49410 top1=0.545 top5=0.929 ed=0.625 rr=0.705 (522s)
2026-09-16 12:37:01 INFO [gcn] 46000/49410 top1=0.545 top5=0.929 ed=0.625 rr=0.705 (525s)
2026-09-16 12:37:05 INFO [gcn] 46500/49410 top1=0.547 top5=0.929 ed=0.624 rr=0.706 (529s)
2026-09-16 12:37:08 INFO [gcn] 47000/49410 top1=0.546 top5=0.929 ed=0.625 rr=0.705 (533s)
2026-09-16 12:37:12 INFO [gcn] 47500/49410 top1=0.546 top5=0.929 ed=0.624 rr=0.706 (536s)
2026-09-16 12:37:15 INFO [gcn] 48000/49410 top1=0.546 top5=0.929 ed=0.624 rr=0.706 (540s)
2026-09-16 12:37:19 INFO [gcn] 48500/49410 top1=0.546 top5=0.929 ed=0.625 rr=0.705 (543s)
2026-09-16 12:37:23 INFO [gcn] 49000/49410 top1=0.546 top5=0.929 ed=0.625 rr=0.705 (547s)
2026-09-16 12:37:26 INFO RESULT powergrid gcn: top1=0.5462 top3=0.8422 top5=0.9288 ed=0.6246 rr=0.7056 css=3.97 fit=15598.5s infer=0.01113s/inst
2026-09-16 12:37:26 INFO === method gcn_skip ===
